,Material,Durchmesser,u_Durchmesser,[Durchmesser],Material_Boden,Bodendicke,u_Bodendicke,[Bodendicke],Abstand,u_Abstand,[Abstand],Frequenz,u_Frequenz,[Frequenz],Bemerkungen,signal,peak_pos,peak_height,peak_fwfm_height,peak_fwfm_left_pos,peak_fwfm_right_pos,peak_fwfm_width
0,Nylon,0.35,0.002405,mm,Laborbuch_Papier,0.01,0.002405,mm,3.065,0.000289,m,283,50,Hz,,Mes,292.50689611667804,0.538754862365934,0.42070525619904864,285.7992562692886,299.71312909014983,13.91387282086123
1,Nylon,0.35,0.002405,mm,Laborbuch_Papier,0.01,0.002405,mm,3.065,0.000289,m,283,50,Hz,,Mes,433.3810652282818,7.8054825832433385,3.911561636986814,395.3310334796451,456.3109574584726,60.979923978827514
2,Nylon,0.35,0.002405,mm,Laborbuch_Papier,0.01,0.002405,mm,3.065,0.000289,m,283,50,Hz,,Mes,599.768490686291,7.208178437429264,4.29431939906555,579.2266876185219,625.9545440010598,46.72785638253799
3,Nylon,0.35,0.002405,mm,Laborbuch_Papier,0.01,0.002405,mm,3.065,0.000289,m,283,50,Hz,,Mes,718.8754550290249,3.4447785809821916,1.8398053926742681,697.9479070558966,737.0677335714099,39.119826515513296
4,Nylon,0.35,0.002405,mm,Laborbuch_Papier,0.01,0.002405,mm,3.065,0.000289,m,283,50,Hz,,Mes,802.8184506544317,0.6711194944522443,0.4260132890291488,775.7131892157149,833.0124169847152,57.299227769000254
5,Nylon,0.35,0.002405,mm,Laborbuch_Papier,0.01,0.002405,mm,3.065,0.000289,m,283,50,Hz,,Mes,945.2321826678368,1.3426914776407426,0.6985284692357248,912.4510402864405,1000.6118727704923,88.16083248405175
6,Nylon,0.35,0.002405,mm,Laborbuch_Papier,0.01,0.002405,mm,3.065,0.000289,m,283,50,Hz,,Mes,984.3664998872415,1.211349140801492,1.0904803182519585,977.203676486383,990.5750613801172,13.371384893734216
7,Nylon,0.35,0.002405,mm,Laborbuch_Papier,0.01,0.002405,mm,3.065,0.000289,m,283,50,Hz,,Mes,1036.2572399625312,0.7883319469439181,0.6064254213980073,1014.1279454319681,1045.8269215591881,31.69897612722002
8,Nylon,0.35,0.002405,mm,Laborbuch_Papier,0.01,0.002405,mm,3.065,0.000289,m,283,50,Hz,,Mes,1094.9415449969417,0.4140053828592522,0.2830508256278114,1081.2425312159123,1103.9269460722758,22.684414856363446
9,Nylon,0.35,0.002405,mm,Laborbuch_Papier,0.01,0.002405,mm,3.065,0.000289,m,283,50,Hz,,Mes,1144.7714432332943,0.49672949822586276,0.31247305619344923,1129.4750680153197,1169.598486400131,40.1234183848112
10,Nylon,0.35,0.002405,mm,Laborbuch_Papier,0.01,0.002405,mm,3.065,0.000289,m,283,50,Hz,,Mes,2121.0035661238176,0.27434578249334557,0.14598548527559213,2096.886446420655,2174.5868667281748,77.70042030751983
11,Nylon,0.35,0.002405,mm,Laborbuch_Papier,0.01,0.002405,mm,3.065,0.000289,m,283,50,Hz,,Mes,8936.805582711433,0.24388769409501,0.14175553287225326,8919.010687267064,8954.980547888978,35.96986062191354
12,Nylon,0.35,0.002405,mm,Laborbuch_Papier,0.01,0.002405,mm,3.065,0.000289,m,283,50,Hz,,Mes,10330.761963790768,0.6549212228442145,0.54692980783979,10308.84267772905,10340.386195058982,31.543517329932
13,Nylon,0.35,0.002405,mm,Laborbuch_Papier,0.01,0.002405,mm,3.065,0.000289,m,283,50,Hz,,Mes,10390.480964131808,0.7374926188816221,0.38703281606560463,10240.48659626655,10426.325488874318,185.83889260776778
14,Nylon,0.35,0.002405,mm,Laborbuch_Papier,0.01,0.002405,mm,3.065,0.000289,m,283,50,Hz,,Ref,401.1755471459454,1.8623008733338418,1.4998695126917196,378.2975999489778,407.72883194543044,29.431231996452652
15,Nylon,0.35,0.002405,mm,Laborbuch_Papier,0.01,0.002405,mm,3.065,0.000289,m,283,50,Hz,,Ref,589.4387246928655,1.557238674100092,1.1863561650092573,527.5042733865345,624.9293345213127,97.42506113477828
16,Nylon,0.35,0.002405,mm,Laborbuch_Papier,0.01,0.002405,mm,3.065,0.000289,m,283,50,Hz,,Ref,705.5217762709914,1.334621652529678,1.1105455744544193,672.372700993594,719.8137788599578,47.4410778663638
17,Nylon,0.35,0.002405,mm,Laborbuch_Papier,0.01,0.002405,mm,3.065,0.000289,m,283,50,Hz,,Ref,839.8774381596402,1.4700849159206093,1.05684615379543,792.493649443791,850.4333449755596,57.93969553176862
18,Nylon,0.35,0.002405,mm,Laborbuch_Papier,0.01,0.002405,mm,3.065,0.000289,m,283,50,Hz,,Ref,919.0967927937028,1.8697942150030398,1.4394657154118737,892.704533241222,928.9989914742706,36.29445823304866
19,Nylon,0.35,0.002405,mm,Laborbuch_Papier,0.01,0.002405,mm,3.065,0.000289,m,283,50,Hz,,Ref,1002.5426766607798,2.195285370366493,1.5330012835261075,984.5142303746833,1012.6111274223084,28.096897047625134
20,Nylon,0.35,0.002405,mm,Laborbuch_Papier,0.01,0.002405,mm,3.065,0.000289,m,283,50,Hz,,Ref,1049.7376566208554,1.543442995565503,1.3288879140846765,1044.3028740502123,1053.152295074869,8.849421024656749
21,Nylon,0.35,0.002405,mm,Laborbuch_Papier,0.01,0.002405,mm,3.065,0.000289,m,283,50,Hz,,Ref,1150.494436280832,1.4201891216302862,1.2047970375779158,1141.2529508066627,1157.6795189086088,16.42656810194603
22,Nylon,0.35,0.002405,mm,Laborbuch_Papier,0.01,0.002405,mm,3.065,0.000289,m,283,50,Hz,,Ref,1187.2367910409594,1.252979938833675,1.078490989886237,1174.4961669355678,1210.0898229476609,35.593656012093106
23,Nylon,0.35,0.002405,mm,Laborbuch_Papier,0.01,0.002405,mm,3.065,0.000289,m,283,50,Hz,,Ref,1261.3200474390933,1.3053060879659246,1.1307511816658713,1242.6958724757653,1270.1548175906723,27.45894511490701
24,Nylon,0.35,0.002405,mm,Laborbuch_Papier,0.01,0.002405,mm,3.065,0.000289,m,283,50,Hz,,Ref,1290.9229257703857,1.1787465999511275,1.0718193684220751,1283.2465951651452,1294.2901410352308,11.043545870085609
25,Nylon,0.35,0.002405,mm,Laborbuch_Papier,0.01,0.002405,mm,3.065,0.000289,m,283,50,Hz,,Ref,1354.92201257117,1.959702598934373,1.5692339146541228,1338.3462132529457,1360.5276755238303,22.181462270884595
26,Nylon,0.35,0.002405,mm,Laborbuch_Papier,0.01,0.002405,mm,3.065,0.000289,m,283,50,Hz,,Ref,1407.5802079470923,1.7904390137651571,1.63948161758782,1405.1883120511811,1410.2203372601134,5.032025208932282
27,Nylon,0.35,0.002405,mm,Laborbuch_Papier,0.01,0.002405,mm,3.065,0.000289,m,283,50,Hz,,Ref,1428.334697948117,2.1758412765319037,1.6197458316732385,1416.627017088602,1447.7899139476708,31.162896859068724
28,Nylon,0.35,0.002405,mm,Laborbuch_Papier,0.01,0.002405,mm,3.065,0.000289,m,283,50,Hz,,Ref,1490.6101375598348,2.789847710927698,2.2730895765628576,1481.233341827274,1499.1692158584844,17.93587403121046
29,Nylon,0.35,0.002405,mm,Laborbuch_Papier,0.01,0.002405,mm,3.065,0.000289,m,283,50,Hz,,Ref,1548.0234616889445,3.914471377730579,2.698058005568093,1540.411915535909,1553.2023772639593,12.790461728050332
30,Nylon,0.35,0.002405,mm,Laborbuch_Papier,0.01,0.002405,mm,3.065,0.000289,m,283,50,Hz,,Ref,1598.6050673817388,3.992097130314038,2.915153943906184,1594.3173155709069,1609.387350191641,15.070034620734077
31,Nylon,0.35,0.002405,mm,Laborbuch_Papier,0.01,0.002405,mm,3.065,0.000289,m,283,50,Hz,,Ref,1625.487743110276,3.1617339605871937,2.707108904108513,1622.2261165745235,1629.2197647323142,6.993648157790631
32,Nylon,0.35,0.002405,mm,Laborbuch_Papier,0.01,0.002405,mm,3.065,0.000289,m,283,50,Hz,,Ref,1669.9998714072487,5.630813579856175,3.129882077204803,1664.4443214216976,1681.6454257307405,17.201104309042876
33,Nylon,0.35,0.002405,mm,Laborbuch_Papier,0.01,0.002405,mm,3.065,0.000289,m,283,50,Hz,,Ref,1746.430231025543,2.6987802367916833,2.0255540410330743,1729.7175066163632,1759.27203828498,29.554531668616846
34,Nylon,0.35,0.002405,mm,Laborbuch_Papier,0.01,0.002405,mm,3.065,0.000289,m,283,50,Hz,,Ref,1753.5072200682905,2.690941123490973,2.585810594400509,1751.888639223996,1754.9652213702777,3.0765821462816803
35,Nylon,0.35,0.002405,mm,Laborbuch_Papier,0.01,0.002405,mm,3.065,0.000289,m,283,50,Hz,,Ref,1796.464868630066,2.5458300946425583,2.2394884340312036,1791.2948633771603,1800.658728390633,9.363865013472832
36,Nylon,0.35,0.002405,mm,Laborbuch_Papier,0.01,0.002405,mm,3.065,0.000289,m,283,50,Hz,,Ref,1814.8557418057867,2.693216652505625,1.930923036544038,1780.6979400769985,1820.6471019660362,39.94916188903767
37,Nylon,0.35,0.002405,mm,Laborbuch_Papier,0.01,0.002405,mm,3.065,0.000289,m,283,50,Hz,,Ref,1850.9787984189443,2.5431060776415975,2.059512450071357,1846.0212371681064,1860.9697009913461,14.948463823239763
38,Nylon,0.35,0.002405,mm,Laborbuch_Papier,0.01,0.002405,mm,3.065,0.000289,m,283,50,Hz,,Ref,1873.968593744111,2.285902440589009,2.097173095793122,1871.518553137993,1876.277444177942,4.758891039949049
39,Nylon,0.35,0.002405,mm,Laborbuch_Papier,0.01,0.002405,mm,3.065,0.000289,m,283,50,Hz,,Ref,1899.4425863495678,2.2684759590138035,1.7759714388146675,1895.9376307593366,1903.408054936124,7.470424176787446
40,Nylon,0.35,0.002405,mm,Laborbuch_Papier,0.01,0.002405,mm,3.065,0.000289,m,283,50,Hz,,Ref,1917.2861056654342,1.801757695878135,1.673332982275849,1914.875214561214,1919.3824310511945,4.507216489980465
41,Nylon,0.35,0.002405,mm,Laborbuch_Papier,0.01,0.002405,mm,3.065,0.000289,m,283,50,Hz,,Ref,1942.190244607162,1.8759989409564255,1.643153457519917,1939.3151842653037,1946.3273363367207,7.012152071416949
42,Nylon,0.35,0.002405,mm,Laborbuch_Papier,0.01,0.002405,mm,3.065,0.000289,m,283,50,Hz,,Ref,1986.350849075678,1.1294424628453426,1.0054423493826974,1984.0134232046842,1988.767551702097,4.754128497412921
43,Nylon,0.35,0.002405,mm,Laborbuch_Papier,0.01,0.002405,mm,3.065,0.000289,m,283,50,Hz,,Ref,1998.7175788884053,1.036697945274709,0.9280208139285435,1995.2981325720307,2001.6421937781195,6.3440612060887815
44,Nylon,0.35,0.002405,mm,Laborbuch_Papier,0.01,0.002405,mm,3.065,0.000289,m,283,50,Hz,,Ref,2036.5559023275646,2.253718828689498,1.387899040411946,2022.0168109477363,2046.83952854937,24.822717601633713
45,Nylon,0.35,0.002405,mm,Laborbuch_Papier,0.01,0.002405,mm,3.065,0.000289,m,283,50,Hz,,Ref,2078.8427508487443,2.325394473651741,2.1366254011230597,2075.893200341676,2081.323932095557,5.430731753880991
46,Nylon,0.35,0.002405,mm,Laborbuch_Papier,0.01,0.002405,mm,3.065,0.000289,m,283,50,Hz,,Ref,2093.4682055896506,3.5139959447125766,2.257576093831216,2087.2506989449416,2098.888381257608,11.637682312666584
47,Nylon,0.35,0.002405,mm,Laborbuch_Papier,0.01,0.002405,mm,3.065,0.000289,m,283,50,Hz,,Ref,2126.4295751339546,1.861968135612047,1.7587063186723624,2124.262412077169,2128.5579970581107,4.29558498094184
48,Nylon,0.35,0.002405,mm,Laborbuch_Papier,0.01,0.002405,mm,3.065,0.000289,m,283,50,Hz,,Ref,2135.3339751149815,1.9605019042539888,1.6677639548151977,2131.3773373750046,2138.17874506477,6.801407689765256
49,Nylon,0.35,0.002405,mm,Laborbuch_Papier,0.01,0.002405,mm,3.065,0.000289,m,283,50,Hz,,Ref,2156.712562095259,3.3456431178755093,2.2277355151748726,2149.827382869911,2165.127186571861,15.299803701949713
50,Nylon,0.35,0.002405,mm,Laborbuch_Papier,0.01,0.002405,mm,3.065,0.000289,m,283,50,Hz,,Ref,2177.936421819766,2.312544204270886,2.0609343851457584,2174.745853997055,2180.7036884670215,5.957834469966656
51,Nylon,0.35,0.002405,mm,Laborbuch_Papier,0.01,0.002405,mm,3.065,0.000289,m,283,50,Hz,,Ref,2201.9348668626712,1.8105048946840885,1.4418186064768892,2197.685688897691,2210.2707733226002,12.585084424909383
52,Nylon,0.35,0.002405,mm,Laborbuch_Papier,0.01,0.002405,mm,3.065,0.000289,m,283,50,Hz,,Ref,2230.210264361201,5.935965824390039,5.435069798404175,2228.580380051751,2232.184877160934,3.60449710918283
53,Nylon,0.35,0.002405,mm,Laborbuch_Papier,0.01,0.002405,mm,3.065,0.000289,m,283,50,Hz,,Ref,2239.04087536429,6.131476204779939,4.538366905746034,2227.277330276538,2242.317142282604,15.039812006065858
54,Nylon,0.35,0.002405,mm,Laborbuch_Papier,0.01,0.002405,mm,3.065,0.000289,m,283,50,Hz,,Ref,2252.348061481063,4.382941864183393,3.81524862608223,2248.5639147290635,2256.781080045218,8.217165316154478
55,Nylon,0.35,0.002405,mm,Laborbuch_Papier,0.01,0.002405,mm,3.065,0.000289,m,283,50,Hz,,Ref,2275.6073108720134,3.8066453663374937,3.6946794417025655,2273.7955084703317,2282.4034591199443,8.607950649612576
56,Nylon,0.35,0.002405,mm,Laborbuch_Papier,0.01,0.002405,mm,3.065,0.000289,m,283,50,Hz,,Ref,2298.761760190314,11.498549680038971,7.0732695444685625,2291.599444186215,2305.4230203954867,13.823576209271778
57,Nylon,0.35,0.002405,mm,Laborbuch_Papier,0.01,0.002405,mm,3.065,0.000289,m,283,50,Hz,,Ref,2337.9222221990294,5.661399813090701,5.172444242666192,2334.802716787879,2341.135976796818,6.333260008938851
58,Nylon,0.35,0.002405,mm,Laborbuch_Papier,0.01,0.002405,mm,3.065,0.000289,m,283,50,Hz,,Ref,2351.0027804198944,12.2925550911312,6.978524431664871,2347.658044276703,2354.361341017849,6.703296741146005
59,Nylon,0.35,0.002405,mm,Laborbuch_Papier,0.01,0.002405,mm,3.065,0.000289,m,283,50,Hz,,Ref,2373.024375348175,5.3326731428534355,4.592967240076424,2368.88252044058,2380.0473546504077,11.164834209827859
60,Nylon,0.35,0.002405,mm,Laborbuch_Papier,0.01,0.002405,mm,3.065,0.000289,m,283,50,Hz,,Ref,2403.432023673743,3.0419914011481737,2.829695724084873,2400.5945630506912,2406.448764299076,5.854201248384925
61,Nylon,0.35,0.002405,mm,Laborbuch_Papier,0.01,0.002405,mm,3.065,0.000289,m,283,50,Hz,,Ref,2423.630834266899,4.834504288589273,3.6453015289268995,2418.4326624714713,2427.7096041383975,9.276941666926177
62,Nylon,0.35,0.002405,mm,Laborbuch_Papier,0.01,0.002405,mm,3.065,0.000289,m,283,50,Hz,,Ref,2435.6628092261535,4.759625722802364,4.036050708517358,2432.590725201029,2439.8463195221125,7.255594321083663
63,Nylon,0.35,0.002405,mm,Laborbuch_Papier,0.01,0.002405,mm,3.065,0.000289,m,283,50,Hz,,Ref,2466.2182300026084,2.854877262334419,2.5382551745278157,2463.0317868156294,2469.0572513362285,6.025464520599144
64,Nylon,0.35,0.002405,mm,Laborbuch_Papier,0.01,0.002405,mm,3.065,0.000289,m,283,50,Hz,,Ref,2493.3260627956965,4.2903087888287255,3.0591629331000094,2487.9496897796453,2513.525856649666,25.576166870020643
65,Nylon,0.35,0.002405,mm,Laborbuch_Papier,0.01,0.002405,mm,3.065,0.000289,m,283,50,Hz,,Ref,2507.8164203006036,4.1673390523736895,3.8763456756202554,2502.0044226687432,2510.867566341769,8.863143673025661
66,Nylon,0.35,0.002405,mm,Laborbuch_Papier,0.01,0.002405,mm,3.065,0.000289,m,283,50,Hz,,Ref,2532.0667094802893,2.4927633741509103,2.3838038181073475,2530.0117776366487,2534.493870953232,4.482093316583359
67,Nylon,0.35,0.002405,mm,Laborbuch_Papier,0.01,0.002405,mm,3.065,0.000289,m,283,50,Hz,,Ref,2576.014289979624,9.65056054035527,6.434951392265845,2570.904735774142,2581.799513575107,10.89477780096513
68,Nylon,0.35,0.002405,mm,Laborbuch_Papier,0.01,0.002405,mm,3.065,0.000289,m,283,50,Hz,,Ref,2600.833974809061,4.417263869164792,3.855079749753406,2597.5735515547008,2604.1385713259438,6.565019771242987
69,Nylon,0.35,0.002405,mm,Laborbuch_Papier,0.01,0.002405,mm,3.065,0.000289,m,283,50,Hz,,Ref,2621.995548289236,4.713916839252105,4.088702185388412,2618.7791321483282,2625.3573381408655,6.578205992537278
70,Nylon,0.35,0.002405,mm,Laborbuch_Papier,0.01,0.002405,mm,3.065,0.000289,m,283,50,Hz,,Ref,2652.22359150962,15.337988505186749,8.591875151705386,2647.207328206679,2656.349743437992,9.142415231312953
71,Nylon,0.35,0.002405,mm,Laborbuch_Papier,0.01,0.002405,mm,3.065,0.000289,m,283,50,Hz,,Ref,2671.838942208394,4.476266776676621,3.6235449521550698,2668.4278999552903,2675.419052727323,6.9911527720328195
72,Nylon,0.35,0.002405,mm,Laborbuch_Papier,0.01,0.002405,mm,3.065,0.000289,m,283,50,Hz,,Ref,2689.8599804780774,4.400096996445635,3.7340938097511502,2685.847126475113,2693.3087826663864,7.461656191273505
73,Nylon,0.35,0.002405,mm,Laborbuch_Papier,0.01,0.002405,mm,3.065,0.000289,m,283,50,Hz,,Ref,2713.6456257390378,6.986211253400624,4.832660571533267,2706.138040245136,2719.5829703510385,13.444930105902586
74,Nylon,0.35,0.002405,mm,Laborbuch_Papier,0.01,0.002405,mm,3.065,0.000289,m,283,50,Hz,,Ref,2757.952358948068,5.831173666072497,4.442869798348294,2749.9412406039132,2764.1355438648766,14.194303260963352
75,Nylon,0.35,0.002405,mm,Laborbuch_Papier,0.01,0.002405,mm,3.065,0.000289,m,283,50,Hz,,Ref,2805.6693582322546,16.23210553187902,10.341044819566044,2799.5763880800737,2811.050793393753,11.474405313679199
76,Nylon,0.35,0.002405,mm,Laborbuch_Papier,0.01,0.002405,mm,3.065,0.000289,m,283,50,Hz,,Ref,2820.769913482556,9.15787531950576,8.659146845579116,2818.046912545378,2822.57222795724,4.525315411862266
77,Nylon,0.35,0.002405,mm,Laborbuch_Papier,0.01,0.002405,mm,3.065,0.000289,m,283,50,Hz,,Ref,2832.385675243457,10.028049893490618,8.415909721905548,2829.7167900475374,2834.937083114105,5.220293066567592
78,Nylon,0.35,0.002405,mm,Laborbuch_Papier,0.01,0.002405,mm,3.065,0.000289,m,283,50,Hz,,Ref,2843.1739308268607,6.579123398901598,6.375099599754164,2841.227267605457,2845.0015072846995,3.774239679242328
79,Nylon,0.35,0.002405,mm,Laborbuch_Papier,0.01,0.002405,mm,3.065,0.000289,m,283,50,Hz,,Ref,2863.6395004537667,12.442424606035662,11.471636345150937,2860.61093199515,2866.450674394017,5.839742398866747
80,Nylon,0.35,0.002405,mm,Laborbuch_Papier,0.01,0.002405,mm,3.065,0.000289,m,283,50,Hz,,Ref,2879.6392598024636,15.644948446641283,11.859164500120311,2873.9385203612737,2883.3979555863575,9.45943522508378
81,Nylon,0.35,0.002405,mm,Laborbuch_Papier,0.01,0.002405,mm,3.065,0.000289,m,283,50,Hz,,Ref,2900.344991877747,29.354143339736435,14.805739613197865,2894.7035051527573,2906.243483093917,11.539977941159577
82,Nylon,0.35,0.002405,mm,Laborbuch_Papier,0.01,0.002405,mm,3.065,0.000289,m,283,50,Hz,,Ref,2954.9680257718946,17.87806848069375,11.300312141897287,2948.0856991535,2964.910919037039,16.82521988353892
83,Nylon,0.35,0.002405,mm,Laborbuch_Papier,0.01,0.002405,mm,3.065,0.000289,m,283,50,Hz,,Ref,3017.067589597228,10.057412931305032,7.910698932608854,3012.8564027769853,3053.0482980656025,40.19189528861716
84,Nylon,0.35,0.002405,mm,Laborbuch_Papier,0.01,0.002405,mm,3.065,0.000289,m,283,50,Hz,,Ref,3038.5744085471288,9.531357002238298,9.389660546330166,3035.9448640679957,3040.5275873499622,4.582723281966537
85,Nylon,0.35,0.002405,mm,Laborbuch_Papier,0.01,0.002405,mm,3.065,0.000289,m,283,50,Hz,,Ref,3047.367742575499,9.883061933058537,8.95940950355537,3034.298176154676,3050.8522838088656,16.554107654189465
86,Nylon,0.35,0.002405,mm,Laborbuch_Papier,0.01,0.002405,mm,3.065,0.000289,m,283,50,Hz,,Ref,3072.836399132628,6.679053229780112,6.415905110142627,3069.3621796340744,3075.3085585755416,5.946378941467174
87,Nylon,0.35,0.002405,mm,Laborbuch_Papier,0.01,0.002405,mm,3.065,0.000289,m,283,50,Hz,,Ref,3096.622802424704,16.570069857888402,10.772443555563699,3087.0933524454367,3104.5088300072366,17.41547756179989
88,Nylon,0.35,0.002405,mm,Laborbuch_Papier,0.01,0.002405,mm,3.065,0.000289,m,283,50,Hz,,Ref,3154.614638379505,20.02801333234121,12.35575759606553,3145.899170689023,3165.521619703485,19.62244901446229
89,Nylon,0.35,0.002405,mm,Laborbuch_Papier,0.01,0.002405,mm,3.065,0.000289,m,283,50,Hz,,Ref,3180.6491612743903,7.3457344575580645,6.852286643389084,3178.018949552527,3183.2693011190468,5.250351566519839
90,Nylon,0.35,0.002405,mm,Laborbuch_Papier,0.01,0.002405,mm,3.065,0.000289,m,283,50,Hz,,Ref,3215.461302019214,5.15787218316223,4.843431746352407,3209.577355827749,3219.2247594965665,9.647403668817333
91,Nylon,0.35,0.002405,mm,Laborbuch_Papier,0.01,0.002405,mm,3.065,0.000289,m,283,50,Hz,,Ref,3232.3196439310836,5.180337780048891,4.82930292019306,3227.3981748045608,3236.588496511445,9.190321706884333
92,Nylon,0.35,0.002405,mm,Laborbuch_Papier,0.01,0.002405,mm,3.065,0.000289,m,283,50,Hz,,Ref,3263.8771923999434,3.146903372351451,3.0280533449239524,3259.30897039323,3267.30756024162,7.998589848390111
93,Nylon,0.35,0.002405,mm,Laborbuch_Papier,0.01,0.002405,mm,3.065,0.000289,m,283,50,Hz,,Ref,3304.4029584627647,3.323222956778967,2.740719472825333,3297.7851896611633,3310.7027760421424,12.917586380979174
94,Nylon,0.35,0.002405,mm,Laborbuch_Papier,0.01,0.002405,mm,3.065,0.000289,m,283,50,Hz,,Ref,3352.0163111778943,1.3687521852161588,1.262149367055174,3349.605253477682,3355.707168494239,6.101915016557086
95,Nylon,0.35,0.002405,mm,Laborbuch_Papier,0.01,0.002405,mm,3.065,0.000289,m,283,50,Hz,,Ref,3371.2765494239184,1.552534791733101,1.1832911007204476,3361.496821821777,3376.9631224739524,15.466300652175505
96,Nylon,0.35,0.002405,mm,Laborbuch_Papier,0.01,0.002405,mm,3.065,0.000289,m,283,50,Hz,,Ref,3415.80290991065,0.8318670721542174,0.5884958142670288,3407.2441301800386,3421.8147444128854,14.570614232846765
97,Nylon,0.35,0.002405,mm,Laborbuch_Papier,0.01,0.002405,mm,3.065,0.000289,m,283,50,Hz,,Ref,3468.1427166329204,0.6846526471568581,0.4961249944178595,3460.9573065984227,3474.0060481349633,13.048741536540547
98,Nylon,0.35,0.002405,mm,Laborbuch_Papier,0.01,0.002405,mm,3.065,0.000289,m,283,50,Hz,,Ref,3523.4530752391547,1.1574823283240543,0.8899059073955278,3515.760735876841,3532.8202872291727,17.05955135233171
99,Nylon,0.35,0.002405,mm,Laborbuch_Papier,0.01,0.002405,mm,3.065,0.000289,m,283,50,Hz,,Ref,3571.6655905598445,1.3566076886883862,0.9711402406158405,3565.5276738745474,3578.1031884933877,12.575514618840316
100,Nylon,0.35,0.002405,mm,Laborbuch_Papier,0.01,0.002405,mm,3.065,0.000289,m,283,50,Hz,,Ref,3615.7903815790482,1.5908195915403722,1.4370774374492399,3612.1470243676745,3621.847584556132,9.70056018845753
101,Nylon,0.35,0.002405,mm,Laborbuch_Papier,0.01,0.002405,mm,3.065,0.000289,m,283,50,Hz,,Ref,3670.855552927799,4.440023317176957,4.2624331893444545,3669.0480191101537,3673.86537618814,4.817357077986344
102,Nylon,0.35,0.002405,mm,Laborbuch_Papier,0.01,0.002405,mm,3.065,0.000289,m,283,50,Hz,,Ref,3684.908344896971,4.545170495972314,4.1721739041666,3679.1703590484317,3688.5825127274097,9.41215367897803
103,Nylon,0.35,0.002405,mm,Laborbuch_Papier,0.01,0.002405,mm,3.065,0.000289,m,283,50,Hz,,Ref,3712.3326485368075,7.2319479159911415,5.348489164792033,3704.1566851379985,3721.070704574371,16.914019436372655
104,Nylon,0.35,0.002405,mm,Laborbuch_Papier,0.01,0.002405,mm,3.065,0.000289,m,283,50,Hz,,Ref,3774.063353353547,11.883266472108916,6.342406187760627,3761.2188020929984,3786.6894898207875,25.470687727789027
105,Nylon,0.35,0.002405,mm,Laborbuch_Papier,0.01,0.002405,mm,3.065,0.000289,m,283,50,Hz,,Ref,3839.198200650138,6.482364753076492,4.921295358065442,3831.509390781971,3856.075943561338,24.566552779367157
106,Nylon,0.35,0.002405,mm,Laborbuch_Papier,0.01,0.002405,mm,3.065,0.000289,m,283,50,Hz,,Ref,3913.324499456535,5.3907784854897045,4.419903049811741,3899.8859396543544,3929.3788568185705,29.492917164216124
107,Nylon,0.35,0.002405,mm,Laborbuch_Papier,0.01,0.002405,mm,3.065,0.000289,m,283,50,Hz,,Ref,3978.902609931629,4.4137505291927335,3.812590777081683,3965.2235939444563,3986.6724319578598,21.448838013403474
108,Nylon,0.35,0.002405,mm,Laborbuch_Papier,0.01,0.002405,mm,3.065,0.000289,m,283,50,Hz,,Ref,4013.7625391597994,3.518249287103401,3.2973351338876977,4007.543315841085,4020.42454834905,12.881232507964796
109,Nylon,0.35,0.002405,mm,Laborbuch_Papier,0.01,0.002405,mm,3.065,0.000289,m,283,50,Hz,,Ref,4041.907578924852,3.557693991046057,3.310904787186155,4035.62921712694,4047.5103879905873,11.881170863647185
110,Nylon,0.35,0.002405,mm,Laborbuch_Papier,0.01,0.002405,mm,3.065,0.000289,m,283,50,Hz,,Ref,4067.3066521612045,3.5388368845960527,3.282340772607259,4059.5046385507303,4083.2856269846975,23.780988433967195
111,Nylon,0.35,0.002405,mm,Laborbuch_Papier,0.01,0.002405,mm,3.065,0.000289,m,283,50,Hz,,Ref,4124.119155159625,3.108999463296098,2.8593356109275274,4107.032088305011,4128.962016360984,21.929928055973505
112,Nylon,0.35,0.002405,mm,Laborbuch_Papier,0.01,0.002405,mm,3.065,0.000289,m,283,50,Hz,,Ref,4186.490744268387,2.0620433724846365,1.8549461330266985,4178.620891848674,4195.360028402163,16.739136553489516
113,Nylon,0.35,0.002405,mm,Laborbuch_Papier,0.01,0.002405,mm,3.065,0.000289,m,283,50,Hz,,Ref,4242.6982129207145,2.196717683284641,1.9652765817196376,4233.631109620404,4277.333951660309,43.70284203990559
114,Nylon,0.35,0.002405,mm,Laborbuch_Papier,0.01,0.002405,mm,3.065,0.000289,m,283,50,Hz,,Ref,4322.003438421074,2.2670727286807777,1.9486856546759534,4310.759347555231,4370.888326540731,60.1289789855
115,Nylon,0.35,0.002405,mm,Laborbuch_Papier,0.01,0.002405,mm,3.065,0.000289,m,283,50,Hz,,Ref,4363.108319087585,2.161720396376159,2.059359307444473,4357.638696665454,4367.895668420914,10.256971755460654
116,Nylon,0.35,0.002405,mm,Laborbuch_Papier,0.01,0.002405,mm,3.065,0.000289,m,283,50,Hz,,Ref,4401.706947126185,2.2617865434842512,2.0259150418990464,4390.931270868681,4419.696860912393,28.76559004371211
117,Nylon,0.35,0.002405,mm,Laborbuch_Papier,0.01,0.002405,mm,3.065,0.000289,m,283,50,Hz,,Ref,4483.38055451084,2.2144592609543277,1.8643374546118667,4473.867945349737,4494.607931110638,20.73998576090071
118,Nylon,0.35,0.002405,mm,Laborbuch_Papier,0.01,0.002405,mm,3.065,0.000289,m,283,50,Hz,,Ref,4561.318789062913,2.1869122483405716,2.0487057534766757,4556.407102584984,4567.624019769733,11.216917184749036
119,Nylon,0.35,0.002405,mm,Laborbuch_Papier,0.01,0.002405,mm,3.065,0.000289,m,283,50,Hz,,Ref,4754.682386359014,4.242345168114266,3.6376085110141654,4744.630655693469,4762.647470964712,18.016815271243104
120,Nylon,0.35,0.002405,mm,Laborbuch_Papier,0.01,0.002405,mm,3.065,0.000289,m,283,50,Hz,,Ref,4841.060965131235,4.159518467075588,3.8050435126005278,4815.663902654308,4849.99180834494,34.32790569063218
121,Nylon,0.35,0.002405,mm,Laborbuch_Papier,0.01,0.002405,mm,3.065,0.000289,m,283,50,Hz,,Ref,4888.889176234026,4.45365427825974,3.0119453587461558,4726.973005591042,4915.145211011108,188.17220542006544
122,Nylon,0.35,0.002405,mm,Laborbuch_Papier,0.01,0.002405,mm,3.065,0.000289,m,283,50,Hz,,Ref,4941.5612694563215,3.6830616347823613,3.2812760686144045,4930.7539690481935,4955.766313682835,25.012344634641522
123,Nylon,0.35,0.002405,mm,Laborbuch_Papier,0.01,0.002405,mm,3.065,0.000289,m,283,50,Hz,,Ref,4994.147434679506,3.0722327694461096,2.9094164927755446,4985.660898221305,5005.112940632304,19.45204241099964
124,Nylon,0.35,0.002405,mm,Laborbuch_Papier,0.01,0.002405,mm,3.065,0.000289,m,283,50,Hz,,Ref,5068.760237678399,3.235194283349929,2.9205836546581074,5060.069030173897,5090.72991427932,30.660884105423065
125,Nylon,0.35,0.002405,mm,Laborbuch_Papier,0.01,0.002405,mm,3.065,0.000289,m,283,50,Hz,,Ref,5265.328950220168,2.6656013799887917,2.408742129541325,5250.256787985158,5281.98879465074,31.73200666558205
126,Nylon,0.35,0.002405,mm,Laborbuch_Papier,0.01,0.002405,mm,3.065,0.000289,m,283,50,Hz,,Ref,5315.384977338837,3.441652406474327,2.9227714404158585,5307.2510291157905,5329.803204141066,22.552175025275574
127,Nylon,0.35,0.002405,mm,Laborbuch_Papier,0.01,0.002405,mm,3.065,0.000289,m,283,50,Hz,,Ref,5389.257471813723,3.353118333319477,3.1129398368262944,5377.057234025825,5398.472550536781,21.415316510955563
128,Nylon,0.35,0.002405,mm,Laborbuch_Papier,0.01,0.002405,mm,3.065,0.000289,m,283,50,Hz,,Ref,5455.060322887985,5.215534183906571,3.314509884798385,5421.474936846097,5469.920567147512,48.445630301414894
129,Nylon,0.35,0.002405,mm,Laborbuch_Papier,0.01,0.002405,mm,3.065,0.000289,m,283,50,Hz,,Ref,5515.1053765381575,3.723678666509432,3.278756957330936,5495.130047693793,5536.473972271883,41.34392457809008
130,Nylon,0.35,0.002405,mm,Laborbuch_Papier,0.01,0.002405,mm,3.065,0.000289,m,283,50,Hz,,Ref,5596.1445712654095,4.641745117925612,4.309036735769434,5588.8281298463435,5602.284849485253,13.456719638909817
131,Nylon,0.35,0.002405,mm,Laborbuch_Papier,0.01,0.002405,mm,3.065,0.000289,m,283,50,Hz,,Ref,5622.628061420679,4.7620015555451625,3.70277543342314,5579.975141705116,5640.027776192244,60.05263448712867
132,Nylon,0.35,0.002405,mm,Laborbuch_Papier,0.01,0.002405,mm,3.065,0.000289,m,283,50,Hz,,Ref,5698.6212939978905,2.4245892105403195,2.241343635224429,5692.024985952927,5705.708227211137,13.683241258209819
133,Nylon,0.35,0.002405,mm,Laborbuch_Papier,0.01,0.002405,mm,3.065,0.000289,m,283,50,Hz,,Ref,5774.152825334838,1.6747685360092945,1.5192605520701514,5764.606997303072,5791.17461307949,26.56761577641828
134,Nylon,0.35,0.002405,mm,Laborbuch_Papier,0.01,0.002405,mm,3.065,0.000289,m,283,50,Hz,,Ref,5816.700708078552,1.7722670963512777,1.6031466841681676,5810.258352334593,5826.848454105748,16.590101771154877
135,Nylon,0.35,0.002405,mm,Laborbuch_Papier,0.01,0.002405,mm,3.065,0.000289,m,283,50,Hz,,Ref,5871.682160135237,2.0430335701772404,1.9172255886746163,5864.501901401084,5883.849917124956,19.348015723871868
136,Nylon,0.35,0.002405,mm,Laborbuch_Papier,0.01,0.002405,mm,3.065,0.000289,m,283,50,Hz,,Ref,5915.108025560569,2.0897968430843843,1.6649864798700404,5855.9106997133795,5951.041510094067,95.13081038068776
137,Nylon,0.35,0.002405,mm,Laborbuch_Papier,0.01,0.002405,mm,3.065,0.000289,m,283,50,Hz,,Ref,5978.744411472088,1.6414248102843896,1.4741498264886865,5969.15893338907,5987.999660008808,18.840726619738234
138,Nylon,0.35,0.002405,mm,Laborbuch_Papier,0.01,0.002405,mm,3.065,0.000289,m,283,50,Hz,,Ref,6083.450184893394,3.327239237008451,3.1535680564513076,6073.9539179583935,6094.649550350779,20.69563239238505
139,Nylon,0.35,0.002405,mm,Laborbuch_Papier,0.01,0.002405,mm,3.065,0.000289,m,283,50,Hz,,Ref,6135.567913927421,4.214315731433416,2.9279109571721182,6067.60018058354,6155.525992028143,87.92581144460291
140,Nylon,0.35,0.002405,mm,Laborbuch_Papier,0.01,0.002405,mm,3.065,0.000289,m,283,50,Hz,,Ref,6211.654276229156,3.0159458101764214,2.834928154373057,6179.661267589155,6230.804858501314,51.1435909121592
141,Nylon,0.35,0.002405,mm,Laborbuch_Papier,0.01,0.002405,mm,3.065,0.000289,m,283,50,Hz,,Ref,6266.992048888674,2.7033576269227706,2.5354007738277433,6256.7277577838395,6278.36019807406,21.632440290220075
142,Nylon,0.35,0.002405,mm,Laborbuch_Papier,0.01,0.002405,mm,3.065,0.000289,m,283,50,Hz,,Ref,6307.39265082839,2.6881556860302194,2.5469540807897233,6298.928179592513,6314.750685045114,15.822505452601035
143,Nylon,0.35,0.002405,mm,Laborbuch_Papier,0.01,0.002405,mm,3.065,0.000289,m,283,50,Hz,,Ref,6457.065248426277,3.846937091632828,2.9533820342124644,6439.994011255362,6509.8784136500735,69.88440239471129
144,Nylon,0.35,0.002405,mm,Laborbuch_Papier,0.01,0.002405,mm,3.065,0.000289,m,283,50,Hz,,Ref,6489.27079103346,3.605622126766345,3.436576190908368,6481.5348222378725,6497.966040680497,16.431218442624413
145,Nylon,0.35,0.002405,mm,Laborbuch_Papier,0.01,0.002405,mm,3.065,0.000289,m,283,50,Hz,,Ref,6610.5184548609195,2.133844719799917,1.9839137670018214,6601.0121709812165,6620.114847809364,19.102676828147196
146,Nylon,0.35,0.002405,mm,Laborbuch_Papier,0.01,0.002405,mm,3.065,0.000289,m,283,50,Hz,,Ref,6777.495111633226,3.4807052646960677,3.246363195925724,6768.634163650051,6790.546994546958,21.9128308969066
147,Nylon,0.35,0.002405,mm,Laborbuch_Papier,0.01,0.002405,mm,3.065,0.000289,m,283,50,Hz,,Ref,6825.80770522652,3.6771977270998155,3.463792083257185,6817.723011823132,6838.373718378487,20.6507065553551
148,Nylon,0.35,0.002405,mm,Laborbuch_Papier,0.01,0.002405,mm,3.065,0.000289,m,283,50,Hz,,Ref,6901.631307766128,5.26881143373545,3.0393709389696575,6806.294815124155,6923.335319206011,117.04050408185594
149,Nylon,0.35,0.002405,mm,Laborbuch_Papier,0.01,0.002405,mm,3.065,0.000289,m,283,50,Hz,,Ref,7068.858544539259,2.075109538216117,1.9009046406826131,7057.471018606782,7078.439354188416,20.968335581633255
150,Nylon,0.35,0.002405,mm,Laborbuch_Papier,0.01,0.002405,mm,3.065,0.000289,m,283,50,Hz,,Ref,7113.908326465208,3.2465110193337443,2.155256127806031,7098.186178820876,7143.505326088855,45.31914726797913
151,Nylon,0.35,0.002405,mm,Laborbuch_Papier,0.01,0.002405,mm,3.065,0.000289,m,283,50,Hz,,Ref,7171.293626782261,2.576000177319121,2.3384648837885704,7162.827290692076,7181.3172233855985,18.48993269352286
152,Nylon,0.35,0.002405,mm,Laborbuch_Papier,0.01,0.002405,mm,3.065,0.000289,m,283,50,Hz,,Ref,7236.40559292532,1.705110844631233,1.5628834266564575,7228.94712031362,7244.484997226451,15.537876912831052
153,Nylon,0.35,0.002405,mm,Laborbuch_Papier,0.01,0.002405,mm,3.065,0.000289,m,283,50,Hz,,Ref,7318.592332846885,1.4995612870230668,1.3376573619265153,7306.465123695845,7329.244827936119,22.77970424027353
154,Nylon,0.35,0.002405,mm,Laborbuch_Papier,0.01,0.002405,mm,3.065,0.000289,m,283,50,Hz,,Ref,7388.168167471264,1.5351271212635988,1.3468239325677365,7374.8472568467205,7401.45617981788,26.6089229711597
155,Nylon,0.35,0.002405,mm,Laborbuch_Papier,0.01,0.002405,mm,3.065,0.000289,m,283,50,Hz,,Ref,7524.502702432528,3.067355362417639,2.813525582291615,7515.301271773337,7539.138193922082,23.836922148744634
156,Nylon,0.35,0.002405,mm,Laborbuch_Papier,0.01,0.002405,mm,3.065,0.000289,m,283,50,Hz,,Ref,7672.174806058385,5.619706169321469,3.4023343138123257,7598.871741509157,7762.237241635025,163.3655001258685
157,Nylon,0.35,0.002405,mm,Laborbuch_Papier,0.01,0.002405,mm,3.065,0.000289,m,283,50,Hz,,Ref,7733.111196723172,3.9442017467439676,3.776991719221999,7724.813807296374,7756.116759856588,31.30295256021418
158,Nylon,0.35,0.002405,mm,Laborbuch_Papier,0.01,0.002405,mm,3.065,0.000289,m,283,50,Hz,,Ref,7891.008344248443,9.27499257941135,7.944464650716984,7879.175547651077,7927.894577624483,48.71902997340567
159,Nylon,0.35,0.002405,mm,Laborbuch_Papier,0.01,0.002405,mm,3.065,0.000289,m,283,50,Hz,,Ref,7918.44360122943,8.593985014490215,8.389173879850787,7913.38738853872,7923.716465596678,10.329077057957875
160,Nylon,0.35,0.002405,mm,Laborbuch_Papier,0.01,0.002405,mm,3.065,0.000289,m,283,50,Hz,,Ref,7975.809948955817,13.049269183994902,8.691181204228872,7955.886649002218,8067.232471661917,111.34582265969857
161,Nylon,0.35,0.002405,mm,Laborbuch_Papier,0.01,0.002405,mm,3.065,0.000289,m,283,50,Hz,,Ref,8057.894432212021,10.692732981016373,9.851273806020085,8034.302901211948,8063.911730226898,29.60882901495006
162,Nylon,0.35,0.002405,mm,Laborbuch_Papier,0.01,0.002405,mm,3.065,0.000289,m,283,50,Hz,,Ref,8142.954048931174,19.5656126539525,10.209213577336769,8131.337903124145,8161.492757530163,30.154854406017876
163,Nylon,0.35,0.002405,mm,Laborbuch_Papier,0.01,0.002405,mm,3.065,0.000289,m,283,50,Hz,,Ref,8199.990427226463,14.282076828867048,11.912074279670348,8183.631182898119,8215.655255217025,32.02407231890629
164,Nylon,0.35,0.002405,mm,Laborbuch_Papier,0.01,0.002405,mm,3.065,0.000289,m,283,50,Hz,,Ref,8261.875755155035,17.63619517852033,12.910124204671147,8252.312410847953,8274.88822878985,22.575817941897185
165,Nylon,0.35,0.002405,mm,Laborbuch_Papier,0.01,0.002405,mm,3.065,0.000289,m,283,50,Hz,,Ref,8338.012531923403,12.29249170907009,10.172102005370903,8314.880556179936,8350.727192163577,35.846635983640226
166,Nylon,0.35,0.002405,mm,Laborbuch_Papier,0.01,0.002405,mm,3.065,0.000289,m,283,50,Hz,,Ref,8403.13792779037,6.98888798434886,6.84218924675117,8390.666320488832,8408.151171505851,17.484851017019537
167,Nylon,0.35,0.002405,mm,Laborbuch_Papier,0.01,0.002405,mm,3.065,0.000289,m,283,50,Hz,,Ref,8648.975309314123,11.115391005508318,6.116945813069407,8621.397133069178,8731.400306656307,110.00317358712891
168,Nylon,0.35,0.002405,mm,Laborbuch_Papier,0.01,0.002405,mm,3.065,0.000289,m,283,50,Hz,,Ref,8703.693269924295,9.981637317739827,9.093396510287121,8693.350901357033,8711.868752641685,18.51785128465235
169,Nylon,0.35,0.002405,mm,Laborbuch_Papier,0.01,0.002405,mm,3.065,0.000289,m,283,50,Hz,,Ref,8777.076846182355,11.015796706716637,8.46769433694204,8762.532868077347,8789.61547212798,27.082604050632654
170,Nylon,0.35,0.002405,mm,Laborbuch_Papier,0.01,0.002405,mm,3.065,0.000289,m,283,50,Hz,,Ref,8977.44034357425,5.744534250938225,5.312116736260343,8971.638880168573,8983.833200033883,12.194319865309808
171,Nylon,0.35,0.002405,mm,Laborbuch_Papier,0.01,0.002405,mm,3.065,0.000289,m,283,50,Hz,,Ref,9031.942331001563,7.494265132166294,5.762067402433592,9010.039537734085,9045.78477992115,35.74524218706574
172,Nylon,0.35,0.002405,mm,Laborbuch_Papier,0.01,0.002405,mm,3.065,0.000289,m,283,50,Hz,,Ref,9181.635800497,26.194979302847603,25.12506125681601,9177.11475166481,9188.527617335292,11.412865670481551
173,Nylon,0.35,0.002405,mm,Laborbuch_Papier,0.01,0.002405,mm,3.065,0.000289,m,283,50,Hz,,Ref,9207.46251283578,26.368884594677528,13.452765150122447,9160.21588332853,9229.880742890295,69.66485956176439
174,Nylon,0.35,0.002405,mm,Laborbuch_Papier,0.01,0.002405,mm,3.065,0.000289,m,283,50,Hz,,Ref,9307.557514502378,18.603856684457565,13.473804319713565,9292.635085573904,9325.230533688908,32.59544811500382
175,Nylon,0.35,0.002405,mm,Laborbuch_Papier,0.01,0.002405,mm,3.065,0.000289,m,283,50,Hz,,Ref,9353.476415631949,16.27160697517588,14.394650365414675,9345.310114897735,9360.89341977372,15.58330487598505
176,Nylon,0.35,0.002405,mm,Laborbuch_Papier,0.01,0.002405,mm,3.065,0.000289,m,283,50,Hz,,Ref,9458.324497121228,1.9183767477943967,1.6862469043115051,9444.068785690852,9470.487922373502,26.419136682650787
177,Nylon,0.35,0.002405,mm,Laborbuch_Papier,0.01,0.002405,mm,3.065,0.000289,m,283,50,Hz,,Ref,9529.55979858947,8.12695621248474,4.76382965669848,9514.757375965482,9590.291610956589,75.53423499110613
178,Nylon,0.35,0.002405,mm,Laborbuch_Papier,0.01,0.002405,mm,3.065,0.000289,m,283,50,Hz,,Ref,9564.899922404702,7.395903856141287,6.993486164317632,9557.394826102613,9572.374079244048,14.979253141435038
179,Nylon,0.35,0.002405,mm,Laborbuch_Papier,0.01,0.002405,mm,3.065,0.000289,m,283,50,Hz,,Ref,9645.804407448004,4.273137615901223,4.1339145462956175,9633.749430067248,9654.641927155026,20.892497087777883
180,Nylon,0.35,0.002405,mm,Laborbuch_Papier,0.01,0.002405,mm,3.065,0.000289,m,283,50,Hz,,Ref,9711.872425765168,4.142070577873207,3.9454444947798786,9689.327363079423,9723.538759370591,34.21139629116806
181,Nylon,0.35,0.002405,mm,Laborbuch_Papier,0.01,0.002405,mm,3.065,0.000289,m,283,50,Hz,,Ref,10142.293602301597,3.319010152848852,2.6784193659806066,10103.109492684569,10228.475525439659,125.36603275508969
182,Nylon,0.35,0.002405,mm,Laborbuch_Papier,0.01,0.002405,mm,3.065,0.000289,m,283,50,Hz,,Ref,10328.774603104888,3.097694196418432,2.8809261289802244,10306.383635933422,10347.908875314146,41.52523938072409
183,Nylon,0.35,0.002405,mm,Laborbuch_Papier,0.01,0.002405,mm,3.065,0.000289,m,283,50,Hz,,Ref,10692.936453735363,3.4618631746766764,2.070489736123225,10451.791826478957,10930.724518845514,478.9326923665576
184,Nylon,0.35,0.002405,mm,Laborbuch_Papier,0.01,0.002405,mm,3.065,0.000289,m,283,50,Hz,,Ref,11151.894580525033,2.609879070359947,2.3670037997751163,11134.100884859532,11168.556334787592,34.45544992806026
185,Nylon,0.35,0.002405,mm,Laborbuch_Papier,0.01,0.002405,mm,3.065,0.000289,m,283,50,Hz,,Ref,11230.049945459163,3.636135363352206,3.5203148611635524,11222.83596864821,11238.09013273412,15.254164085908997
186,Nylon,0.35,0.002405,mm,Laborbuch_Papier,0.01,0.002405,mm,3.065,0.000289,m,283,50,Hz,,Ref,11285.714026844093,4.880326131248574,4.465088964226345,11274.08198274543,11300.749267466716,26.667284721284886
187,Nylon,0.35,0.002405,mm,Laborbuch_Papier,0.01,0.002405,mm,3.065,0.000289,m,283,50,Hz,,Ref,11354.273219454057,5.451857223002573,5.295029984443844,11347.547054631588,11361.790272605029,14.24321797344055
188,Nylon,0.35,0.002405,mm,Laborbuch_Papier,0.01,0.002405,mm,3.065,0.000289,m,283,50,Hz,,Ref,11423.073082303177,10.530581759270703,9.19049604999529,11411.826381281873,11433.318972207118,21.492590925245167
189,Nylon,0.35,0.002405,mm,Laborbuch_Papier,0.01,0.002405,mm,3.065,0.000289,m,283,50,Hz,,Ref,11492.245609389885,14.750193732073456,12.6043844277349,11479.208042067965,11505.253713823839,26.045671755873627
190,Nylon,0.35,0.002405,mm,Laborbuch_Papier,0.01,0.002405,mm,3.065,0.000289,m,283,50,Hz,,Ref,11574.656659405598,25.96817285409338,13.323357157610339,11541.745908502438,11604.490519387555,62.744610885116344
191,Nylon,0.35,0.002405,mm,Laborbuch_Papier,0.01,0.002405,mm,3.065,0.000289,m,283,50,Hz,,Ref,11661.561867507851,17.966234915459882,16.830164916998662,11653.93616745762,11670.449855748253,16.51368829063358
192,Nylon,0.35,0.002405,mm,Laborbuch_Papier,0.01,0.002405,mm,3.065,0.000289,m,283,50,Hz,,Ref,11700.080416093802,18.564276812127158,14.795930744262286,11647.166933370934,11712.647725281951,65.48079191101715
193,Nylon,0.35,0.002405,mm,Laborbuch_Papier,0.01,0.002405,mm,3.065,0.000289,m,283,50,Hz,,Ref,11778.496652563064,7.1861387754627755,6.914446843900984,11764.681649125623,11787.201629764879,22.519980639255664
194,Nylon,0.35,0.002405,mm,Laborbuch_Papier,0.01,0.002405,mm,3.065,0.000289,m,283,50,Hz,,Ref,11858.077223302382,5.12167946052979,4.781515224376546,11844.71578488453,11867.434630858217,22.718845973686257
195,Nylon,0.35,0.002405,mm,Laborbuch_Papier,0.01,0.002405,mm,3.065,0.000289,m,283,50,Hz,,Ref,11997.87743990997,3.0030822856752257,2.8632660489910413,11986.66438923868,12011.08813151133,24.42374227264918
196,Nylon,0.35,0.002405,mm,Laborbuch_Papier,0.01,0.002405,mm,3.065,0.000289,m,283,50,Hz,,Ref,12068.626590033584,3.8121129921168486,2.7432820962651796,12028.339318920285,12092.984675426875,64.64535650658945
197,Nylon,0.35,0.002405,mm,Laborbuch_Papier,0.01,0.002405,mm,3.065,0.000289,m,283,50,Hz,,Ref,12275.77984567413,4.996404476242666,2.9880802906533663,12246.905950782113,12331.59658844839,84.69063766627733
198,Nylon,0.35,0.002405,mm,Laborbuch_Papier,0.01,0.002405,mm,3.065,0.000289,m,283,50,Hz,,Ref,12421.69940461509,2.318064462520053,2.1849440331277177,12404.743190376554,12434.563350027796,29.820159651242648
199,Nylon,0.35,0.002405,mm,Laborbuch_Papier,0.01,0.002405,mm,3.065,0.000289,m,283,50,Hz,,Ref,12687.723932658304,6.327145571517677,5.883424924084409,12672.208593425139,12702.23182961584,30.023236190700118
200,Nylon,0.35,0.002405,mm,Laborbuch_Papier,0.01,0.002405,mm,3.065,0.000289,m,283,50,Hz,,Ref,12812.236673111074,7.769997671763114,4.835115836737669,12651.550984184058,12878.765712796921,227.21472861286384
201,Nylon,0.35,0.002405,mm,Laborbuch_Papier,0.01,0.002405,mm,3.065,0.000289,m,130,50,Hz,,Mes,103.46595962722272,0.41367095215494876,0.22976793598158043,103.0761404537362,103.88523057751384,0.8090901237776364
202,Nylon,0.35,0.002405,mm,Laborbuch_Papier,0.01,0.002405,mm,3.065,0.000289,m,130,50,Hz,,Mes,264.4021149793489,1.1872319898797767,0.9617947655961993,259.0437049856717,269.68659014356615,10.642885157894455
203,Nylon,0.35,0.002405,mm,Laborbuch_Papier,0.01,0.002405,mm,3.065,0.000289,m,130,50,Hz,,Mes,343.4147818153884,6.009384513283638,5.594778512056587,339.34668588679926,355.1451997694744,15.798513882675138
204,Nylon,0.35,0.002405,mm,Laborbuch_Papier,0.01,0.002405,mm,3.065,0.000289,m,130,50,Hz,,Mes,385.0634591755142,6.175573268461431,3.1006406774601034,329.9092602962709,403.4884109884428,73.57915069217194
205,Nylon,0.35,0.002405,mm,Laborbuch_Papier,0.01,0.002405,mm,3.065,0.000289,m,130,50,Hz,,Mes,488.1464456258611,1.821110588672177,1.4950940135007582,480.26182740341943,495.35550394260906,15.09367653918963
206,Nylon,0.35,0.002405,mm,Laborbuch_Papier,0.01,0.002405,mm,3.065,0.000289,m,130,50,Hz,,Mes,518.405145038613,0.838000620378622,0.5842974574122103,513.7682980976754,529.3403236277472,15.572025530071869
207,Nylon,0.35,0.002405,mm,Laborbuch_Papier,0.01,0.002405,mm,3.065,0.000289,m,130,50,Hz,,Mes,533.1526419106646,0.5482126573129646,0.4460500947201501,532.0316614565452,534.6255853057819,2.5939238492367167
208,Nylon,0.35,0.002405,mm,Laborbuch_Papier,0.01,0.002405,mm,3.065,0.000289,m,130,50,Hz,,Mes,567.4945499328037,3.130274854703545,1.7044644392376536,554.9548642391945,598.8092103381517,43.854346098957194
209,Nylon,0.35,0.002405,mm,Laborbuch_Papier,0.01,0.002405,mm,3.065,0.000289,m,130,50,Hz,,Mes,647.2886768563271,1.4649868310015086,0.9796370054146653,626.8970028687469,655.8201207066916,28.923117837944687
210,Nylon,0.35,0.002405,mm,Laborbuch_Papier,0.01,0.002405,mm,3.065,0.000289,m,130,50,Hz,,Mes,720.6368566781489,1.1599250843818105,0.8606203619728172,701.1456869574457,733.6609512168426,32.51526425939687
211,Nylon,0.35,0.002405,mm,Laborbuch_Papier,0.01,0.002405,mm,3.065,0.000289,m,130,50,Hz,,Mes,780.2754094777989,2.0960259981844995,1.1382470513100786,763.3159062612116,803.8261325905125,40.51022632930096
212,Nylon,0.35,0.002405,mm,Laborbuch_Papier,0.01,0.002405,mm,3.065,0.000289,m,130,50,Hz,,Mes,849.6548881977272,1.7956395581483786,1.1449455998472502,831.2097908876257,863.0757593254701,31.865968437844458
213,Nylon,0.35,0.002405,mm,Laborbuch_Papier,0.01,0.002405,mm,3.065,0.000289,m,130,50,Hz,,Mes,888.7698761777654,1.2729170311598978,1.0005188353885677,882.1702762190897,894.5923289387426,12.422052719652925
214,Nylon,0.35,0.002405,mm,Laborbuch_Papier,0.01,0.002405,mm,3.065,0.000289,m,130,50,Hz,,Mes,948.6462913687443,1.814458197898716,1.132995637982386,923.4357152640115,1001.2242397247237,77.78852446071221
215,Nylon,0.35,0.002405,mm,Laborbuch_Papier,0.01,0.002405,mm,3.065,0.000289,m,130,50,Hz,,Mes,977.963515108487,1.4966327978249068,1.3897888088331953,963.2118979342252,980.9257412853693,17.713843351144078
216,Nylon,0.35,0.002405,mm,Laborbuch_Papier,0.01,0.002405,mm,3.065,0.000289,m,130,50,Hz,,Mes,10348.187598178338,0.9362310725564403,0.4915378492297978,10271.386196743191,10394.559808765833,123.17361202264146
217,Nylon,0.35,0.002405,mm,Laborbuch_Papier,0.01,0.002405,mm,3.065,0.000289,m,130,50,Hz,,Mes,12798.095573503942,0.34202000249094827,0.20031512970490875,12622.133207348888,12976.910449701525,354.7772423526367
218,Nylon,0.35,0.002405,mm,Laborbuch_Papier,0.01,0.002405,mm,3.065,0.000289,m,130,50,Hz,,Ref,336.64156746412584,1.5484362375463123,1.3366534686541942,308.9410696098989,342.721745787693,33.780676177794135
219,Nylon,0.35,0.002405,mm,Laborbuch_Papier,0.01,0.002405,mm,3.065,0.000289,m,130,50,Hz,,Ref,509.67865284656204,1.4936418624241832,1.2135438147653783,471.99031536220537,524.1617646890908,52.17144932688541
220,Nylon,0.35,0.002405,mm,Laborbuch_Papier,0.01,0.002405,mm,3.065,0.000289,m,130,50,Hz,,Ref,593.0057946739068,1.2884831242640602,1.1486025545312626,577.6286414006984,599.2425411044094,21.613899703711013
221,Nylon,0.35,0.002405,mm,Laborbuch_Papier,0.01,0.002405,mm,3.065,0.000289,m,130,50,Hz,,Ref,676.5535885225983,1.4243194956258867,1.2160274427811286,662.3198118404857,695.7866775566883,33.46686571620262
222,Nylon,0.35,0.002405,mm,Laborbuch_Papier,0.01,0.002405,mm,3.065,0.000289,m,130,50,Hz,,Ref,846.7273548838751,1.5087232308333354,1.1469838647612396,736.670784696036,851.8907768857736,115.21999218973758
223,Nylon,0.35,0.002405,mm,Laborbuch_Papier,0.01,0.002405,mm,3.065,0.000289,m,130,50,Hz,,Ref,880.488238060711,1.114522860930063,0.984731977292989,876.3646000538232,900.2138864918805,23.849286438057334
224,Nylon,0.35,0.002405,mm,Laborbuch_Papier,0.01,0.002405,mm,3.065,0.000289,m,130,50,Hz,,Ref,966.8732287775692,1.6354666585115598,1.49364822012608,961.971094806852,972.3389556022012,10.367860795349202
225,Nylon,0.35,0.002405,mm,Laborbuch_Papier,0.01,0.002405,mm,3.065,0.000289,m,130,50,Hz,,Ref,997.5479746177385,1.783547214658911,1.2797464170034982,941.4028255623099,1016.0066387822013,74.60381321989144
226,Nylon,0.35,0.002405,mm,Laborbuch_Papier,0.01,0.002405,mm,3.065,0.000289,m,130,50,Hz,,Ref,1029.5167227516,1.453387373695723,1.297001297816434,1026.008943795311,1033.108045901553,7.099102106241844
227,Nylon,0.35,0.002405,mm,Laborbuch_Papier,0.01,0.002405,mm,3.065,0.000289,m,130,50,Hz,,Ref,1049.0269955787073,1.445634965940497,1.3064138038453414,1044.7369408631037,1052.5851184097044,7.848177546600709
228,Nylon,0.35,0.002405,mm,Laborbuch_Papier,0.01,0.002405,mm,3.065,0.000289,m,130,50,Hz,,Ref,1151.7435022845898,1.2501662809121106,1.0804433181574375,1136.821920530003,1160.8108447304755,23.98892420047264
229,Nylon,0.35,0.002405,mm,Laborbuch_Papier,0.01,0.002405,mm,3.065,0.000289,m,130,50,Hz,,Ref,1262.9080910143725,1.400593591927092,1.1914298415965368,1246.325680623458,1271.0152811918597,24.689600568401602
230,Nylon,0.35,0.002405,mm,Laborbuch_Papier,0.01,0.002405,mm,3.065,0.000289,m,130,50,Hz,,Ref,1310.290042336193,1.3678566791891804,1.2522501430738489,1303.7621323491276,1312.6517193339432,8.88958698481565
231,Nylon,0.35,0.002405,mm,Laborbuch_Papier,0.01,0.002405,mm,3.065,0.000289,m,130,50,Hz,,Ref,1355.6833992278687,1.9874383866305112,1.596462530128552,1338.2947169286847,1361.3864999286716,23.09178299998689
232,Nylon,0.35,0.002405,mm,Laborbuch_Papier,0.01,0.002405,mm,3.065,0.000289,m,130,50,Hz,,Ref,1407.5802079470923,1.870069195515626,1.6934524869095973,1405.1829051329094,1410.095538088144,4.912632955234585
233,Nylon,0.35,0.002405,mm,Laborbuch_Papier,0.01,0.002405,mm,3.065,0.000289,m,130,50,Hz,,Ref,1428.5160772021484,2.204611613647979,1.6493399712513912,1416.88323457196,1448.9156635941165,32.03242902215652
234,Nylon,0.35,0.002405,mm,Laborbuch_Papier,0.01,0.002405,mm,3.065,0.000289,m,130,50,Hz,,Ref,1443.2345673343975,2.195297992758192,2.0736290744853765,1440.96504402036,1445.101691006495,4.13664698613502
235,Nylon,0.35,0.002405,mm,Laborbuch_Papier,0.01,0.002405,mm,3.065,0.000289,m,130,50,Hz,,Ref,1489.3201820969246,2.600055289498399,2.1302341488399046,1471.088865926014,1509.1937136571846,38.104847731170594
236,Nylon,0.35,0.002405,mm,Laborbuch_Papier,0.01,0.002405,mm,3.065,0.000289,m,130,50,Hz,,Ref,1548.6371063203833,3.6568012176199525,2.645819615861158,1539.9615106702988,1553.4115675179082,13.450056847609403
237,Nylon,0.35,0.002405,mm,Laborbuch_Papier,0.01,0.002405,mm,3.065,0.000289,m,130,50,Hz,,Ref,1598.365189989879,4.250269251374807,3.0594490363449474,1594.5197723800834,1603.101729427117,8.581957047033711
238,Nylon,0.35,0.002405,mm,Laborbuch_Papier,0.01,0.002405,mm,3.065,0.000289,m,130,50,Hz,,Ref,1625.2313245776272,3.224038466449611,2.825669791861727,1622.2386007299622,1629.4517329157238,7.213132185761651
239,Nylon,0.35,0.002405,mm,Laborbuch_Papier,0.01,0.002405,mm,3.065,0.000289,m,130,50,Hz,,Ref,1669.9998714072487,5.3372823868563435,3.0103348264060643,1664.1497403887329,1681.8978015465343,17.74806115780143
240,Nylon,0.35,0.002405,mm,Laborbuch_Papier,0.01,0.002405,mm,3.065,0.000289,m,130,50,Hz,,Ref,1753.244098959056,2.566416667572796,1.920978827584632,1730.5030531168081,1757.5331666725854,27.030113555777234
241,Nylon,0.35,0.002405,mm,Laborbuch_Papier,0.01,0.002405,mm,3.065,0.000289,m,130,50,Hz,,Ref,1796.6860820940672,2.3380936487904367,2.048101534057589,1790.571286363346,1800.9428247293833,10.371538366037385
242,Nylon,0.35,0.002405,mm,Laborbuch_Papier,0.01,0.002405,mm,3.065,0.000289,m,130,50,Hz,,Ref,1815.260816094145,2.5573250564256904,1.8164834276084882,1805.6403647989623,1831.094205626037,25.4538408270746
243,Nylon,0.35,0.002405,mm,Laborbuch_Papier,0.01,0.002405,mm,3.065,0.000289,m,130,50,Hz,,Ref,1852.0545715101748,2.5366439808602155,2.017847937454539,1847.6841297448698,1857.8002134721926,10.116083727322803
244,Nylon,0.35,0.002405,mm,Laborbuch_Papier,0.01,0.002405,mm,3.065,0.000289,m,130,50,Hz,,Ref,1874.1705046823095,2.1798978622571052,2.0036874695138476,1871.590567414859,1876.6673431135046,5.076775698645633
245,Nylon,0.35,0.002405,mm,Laborbuch_Papier,0.01,0.002405,mm,3.065,0.000289,m,130,50,Hz,,Ref,1899.6180041162763,2.1995709205744345,1.7852593247306943,1896.0835413666287,1903.0272453164862,6.943703949857536
246,Nylon,0.35,0.002405,mm,Laborbuch_Papier,0.01,0.002405,mm,3.065,0.000289,m,130,50,Hz,,Ref,1918.4299429560515,1.7117081486948167,1.5539528557541078,1915.6858791226855,1921.0892310437853,5.403351921099784
247,Nylon,0.35,0.002405,mm,Laborbuch_Papier,0.01,0.002405,mm,3.065,0.000289,m,130,50,Hz,,Ref,1942.451824988723,1.9902054064934258,1.6712968875164742,1939.5166730297508,1946.1326284163947,6.615955386643918
248,Nylon,0.35,0.002405,mm,Laborbuch_Papier,0.01,0.002405,mm,3.065,0.000289,m,130,50,Hz,,Ref,1978.0372678730564,1.2347319245921284,1.124880416130105,1974.9647499158887,1981.068828398813,6.104078482924251
249,Nylon,0.35,0.002405,mm,Laborbuch_Papier,0.01,0.002405,mm,3.065,0.000289,m,130,50,Hz,,Ref,2000.0793016921334,1.006632261817967,0.901119322789883,1996.3963275007839,2003.1061056181275,6.709778117343603
250,Nylon,0.35,0.002405,mm,Laborbuch_Papier,0.01,0.002405,mm,3.065,0.000289,m,130,50,Hz,,Ref,2030.19492465506,2.3774091533965427,1.5839563556750074,2022.3669584136562,2043.3534791333095,20.9865207196533
251,Nylon,0.35,0.002405,mm,Laborbuch_Papier,0.01,0.002405,mm,3.065,0.000289,m,130,50,Hz,,Ref,2076.8519442853562,2.1318412533818587,1.893373304909388,2074.2324258296712,2081.099703794677,6.8672779650059965
252,Nylon,0.35,0.002405,mm,Laborbuch_Papier,0.01,0.002405,mm,3.065,0.000289,m,130,50,Hz,,Ref,2093.3312697281544,3.323117099328074,2.189011784662428,2088.407539601337,2097.4028918930344,8.9953522916976
253,Nylon,0.35,0.002405,mm,Laborbuch_Papier,0.01,0.002405,mm,3.065,0.000289,m,130,50,Hz,,Ref,2135.407924054669,1.714656671277998,1.430574918649865,2122.636447463745,2139.0757146053597,16.43926714161489
254,Nylon,0.35,0.002405,mm,Laborbuch_Papier,0.01,0.002405,mm,3.065,0.000289,m,130,50,Hz,,Ref,2156.0321786796435,3.111301309175589,2.0921741921937125,2149.9349238317636,2164.560749561571,14.625825729807275
255,Nylon,0.35,0.002405,mm,Laborbuch_Papier,0.01,0.002405,mm,3.065,0.000289,m,130,50,Hz,,Ref,2185.8197882882823,2.9616741163055873,2.2193471752040357,2174.519928197496,2190.6275591112467,16.107630913750654
256,Nylon,0.35,0.002405,mm,Laborbuch_Papier,0.01,0.002405,mm,3.065,0.000289,m,130,50,Hz,,Ref,2202.121273616338,2.3061445568706898,1.9984928838137217,2198.1170038177343,2210.628001721077,12.51099790334274
257,Nylon,0.35,0.002405,mm,Laborbuch_Papier,0.01,0.002405,mm,3.065,0.000289,m,130,50,Hz,,Ref,2231.3347209119097,5.418252205330692,3.5665912102766217,2227.568735769843,2243.404541402139,15.835805632295887
258,Nylon,0.35,0.002405,mm,Laborbuch_Papier,0.01,0.002405,mm,3.065,0.000289,m,130,50,Hz,,Ref,2238.9374923112487,5.405914111634534,5.21460535282173,2237.2754038317585,2240.178404061592,2.9030002298336512
259,Nylon,0.35,0.002405,mm,Laborbuch_Papier,0.01,0.002405,mm,3.065,0.000289,m,130,50,Hz,,Ref,2251.940765425979,4.220250868319183,3.531914942110764,2248.918678663813,2255.2098748958656,6.291196232052698
260,Nylon,0.35,0.002405,mm,Laborbuch_Papier,0.01,0.002405,mm,3.065,0.000289,m,130,50,Hz,,Ref,2276.4480570081114,2.672798999841289,2.4671550915522538,2273.85675357834,2283.9057274964375,10.048973918097545
261,Nylon,0.35,0.002405,mm,Laborbuch_Papier,0.01,0.002405,mm,3.065,0.000289,m,130,50,Hz,,Ref,2298.708689307387,10.49757474124613,6.55971716141737,2293.857884943044,2304.5272355240586,10.669350581014442
262,Nylon,0.35,0.002405,mm,Laborbuch_Papier,0.01,0.002405,mm,3.065,0.000289,m,130,50,Hz,,Ref,2336.3484639951116,5.558596157854912,5.363116711044097,2334.4074573808994,2340.496474988335,6.089017607435835
263,Nylon,0.35,0.002405,mm,Laborbuch_Papier,0.01,0.002405,mm,3.065,0.000289,m,130,50,Hz,,Ref,2351.0751516452356,15.030668195341889,8.33404413964718,2347.639977558325,2354.615011921836,6.975034363510986
264,Nylon,0.35,0.002405,mm,Laborbuch_Papier,0.01,0.002405,mm,3.065,0.000289,m,130,50,Hz,,Ref,2373.334849634122,5.490598321904267,4.972513501418863,2369.0648286988016,2381.054950357095,11.990121658293447
265,Nylon,0.35,0.002405,mm,Laborbuch_Papier,0.01,0.002405,mm,3.065,0.000289,m,130,50,Hz,,Ref,2404.319995942782,2.913111196451695,2.7660716819547133,2401.694027838955,2406.7543508554713,5.060323016516122
266,Nylon,0.35,0.002405,mm,Laborbuch_Papier,0.01,0.002405,mm,3.065,0.000289,m,130,50,Hz,,Ref,2424.1438033918703,4.585046997640988,4.022840857161484,2420.797471495736,2426.8503456966346,6.052874200898714
267,Nylon,0.35,0.002405,mm,Laborbuch_Papier,0.01,0.002405,mm,3.065,0.000289,m,130,50,Hz,,Ref,2435.8408841441446,4.804587716238399,3.600015446883701,2430.8690578256123,2443.9053595720843,13.036301746471963
268,Nylon,0.35,0.002405,mm,Laborbuch_Papier,0.01,0.002405,mm,3.065,0.000289,m,130,50,Hz,,Ref,2466.7402128844674,2.8195676862002537,2.429316866355462,2463.287688092302,2470.2070816322084,6.91939353990665
269,Nylon,0.35,0.002405,mm,Laborbuch_Papier,0.01,0.002405,mm,3.065,0.000289,m,130,50,Hz,,Ref,2494.2376499005377,4.408224679999261,4.124620412844672,2492.2038291244844,2496.5805170222816,4.376687897797183
270,Nylon,0.35,0.002405,mm,Laborbuch_Papier,0.01,0.002405,mm,3.065,0.000289,m,130,50,Hz,,Ref,2508.6753867991674,4.747466020871643,3.2057861102604432,2489.271143940142,2514.348079265145,25.076935325002978
271,Nylon,0.35,0.002405,mm,Laborbuch_Papier,0.01,0.002405,mm,3.065,0.000289,m,130,50,Hz,,Ref,2532.1738843912367,2.599426312277928,2.457377163353768,2530.1480721546227,2534.6889245952343,4.540852440611616
272,Nylon,0.35,0.002405,mm,Laborbuch_Papier,0.01,0.002405,mm,3.065,0.000289,m,130,50,Hz,,Ref,2551.67690749949,3.4178604416297036,3.192528675656373,2548.085893431765,2555.1058394020256,7.019945970260778
273,Nylon,0.35,0.002405,mm,Laborbuch_Papier,0.01,0.002405,mm,3.065,0.000289,m,130,50,Hz,,Ref,2575.627748236524,10.191052375251552,6.543011976653435,2570.242029750147,2580.647388322055,10.405358571907982
274,Nylon,0.35,0.002405,mm,Laborbuch_Papier,0.01,0.002405,mm,3.065,0.000289,m,130,50,Hz,,Ref,2599.793395498118,4.60750832301413,3.9020142684156425,2596.584232341158,2602.936414335101,6.35218199394285
275,Nylon,0.35,0.002405,mm,Laborbuch_Papier,0.01,0.002405,mm,3.065,0.000289,m,130,50,Hz,,Ref,2621.904748874063,4.915467108167964,4.140923517038665,2618.2753494931344,2625.4987690290827,7.223419535948324
276,Nylon,0.35,0.002405,mm,Laborbuch_Papier,0.01,0.002405,mm,3.065,0.000289,m,130,50,Hz,,Ref,2652.3562638712924,15.40844699976424,8.568227059944586,2647.645362843281,2656.656396770132,9.011033926850814
277,Nylon,0.35,0.002405,mm,Laborbuch_Papier,0.01,0.002405,mm,3.065,0.000289,m,130,50,Hz,,Ref,2672.7335204572455,3.7898820466178313,3.299054127922262,2669.6705763818222,2675.8411631169924,6.170586735170218
278,Nylon,0.35,0.002405,mm,Laborbuch_Papier,0.01,0.002405,mm,3.065,0.000289,m,130,50,Hz,,Ref,2688.411352562987,3.7065395377788573,3.2671628991358004,2683.688044805918,2691.992952405245,8.30490759932718
279,Nylon,0.35,0.002405,mm,Laborbuch_Papier,0.01,0.002405,mm,3.065,0.000289,m,130,50,Hz,,Ref,2713.5829765459825,6.641983732886358,4.629937561627579,2706.273409572959,2719.237663820502,12.964254247543067
280,Nylon,0.35,0.002405,mm,Laborbuch_Papier,0.01,0.002405,mm,3.065,0.000289,m,130,50,Hz,,Ref,2727.7050610785336,3.963018274647063,3.830698468778232,2725.701109105416,2729.3323877239636,3.63127861854764
281,Nylon,0.35,0.002405,mm,Laborbuch_Papier,0.01,0.002405,mm,3.065,0.000289,m,130,50,Hz,,Ref,2757.8568513636137,6.148640377463872,4.514254494146114,2749.2958563079237,2765.0397457255426,15.743889417618902
282,Nylon,0.35,0.002405,mm,Laborbuch_Papier,0.01,0.002405,mm,3.065,0.000289,m,130,50,Hz,,Ref,2805.539812288157,15.851899614951758,10.11238185002111,2798.3055452286676,2810.5965391401323,12.290993911464739
283,Nylon,0.35,0.002405,mm,Laborbuch_Papier,0.01,0.002405,mm,3.065,0.000289,m,130,50,Hz,,Ref,2821.7469290536214,9.475374525050102,8.578504442940094,2819.153153494894,2823.8975546565857,4.744401161691712
284,Nylon,0.35,0.002405,mm,Laborbuch_Papier,0.01,0.002405,mm,3.065,0.000289,m,130,50,Hz,,Ref,2832.4510672651927,10.935108187525971,9.026979492327989,2829.531695425417,2835.307991679445,5.776296254027784
285,Nylon,0.35,0.002405,mm,Laborbuch_Papier,0.01,0.002405,mm,3.065,0.000289,m,130,50,Hz,,Ref,2864.058245617166,10.737426687719967,10.312191090341372,2861.9761443275697,2865.921301479915,3.945157152345473
286,Nylon,0.35,0.002405,mm,Laborbuch_Papier,0.01,0.002405,mm,3.065,0.000289,m,130,50,Hz,,Ref,2879.218236586815,15.869142219628491,11.898457110598466,2873.7505331512866,2882.965289635653,9.214756484366262
287,Nylon,0.35,0.002405,mm,Laborbuch_Papier,0.01,0.002405,mm,3.065,0.000289,m,130,50,Hz,,Ref,2900.389632383363,28.00814454684349,14.266321820834749,2894.7703359223733,2906.4895137196154,11.719177797242082
288,Nylon,0.35,0.002405,mm,Laborbuch_Papier,0.01,0.002405,mm,3.065,0.000289,m,130,50,Hz,,Ref,2927.500952771496,5.462512794189325,5.3009967890628955,2924.9900395331556,2929.8110928573874,4.821053324231798
289,Nylon,0.35,0.002405,mm,Laborbuch_Papier,0.01,0.002405,mm,3.065,0.000289,m,130,50,Hz,,Ref,2954.7406301061646,17.222252387973693,11.06925232869097,2947.507225239053,2965.5384518024475,18.03122656339474
290,Nylon,0.35,0.002405,mm,Laborbuch_Papier,0.01,0.002405,mm,3.065,0.000289,m,130,50,Hz,,Ref,3016.9631088810606,9.893895497999027,9.032998329344608,3014.4102607164377,3023.284892510829,8.874631794391462
291,Nylon,0.35,0.002405,mm,Laborbuch_Papier,0.01,0.002405,mm,3.065,0.000289,m,130,50,Hz,,Ref,3038.1067675719505,9.91856150977858,8.175427228735657,3029.829764592297,3051.944221730862,22.11445713856483
292,Nylon,0.35,0.002405,mm,Laborbuch_Papier,0.01,0.002405,mm,3.065,0.000289,m,130,50,Hz,,Ref,3073.758790707124,7.485080882058363,7.046060296373652,3070.1890183023047,3076.9656628059724,6.77664450366774
293,Nylon,0.35,0.002405,mm,Laborbuch_Papier,0.01,0.002405,mm,3.065,0.000289,m,130,50,Hz,,Ref,3096.503651871305,17.932282542250597,11.775215433273145,3087.4378515546664,3104.0907611553525,16.652909600686144
294,Nylon,0.35,0.002405,mm,Laborbuch_Papier,0.01,0.002405,mm,3.065,0.000289,m,130,50,Hz,,Ref,3154.1655485339847,21.66913641167072,13.290946013303,3146.1412778401377,3166.24034462737,20.09906678723246
295,Nylon,0.35,0.002405,mm,Laborbuch_Papier,0.01,0.002405,mm,3.065,0.000289,m,130,50,Hz,,Ref,3180.4655875136987,7.8352732406401495,7.380621424913862,3177.9455794997743,3182.8651201508187,4.919540651044372
296,Nylon,0.35,0.002405,mm,Laborbuch_Papier,0.01,0.002405,mm,3.065,0.000289,m,130,50,Hz,,Ref,3215.362323101291,5.494121221663127,5.2420301851621005,3209.9108208472967,3218.122502012678,8.211681165381378
297,Nylon,0.35,0.002405,mm,Laborbuch_Papier,0.01,0.002405,mm,3.065,0.000289,m,130,50,Hz,,Ref,3234.27290931322,5.30529892565783,4.847006837299826,3229.7834051409613,3237.7095370270536,7.926131886092207
298,Nylon,0.35,0.002405,mm,Laborbuch_Papier,0.01,0.002405,mm,3.065,0.000289,m,130,50,Hz,,Ref,3304.390243699497,2.8588899050985104,2.362611306211564,3297.4552837486412,3309.7984285657058,12.343144817064513
299,Nylon,0.35,0.002405,mm,Laborbuch_Papier,0.01,0.002405,mm,3.065,0.000289,m,130,50,Hz,,Ref,3351.6938767886973,1.0586321393246096,0.8328564595397605,3347.9559037050903,3355.7975550955057,7.841651390415336
300,Nylon,0.35,0.002405,mm,Laborbuch_Papier,0.01,0.002405,mm,3.065,0.000289,m,130,50,Hz,,Ref,3368.605354377804,1.0456322288767679,0.877991502974122,3363.3340191876937,3374.728896117766,11.394876930072314
301,Nylon,0.35,0.002405,mm,Laborbuch_Papier,0.01,0.002405,mm,3.065,0.000289,m,130,50,Hz,,Ref,3411.5208360267943,0.8086934740191173,0.5550191576714423,3404.0859634413123,3420.0113998804195,15.925436439107216
302,Nylon,0.35,0.002405,mm,Laborbuch_Papier,0.01,0.002405,mm,3.065,0.000289,m,130,50,Hz,,Ref,3438.8947703836866,0.6458305206477983,0.5340707947090704,3433.3813300720267,3443.886963620918,10.505633548891183
303,Nylon,0.35,0.002405,mm,Laborbuch_Papier,0.01,0.002405,mm,3.065,0.000289,m,130,50,Hz,,Ref,3468.369586176959,0.8400190624752617,0.6420153230242165,3457.0708730303995,3478.8484157375233,21.777542707123757
304,Nylon,0.35,0.002405,mm,Laborbuch_Papier,0.01,0.002405,mm,3.065,0.000289,m,130,50,Hz,,Ref,3523.588654405527,1.207140832267801,0.8973310265018208,3515.192603393163,3532.5756091160056,17.383005722842427
305,Nylon,0.35,0.002405,mm,Laborbuch_Papier,0.01,0.002405,mm,3.065,0.000289,m,130,50,Hz,,Ref,3572.0229308403013,1.2513474802344626,0.8845974254002924,3565.390480996174,3578.929360274141,13.538879277966771
306,Nylon,0.35,0.002405,mm,Laborbuch_Papier,0.01,0.002405,mm,3.065,0.000289,m,130,50,Hz,,Ref,3615.7625557776223,1.4280910895746206,1.301642952116326,3612.272116950642,3621.6106758618107,9.338558911168548
307,Nylon,0.35,0.002405,mm,Laborbuch_Papier,0.01,0.002405,mm,3.065,0.000289,m,130,50,Hz,,Ref,3684.6105998468747,4.622686222912162,4.209272639684257,3669.3868638923464,3688.3980077422143,19.01114384986795
308,Nylon,0.35,0.002405,mm,Laborbuch_Papier,0.01,0.002405,mm,3.065,0.000289,m,130,50,Hz,,Ref,3712.8183510185117,7.305027160963605,5.363447464419429,3703.657864674811,3720.9847972345433,17.326932559732086
309,Nylon,0.35,0.002405,mm,Laborbuch_Papier,0.01,0.002405,mm,3.065,0.000289,m,130,50,Hz,,Ref,3773.9907442416925,11.578322053970226,6.188109161194509,3760.4807750525524,3786.849769211266,26.368994158713576
310,Nylon,0.35,0.002405,mm,Laborbuch_Papier,0.01,0.002405,mm,3.065,0.000289,m,130,50,Hz,,Ref,3839.1095661331733,6.310258935930372,4.8781595287191,3831.302994274476,3854.889123618769,23.586129344293113
311,Nylon,0.35,0.002405,mm,Laborbuch_Papier,0.01,0.002405,mm,3.065,0.000289,m,130,50,Hz,,Ref,3914.710063719889,5.26031161686464,4.346324618686177,3902.3327021934756,3929.86271348812,27.530011294644282
312,Nylon,0.35,0.002405,mm,Laborbuch_Papier,0.01,0.002405,mm,3.065,0.000289,m,130,50,Hz,,Ref,3978.7035829708407,4.309713979289571,3.7051909762463673,3966.047585334079,3986.1969188895996,20.14933355552057
313,Nylon,0.35,0.002405,mm,Laborbuch_Papier,0.01,0.002405,mm,3.065,0.000289,m,130,50,Hz,,Ref,4014.2722329005255,3.4719800372229663,3.2471151653668824,4008.8388349128,4020.3781388611897,11.539303948389716
314,Nylon,0.35,0.002405,mm,Laborbuch_Papier,0.01,0.002405,mm,3.065,0.000289,m,130,50,Hz,,Ref,4044.4745696955556,3.5149320860094617,3.336774716798006,4038.844881279965,4048.7565110027317,9.91162972276652
315,Nylon,0.35,0.002405,mm,Laborbuch_Papier,0.01,0.002405,mm,3.065,0.000289,m,130,50,Hz,,Ref,4067.02495628188,3.6190697675454815,3.26363319415986,4057.95852412637,4084.165582444346,26.207058317976134
316,Nylon,0.35,0.002405,mm,Laborbuch_Papier,0.01,0.002405,mm,3.065,0.000289,m,130,50,Hz,,Ref,4124.8809335706865,3.0062345176135894,2.796868698757482,4109.846016077205,4128.97790394408,19.13188786687533
317,Nylon,0.35,0.002405,mm,Laborbuch_Papier,0.01,0.002405,mm,3.065,0.000289,m,130,50,Hz,,Ref,4185.959183874836,2.172632979025637,1.973812555676935,4178.78168125753,4194.569093961865,15.787412704335111
318,Nylon,0.35,0.002405,mm,Laborbuch_Papier,0.01,0.002405,mm,3.065,0.000289,m,130,50,Hz,,Ref,4261.858143880263,2.3040843599959557,2.034003884482731,4234.543464804281,4278.156953968192,43.613489163911254
319,Nylon,0.35,0.002405,mm,Laborbuch_Papier,0.01,0.002405,mm,3.065,0.000289,m,130,50,Hz,,Ref,4322.984740072266,2.2116050016273148,2.012986886004224,4314.343645737383,4343.72718896009,29.383543222706976
320,Nylon,0.35,0.002405,mm,Laborbuch_Papier,0.01,0.002405,mm,3.065,0.000289,m,130,50,Hz,,Ref,4402.13039322332,2.362766338329892,2.0099976286214174,4386.236814727708,4421.516904457915,35.28008973020678
321,Nylon,0.35,0.002405,mm,Laborbuch_Papier,0.01,0.002405,mm,3.065,0.000289,m,130,50,Hz,,Ref,4483.811857644053,2.171734537968572,1.8534690382982117,4475.520861110064,4493.155428145458,17.634567035393957
322,Nylon,0.35,0.002405,mm,Laborbuch_Papier,0.01,0.002405,mm,3.065,0.000289,m,130,50,Hz,,Ref,4683.521312017651,2.8980945887151757,2.750539147783299,4677.2000690230425,4689.941327847402,12.741258824359647
323,Nylon,0.35,0.002405,mm,Laborbuch_Papier,0.01,0.002405,mm,3.065,0.000289,m,130,50,Hz,,Ref,4755.0666014902845,4.10951145236379,3.5516888778413724,4745.525310593182,4762.9590209061225,17.433710312940093
324,Nylon,0.35,0.002405,mm,Laborbuch_Papier,0.01,0.002405,mm,3.065,0.000289,m,130,50,Hz,,Ref,4840.837439215281,4.264029865976644,3.8968241102130277,4815.793613463729,4849.861176425549,34.06756296181993
325,Nylon,0.35,0.002405,mm,Laborbuch_Papier,0.01,0.002405,mm,3.065,0.000289,m,130,50,Hz,,Ref,4890.921253896589,4.652450559105845,3.3282057195226953,4793.276435057851,4911.874410730013,118.59797567216174
326,Nylon,0.35,0.002405,mm,Laborbuch_Papier,0.01,0.002405,mm,3.065,0.000289,m,130,50,Hz,,Ref,4940.4205432606595,3.8186030467996455,3.3849681814971184,4931.418058731575,4957.90249709434,26.484438362765104
327,Nylon,0.35,0.002405,mm,Laborbuch_Papier,0.01,0.002405,mm,3.065,0.000289,m,130,50,Hz,,Ref,5022.417961887113,3.1033213417861396,2.960695824032987,5013.13103120485,5030.715413989354,17.58438278450376
328,Nylon,0.35,0.002405,mm,Laborbuch_Papier,0.01,0.002405,mm,3.065,0.000289,m,130,50,Hz,,Ref,5107.977157796169,3.3500450602937066,3.015746180237042,5062.970936064559,5125.5983838249695,62.62744776041018
329,Nylon,0.35,0.002405,mm,Laborbuch_Papier,0.01,0.002405,mm,3.065,0.000289,m,130,50,Hz,,Ref,5258.6473596547785,2.6739042799527115,2.4084512323666116,5249.8527614010645,5279.42856538371,29.575803982645084
330,Nylon,0.35,0.002405,mm,Laborbuch_Papier,0.01,0.002405,mm,3.065,0.000289,m,130,50,Hz,,Ref,5314.91458585012,3.29022793498749,2.7960667409190294,5306.55674656487,5332.880320239631,26.323573674761064
331,Nylon,0.35,0.002405,mm,Laborbuch_Papier,0.01,0.002405,mm,3.065,0.000289,m,130,50,Hz,,Ref,5389.174524620785,3.222779766435793,2.9609817085233656,5376.829648695384,5398.451778160848,21.62212946546424
332,Nylon,0.35,0.002405,mm,Laborbuch_Papier,0.01,0.002405,mm,3.065,0.000289,m,130,50,Hz,,Ref,5454.136834195441,5.0040519423591485,3.7561532573237537,5439.968325849013,5464.345865819387,24.37753997037362
333,Nylon,0.35,0.002405,mm,Laborbuch_Papier,0.01,0.002405,mm,3.065,0.000289,m,130,50,Hz,,Ref,5516.973158293759,3.604926900452423,3.199163578198987,5497.90065415987,5536.197034709884,38.296380550013964
334,Nylon,0.35,0.002405,mm,Laborbuch_Papier,0.01,0.002405,mm,3.065,0.000289,m,130,50,Hz,,Ref,5596.446041730327,4.851279108707742,4.578790833651256,5591.129624922785,5602.069287118539,10.939662195753954
335,Nylon,0.35,0.002405,mm,Laborbuch_Papier,0.01,0.002405,mm,3.065,0.000289,m,130,50,Hz,,Ref,5625.094984309935,5.297343593617255,3.3620645159274654,5578.407992875633,5663.536366474286,85.12837359865352
336,Nylon,0.35,0.002405,mm,Laborbuch_Papier,0.01,0.002405,mm,3.065,0.000289,m,130,50,Hz,,Ref,5698.248541445859,2.570672161127159,2.4163892871350643,5691.69646608807,5704.061869242455,12.365403154384694
337,Nylon,0.35,0.002405,mm,Laborbuch_Papier,0.01,0.002405,mm,3.065,0.000289,m,130,50,Hz,,Ref,5775.063833984726,1.7203159938881194,1.5016684555497575,5764.429550116099,5789.837759355622,25.408209239523785
338,Nylon,0.35,0.002405,mm,Laborbuch_Papier,0.01,0.002405,mm,3.065,0.000289,m,130,50,Hz,,Ref,5818.043764365347,1.813810703807007,1.6409620032967884,5811.644645396883,5828.238705467576,16.59406007069356
339,Nylon,0.35,0.002405,mm,Laborbuch_Papier,0.01,0.002405,mm,3.065,0.000289,m,130,50,Hz,,Ref,5872.789333610962,2.0342086310486787,1.6535741513597912,5857.12758443139,5950.652246481754,93.5246620503649
340,Nylon,0.35,0.002405,mm,Laborbuch_Papier,0.01,0.002405,mm,3.065,0.000289,m,130,50,Hz,,Ref,5981.873938072218,1.6453148882137594,1.4258061702512963,5971.318346090565,5992.263728701191,20.94538261062644
341,Nylon,0.35,0.002405,mm,Laborbuch_Papier,0.01,0.002405,mm,3.065,0.000289,m,130,50,Hz,,Ref,6082.724577231272,3.282685987611286,3.129482739673492,6075.2161130429295,6092.961298678884,17.74518563595484
342,Nylon,0.35,0.002405,mm,Laborbuch_Papier,0.01,0.002405,mm,3.065,0.000289,m,130,50,Hz,,Ref,6135.709567373093,4.200922692870578,2.8752823390756874,6068.417384343474,6156.473482158633,88.05609781515886
343,Nylon,0.35,0.002405,mm,Laborbuch_Papier,0.01,0.002405,mm,3.065,0.000289,m,130,50,Hz,,Ref,6211.773784391922,3.045983023718947,2.850251641075914,6180.208192665093,6232.267510691991,52.059318026898836
344,Nylon,0.35,0.002405,mm,Laborbuch_Papier,0.01,0.002405,mm,3.065,0.000289,m,130,50,Hz,,Ref,6273.627000268255,2.6566551990512033,2.502139527497123,6260.219583283976,6285.684363814126,25.464780530150165
345,Nylon,0.35,0.002405,mm,Laborbuch_Papier,0.01,0.002405,mm,3.065,0.000289,m,130,50,Hz,,Ref,6309.892934405697,2.5773360421328046,2.4755478840270673,6302.783076350413,6316.962199333703,14.179122983290654
346,Nylon,0.35,0.002405,mm,Laborbuch_Papier,0.01,0.002405,mm,3.065,0.000289,m,130,50,Hz,,Ref,6456.767106875402,3.7920815224443505,2.907389938335936,6438.556930716844,6520.231841631809,81.67491091496504
347,Nylon,0.35,0.002405,mm,Laborbuch_Papier,0.01,0.002405,mm,3.065,0.000289,m,130,50,Hz,,Ref,6492.292819036373,3.6136527562033987,3.4073113641277653,6482.781935083781,6505.045766936451,22.26383185267059
348,Nylon,0.35,0.002405,mm,Laborbuch_Papier,0.01,0.002405,mm,3.065,0.000289,m,130,50,Hz,,Ref,6780.755728608569,3.5091743485480333,3.2839571041742723,6772.255326862896,6791.879698422115,19.62437155921907
349,Nylon,0.35,0.002405,mm,Laborbuch_Papier,0.01,0.002405,mm,3.065,0.000289,m,130,50,Hz,,Ref,6827.383760865452,3.617350152838224,3.390983608100978,6817.77547893173,6839.636854885803,21.861375954073083
350,Nylon,0.35,0.002405,mm,Laborbuch_Papier,0.01,0.002405,mm,3.065,0.000289,m,130,50,Hz,,Ref,6901.7906475158,5.069768578691547,2.9418550317810372,6765.43143977915,6923.548441140485,158.1170013613346
351,Nylon,0.35,0.002405,mm,Laborbuch_Papier,0.01,0.002405,mm,3.065,0.000289,m,130,50,Hz,,Ref,7069.647382191337,1.937001749534393,1.820760575333419,7054.810235896139,7078.575538728774,23.765302832634916
352,Nylon,0.35,0.002405,mm,Laborbuch_Papier,0.01,0.002405,mm,3.065,0.000289,m,130,50,Hz,,Ref,7116.016369341503,3.0569233451834457,2.0211814210807564,7097.503395948567,7186.901158766939,89.39776281837203
353,Nylon,0.35,0.002405,mm,Laborbuch_Papier,0.01,0.002405,mm,3.065,0.000289,m,130,50,Hz,,Ref,7171.293626782261,2.5576097652271943,2.316533231198324,7163.102909561464,7180.958009833126,17.855100271662195
354,Nylon,0.35,0.002405,mm,Laborbuch_Papier,0.01,0.002405,mm,3.065,0.000289,m,130,50,Hz,,Ref,7237.240975349367,1.6322678443770278,1.524684886230982,7230.365864024302,7244.289870921585,13.924006897283107
355,Nylon,0.35,0.002405,mm,Laborbuch_Papier,0.01,0.002405,mm,3.065,0.000289,m,130,50,Hz,,Ref,7318.479690856138,1.4962553712853368,1.3310551625321971,7306.26832798962,7327.919467723705,21.65113973408461
356,Nylon,0.35,0.002405,mm,Laborbuch_Papier,0.01,0.002405,mm,3.065,0.000289,m,130,50,Hz,,Ref,7388.651466597175,1.512300099525328,1.3001618584637074,7372.974601166097,7401.513139158198,28.538537992100828
357,Nylon,0.35,0.002405,mm,Laborbuch_Papier,0.01,0.002405,mm,3.065,0.000289,m,130,50,Hz,,Ref,7524.155274178521,3.173864278222615,2.8698076009403555,7514.520536660949,7553.366178239111,38.84564157816203
358,Nylon,0.35,0.002405,mm,Laborbuch_Papier,0.01,0.002405,mm,3.065,0.000289,m,130,50,Hz,,Ref,7672.588114556094,5.61585475542497,3.497692081701701,7624.763188544041,7767.585416840821,142.82222829677994
359,Nylon,0.35,0.002405,mm,Laborbuch_Papier,0.01,0.002405,mm,3.065,0.000289,m,130,50,Hz,,Ref,7754.565014887595,4.407299490886587,4.093972334061675,7725.616391219946,7761.580178165025,35.96378694507894
360,Nylon,0.35,0.002405,mm,Laborbuch_Papier,0.01,0.002405,mm,3.065,0.000289,m,130,50,Hz,,Ref,7890.583269846497,9.510107160851783,8.243134825401686,7879.11491239542,7926.704963808647,47.59005141322723
361,Nylon,0.35,0.002405,mm,Laborbuch_Papier,0.01,0.002405,mm,3.065,0.000289,m,130,50,Hz,,Ref,7917.407728384399,8.917227391499319,8.738502249887794,7912.50440561326,7921.826364973877,9.321959360617257
362,Nylon,0.35,0.002405,mm,Laborbuch_Papier,0.01,0.002405,mm,3.065,0.000289,m,130,50,Hz,,Ref,7975.65650254475,13.316722344120352,8.816696797826014,7953.958269041327,8068.75364150244,114.79537246111249
363,Nylon,0.35,0.002405,mm,Laborbuch_Papier,0.01,0.002405,mm,3.065,0.000289,m,130,50,Hz,,Ref,8058.266505898913,11.655090795234578,10.388217541243321,8034.364730746828,8064.997803598507,30.633072851678662
364,Nylon,0.35,0.002405,mm,Laborbuch_Papier,0.01,0.002405,mm,3.065,0.000289,m,130,50,Hz,,Ref,8143.142047420509,18.181187729270246,9.451308175260117,8131.619500205998,8161.147320250015,29.527820044017062
365,Nylon,0.35,0.002405,mm,Laborbuch_Papier,0.01,0.002405,mm,3.065,0.000289,m,130,50,Hz,,Ref,8198.665342478804,13.546188933247603,11.182501211849456,8182.056872412811,8216.224299237236,34.16742682442509
366,Nylon,0.35,0.002405,mm,Laborbuch_Papier,0.01,0.002405,mm,3.065,0.000289,m,130,50,Hz,,Ref,8261.716805130973,16.631485089760133,12.29059846512327,8252.312410847953,8274.569831111257,22.257420263304084
367,Nylon,0.35,0.002405,mm,Laborbuch_Papier,0.01,0.002405,mm,3.065,0.000289,m,130,50,Hz,,Ref,8339.488493061343,11.857035810190787,9.814854179902763,8313.792822350977,8351.530535702854,37.737713351876664
368,Nylon,0.35,0.002405,mm,Laborbuch_Papier,0.01,0.002405,mm,3.065,0.000289,m,130,50,Hz,,Ref,8403.33193321231,6.902302951015562,6.790966819784659,8389.245862233343,8408.021759886324,18.775897652980348
369,Nylon,0.35,0.002405,mm,Laborbuch_Papier,0.01,0.002405,mm,3.065,0.000289,m,130,50,Hz,,Ref,8649.940477499738,11.002171454931945,8.627205450578684,8631.98603709533,8675.740320587223,43.75428349189315
370,Nylon,0.35,0.002405,mm,Laborbuch_Papier,0.01,0.002405,mm,3.065,0.000289,m,130,50,Hz,,Ref,8703.961196849856,10.317061807668537,9.385772265894119,8693.04985157903,8712.170454138733,19.12060255970391
371,Nylon,0.35,0.002405,mm,Laborbuch_Papier,0.01,0.002405,mm,3.065,0.000289,m,130,50,Hz,,Ref,8777.076846182355,11.83618752643016,6.478982894905332,8743.840035797244,8823.501588798274,79.66155300102946
372,Nylon,0.35,0.002405,mm,Laborbuch_Papier,0.01,0.002405,mm,3.065,0.000289,m,130,50,Hz,,Ref,8976.853120169484,5.649641209243059,5.077118020392908,8970.637816584089,8983.971474224554,13.33365764046539
373,Nylon,0.35,0.002405,mm,Laborbuch_Papier,0.01,0.002405,mm,3.065,0.000289,m,130,50,Hz,,Ref,9031.455796541419,7.333430808015299,5.5244380190376905,9010.143545692068,9045.40191475371,35.25836906164113
374,Nylon,0.35,0.002405,mm,Laborbuch_Papier,0.01,0.002405,mm,3.065,0.000289,m,130,50,Hz,,Ref,9181.635800497,25.116899427067132,24.121946007964567,9177.220688266052,9188.386194778088,11.16550651203579
375,Nylon,0.35,0.002405,mm,Laborbuch_Papier,0.01,0.002405,mm,3.065,0.000289,m,130,50,Hz,,Ref,9207.639658388272,25.583443704445685,13.087950241098028,9160.885600288531,9229.845227927348,68.95962763881653
376,Nylon,0.35,0.002405,mm,Laborbuch_Papier,0.01,0.002405,mm,3.065,0.000289,m,130,50,Hz,,Ref,9307.951475942658,18.8397138866357,13.682403910190782,9293.135690049696,9326.88124815082,33.745558101123606
377,Nylon,0.35,0.002405,mm,Laborbuch_Papier,0.01,0.002405,mm,3.065,0.000289,m,130,50,Hz,,Ref,9353.404434695578,17.16896955289591,15.179406805687123,9344.986487844439,9360.785362959228,15.798875114789553
378,Nylon,0.35,0.002405,mm,Laborbuch_Papier,0.01,0.002405,mm,3.065,0.000289,m,130,50,Hz,,Ref,9529.413127134381,7.873746889315036,4.657637458099456,9514.57432178279,9590.882058440324,76.3077366575344
379,Nylon,0.35,0.002405,mm,Laborbuch_Papier,0.01,0.002405,mm,3.065,0.000289,m,130,50,Hz,,Ref,9564.163868150805,7.384177995531242,6.994211875224229,9556.6593493935,9571.490130745224,14.830781351724
380,Nylon,0.35,0.002405,mm,Laborbuch_Papier,0.01,0.002405,mm,3.065,0.000289,m,130,50,Hz,,Ref,9644.950790200252,4.187745553796569,4.074904168693456,9633.823568452837,9652.896061301773,19.072492848936236
381,Nylon,0.35,0.002405,mm,Laborbuch_Papier,0.01,0.002405,mm,3.065,0.000289,m,130,50,Hz,,Ref,9712.657220213205,4.100311265635907,3.9012193520106457,9692.72070146744,9723.838080332918,31.117378865477804
382,Nylon,0.35,0.002405,mm,Laborbuch_Papier,0.01,0.002405,mm,3.065,0.000289,m,130,50,Hz,,Ref,10189.076074298091,3.2655975228336125,2.6415613951633397,10103.148367828218,10362.332678266062,259.18431043784403
383,Nylon,0.35,0.002405,mm,Laborbuch_Papier,0.01,0.002405,mm,3.065,0.000289,m,130,50,Hz,,Ref,10328.854090191378,3.1010986094883903,2.901126570898974,10309.239352316921,10345.639554284124,36.40020196720252
384,Nylon,0.35,0.002405,mm,Laborbuch_Papier,0.01,0.002405,mm,3.065,0.000289,m,130,50,Hz,,Ref,10696.845907508601,3.4325745248346564,2.0908190746577686,10456.095903625343,10934.51053769338,478.41463406803814
385,Nylon,0.35,0.002405,mm,Laborbuch_Papier,0.01,0.002405,mm,3.065,0.000289,m,130,50,Hz,,Ref,11152.795739906891,2.4895866491367378,2.2483400244080998,11137.314509840484,11168.51336014085,31.198850300366757
386,Nylon,0.35,0.002405,mm,Laborbuch_Papier,0.01,0.002405,mm,3.065,0.000289,m,130,50,Hz,,Ref,11228.580855777833,3.505329987560927,3.4051260272991106,11222.274596040426,11236.66322796382,14.388631923393405
387,Nylon,0.35,0.002405,mm,Laborbuch_Papier,0.01,0.002405,mm,3.065,0.000289,m,130,50,Hz,,Ref,11284.97581693543,5.0788431907981995,4.558906310914408,11272.650508075654,11300.662301030088,28.011792954433986
388,Nylon,0.35,0.002405,mm,Laborbuch_Papier,0.01,0.002405,mm,3.065,0.000289,m,130,50,Hz,,Ref,11354.622739528042,5.442155805362804,5.244998334906773,11346.717479299194,11362.883281704726,16.165802405532304
389,Nylon,0.35,0.002405,mm,Laborbuch_Papier,0.01,0.002405,mm,3.065,0.000289,m,130,50,Hz,,Ref,11422.36983887709,10.2365039964913,8.972674397304809,11411.07992223723,11432.48312642112,21.40320418389092
390,Nylon,0.35,0.002405,mm,Laborbuch_Papier,0.01,0.002405,mm,3.065,0.000289,m,130,50,Hz,,Ref,11491.714978863922,13.847092721056455,12.052529656568215,11478.987193867317,11504.855288163155,25.86809429583809
391,Nylon,0.35,0.002405,mm,Laborbuch_Papier,0.01,0.002405,mm,3.065,0.000289,m,130,50,Hz,,Ref,11574.968424951205,25.88369669230943,13.31626284430358,11542.811814524413,11604.937049287968,62.125234763554545
392,Nylon,0.35,0.002405,mm,Laborbuch_Papier,0.01,0.002405,mm,3.065,0.000289,m,130,50,Hz,,Ref,11662.100340722594,18.505941377527257,14.812726895574787,11646.6291496752,11711.611200209205,64.98205053400488
393,Nylon,0.35,0.002405,mm,Laborbuch_Papier,0.01,0.002405,mm,3.065,0.000289,m,130,50,Hz,,Ref,11699.540189228139,18.160149141795678,17.099823110133922,11691.84466614493,11705.709262767878,13.86459662294692
394,Nylon,0.35,0.002405,mm,Laborbuch_Papier,0.01,0.002405,mm,3.065,0.000289,m,130,50,Hz,,Ref,11779.584423045219,7.354872185671899,7.060243826514664,11765.405967734323,11787.88197698816,22.47600925383631
395,Nylon,0.35,0.002405,mm,Laborbuch_Papier,0.01,0.002405,mm,3.065,0.000289,m,130,50,Hz,,Ref,11858.807292015876,5.664410299164919,5.209758251709512,11843.804290408856,11868.941635094456,25.1373446855996
396,Nylon,0.35,0.002405,mm,Laborbuch_Papier,0.01,0.002405,mm,3.065,0.000289,m,130,50,Hz,,Ref,12067.883604126884,3.7941509899601624,2.67784207677711,11981.822486879832,12092.891612236084,111.0691253562527
397,Nylon,0.35,0.002405,mm,Laborbuch_Papier,0.01,0.002405,mm,3.065,0.000289,m,130,50,Hz,,Ref,12275.638141073316,5.133991448300065,3.0001052067341867,12246.62320981992,12335.108381961658,88.48517214173808
398,Nylon,0.35,0.002405,mm,Laborbuch_Papier,0.01,0.002405,mm,3.065,0.000289,m,130,50,Hz,,Ref,12687.528653236139,6.2948258662288685,5.7682893818051495,12670.648352497434,12702.280705765048,31.632353267614235
399,Nylon,0.35,0.002405,mm,Laborbuch_Papier,0.01,0.002405,mm,3.065,0.000289,m,130,50,Hz,,Ref,12812.138074819728,7.870677173176649,4.92634975596882,12653.887890088943,12880.004655584917,226.1167654959736
400,Nylon,0.35,0.002405,mm,Laborbuch_Papier,0.01,0.002405,mm,3.065,0.000289,m,126,50,Hz,"Maximale Frequenz angegeben, Calib Sign nicht Ã¼bertragen, Enden stimmen Ã¼berein",Mes,108.12092986580043,0.30300035597957853,0.18344448755833048,104.63945317922209,110.8775774736677,6.238124294445612
401,Nylon,0.35,0.002405,mm,Laborbuch_Papier,0.01,0.002405,mm,3.065,0.000289,m,126,50,Hz,"Maximale Frequenz angegeben, Calib Sign nicht Ã¼bertragen, Enden stimmen Ã¼berein",Mes,173.65130212894616,2.7115365449212785,1.9640110238370543,171.60016906211885,177.11653318368835,5.516364121569495
402,Nylon,0.35,0.002405,mm,Laborbuch_Papier,0.01,0.002405,mm,3.065,0.000289,m,126,50,Hz,"Maximale Frequenz angegeben, Calib Sign nicht Ã¼bertragen, Enden stimmen Ã¼berein",Mes,182.4918566284702,2.1193196519030915,1.8499817273981973,181.2406356541371,184.38135555504329,3.1407199009061912
403,Nylon,0.35,0.002405,mm,Laborbuch_Papier,0.01,0.002405,mm,3.065,0.000289,m,126,50,Hz,"Maximale Frequenz angegeben, Calib Sign nicht Ã¼bertragen, Enden stimmen Ã¼berein",Mes,187.51227510884414,1.657197208851476,1.4439605758098828,186.87050533305654,188.34603089927106,1.4755255662145146
404,Nylon,0.35,0.002405,mm,Laborbuch_Papier,0.01,0.002405,mm,3.065,0.000289,m,126,50,Hz,"Maximale Frequenz angegeben, Calib Sign nicht Ã¼bertragen, Enden stimmen Ã¼berein",Mes,190.5613943348529,1.6013435166286616,1.4927727962422157,189.944998372498,191.034926830107,1.0899284576090054
405,Nylon,0.35,0.002405,mm,Laborbuch_Papier,0.01,0.002405,mm,3.065,0.000289,m,126,50,Hz,"Maximale Frequenz angegeben, Calib Sign nicht Ã¼bertragen, Enden stimmen Ã¼berein",Mes,194.6319938022454,1.8433934672783765,1.7119483132237268,193.94421356118738,195.18847996683107,1.2442664056436854
406,Nylon,0.35,0.002405,mm,Laborbuch_Papier,0.01,0.002405,mm,3.065,0.000289,m,126,50,Hz,"Maximale Frequenz angegeben, Calib Sign nicht Ã¼bertragen, Enden stimmen Ã¼berein",Mes,210.92352444146746,3.5501961907668766,1.802441874665238,197.95297093424006,226.29028083508578,28.337309900845725
407,Nylon,0.35,0.002405,mm,Laborbuch_Papier,0.01,0.002405,mm,3.065,0.000289,m,126,50,Hz,"Maximale Frequenz angegeben, Calib Sign nicht Ã¼bertragen, Enden stimmen Ã¼berein",Mes,265.36426329772814,2.0696433391820905,1.9127113340447544,264.18143676074675,266.56571950343863,2.3842827426918802
408,Nylon,0.35,0.002405,mm,Laborbuch_Papier,0.01,0.002405,mm,3.065,0.000289,m,126,50,Hz,"Maximale Frequenz angegeben, Calib Sign nicht Ã¼bertragen, Enden stimmen Ã¼berein",Mes,270.60444532443927,2.569319479897915,2.3583922805620734,269.54238719903867,271.9321497347392,2.3897625357005268
409,Nylon,0.35,0.002405,mm,Laborbuch_Papier,0.01,0.002405,mm,3.065,0.000289,m,126,50,Hz,"Maximale Frequenz angegeben, Calib Sign nicht Ã¼bertragen, Enden stimmen Ã¼berein",Mes,275.8780358627942,2.93352460697138,1.8837266211092878,268.36365386118376,287.33747296867523,18.973819107491465
410,Nylon,0.35,0.002405,mm,Laborbuch_Papier,0.01,0.002405,mm,3.065,0.000289,m,126,50,Hz,"Maximale Frequenz angegeben, Calib Sign nicht Ã¼bertragen, Enden stimmen Ã¼berein",Mes,283.93257703598164,2.9054461679916286,2.458883006584051,281.60634054596943,285.7376792810786,4.131338735109182
411,Nylon,0.35,0.002405,mm,Laborbuch_Papier,0.01,0.002405,mm,3.065,0.000289,m,126,50,Hz,"Maximale Frequenz angegeben, Calib Sign nicht Ã¼bertragen, Enden stimmen Ã¼berein",Mes,295.61509032977585,2.2011347774796026,1.8058077527017398,293.415471335205,297.0689371575738,3.653465822368844
412,Nylon,0.35,0.002405,mm,Laborbuch_Papier,0.01,0.002405,mm,3.065,0.000289,m,126,50,Hz,"Maximale Frequenz angegeben, Calib Sign nicht Ã¼bertragen, Enden stimmen Ã¼berein",Mes,305.14981487136123,1.4061954314030174,1.049118935265606,303.55712109221537,309.1075399147981,5.550418822582742
413,Nylon,0.35,0.002405,mm,Laborbuch_Papier,0.01,0.002405,mm,3.065,0.000289,m,126,50,Hz,"Maximale Frequenz angegeben, Calib Sign nicht Ã¼bertragen, Enden stimmen Ã¼berein",Mes,318.6296313327538,1.2265592619401782,0.8289322476514173,314.7291688129556,321.3952354486067,6.666066635651077
414,Nylon,0.35,0.002405,mm,Laborbuch_Papier,0.01,0.002405,mm,3.065,0.000289,m,126,50,Hz,"Maximale Frequenz angegeben, Calib Sign nicht Ã¼bertragen, Enden stimmen Ã¼berein",Mes,329.38539981861453,0.7794379167713124,0.6450905608819972,328.1115776463518,333.15328015651414,5.041702510162338
415,Nylon,0.35,0.002405,mm,Laborbuch_Papier,0.01,0.002405,mm,3.065,0.000289,m,126,50,Hz,"Maximale Frequenz angegeben, Calib Sign nicht Ã¼bertragen, Enden stimmen Ã¼berein",Mes,368.01616423128104,0.7923333030026352,0.6499841255149182,362.11370739177715,371.8351441763777,9.721436784600542
416,Nylon,0.35,0.002405,mm,Laborbuch_Papier,0.01,0.002405,mm,3.065,0.000289,m,126,50,Hz,"Maximale Frequenz angegeben, Calib Sign nicht Ã¼bertragen, Enden stimmen Ã¼berein",Mes,406.3224160470585,0.8526696822579308,0.5860018009674473,387.53386815289724,414.10544218243007,26.571574029532826
417,Nylon,0.35,0.002405,mm,Laborbuch_Papier,0.01,0.002405,mm,3.065,0.000289,m,126,50,Hz,"Maximale Frequenz angegeben, Calib Sign nicht Ã¼bertragen, Enden stimmen Ã¼berein",Mes,507.7994143017673,0.3627835244119702,0.2558294456935549,500.70779608827223,521.2394055890768,20.531609500804564
418,Nylon,0.35,0.002405,mm,Laborbuch_Papier,0.01,0.002405,mm,3.065,0.000289,m,126,50,Hz,"Maximale Frequenz angegeben, Calib Sign nicht Ã¼bertragen, Enden stimmen Ã¼berein",Mes,655.4038777144102,0.5623667437871989,0.30500594093586486,628.0124278334031,684.3691312473599,56.35670341395678
419,Nylon,0.35,0.002405,mm,Laborbuch_Papier,0.01,0.002405,mm,3.065,0.000289,m,126,50,Hz,"Maximale Frequenz angegeben, Calib Sign nicht Ã¼bertragen, Enden stimmen Ã¼berein",Mes,10330.602960864986,0.41009636811442435,0.217925510651202,10247.423991497835,10405.244367370178,157.820375872343
420,Nylon,0.35,0.002405,mm,Laborbuch_Papier,0.01,0.002405,mm,3.065,0.000289,m,126,50,Hz,"Maximale Frequenz angegeben, Calib Sign nicht Ã¼bertragen, Enden stimmen Ã¼berein",Ref,772.5141136309088,1.9434648824759264,1.4703980136756778,703.1206213956523,788.5939674078146,85.47334601216232
421,Nylon,0.35,0.002405,mm,Laborbuch_Papier,0.01,0.002405,mm,3.065,0.000289,m,126,50,Hz,"Maximale Frequenz angegeben, Calib Sign nicht Ã¼bertragen, Enden stimmen Ã¼berein",Ref,919.6486571088436,0.972170264531586,0.7952623815744213,904.4393042619635,930.3583452477559,25.919040985792435
422,Nylon,0.35,0.002405,mm,Laborbuch_Papier,0.01,0.002405,mm,3.065,0.000289,m,126,50,Hz,"Maximale Frequenz angegeben, Calib Sign nicht Ã¼bertragen, Enden stimmen Ã¼berein",Ref,1003.1292057794054,1.8087245168009483,1.3379474008644205,984.6847161792826,1019.5351417984389,34.850425619156226
423,Nylon,0.35,0.002405,mm,Laborbuch_Papier,0.01,0.002405,mm,3.065,0.000289,m,126,50,Hz,"Maximale Frequenz angegeben, Calib Sign nicht Ã¼bertragen, Enden stimmen Ã¼berein",Ref,1029.6553813500088,1.670008447174554,1.4976452924051478,1025.551088408869,1033.2829706655555,7.731882256686504
424,Nylon,0.35,0.002405,mm,Laborbuch_Papier,0.01,0.002405,mm,3.065,0.000289,m,126,50,Hz,"Maximale Frequenz angegeben, Calib Sign nicht Ã¼bertragen, Enden stimmen Ã¼berein",Ref,1151.1453760421946,1.3808363769181395,1.1950705137343482,1131.2061132724714,1160.0160612126813,28.809947940209895
425,Nylon,0.35,0.002405,mm,Laborbuch_Papier,0.01,0.002405,mm,3.065,0.000289,m,126,50,Hz,"Maximale Frequenz angegeben, Calib Sign nicht Ã¼bertragen, Enden stimmen Ã¼berein",Ref,1253.0769960374091,1.4041453286525123,1.2163570780888566,1236.9567985271694,1272.5371848242137,35.58038629704424
426,Nylon,0.35,0.002405,mm,Laborbuch_Papier,0.01,0.002405,mm,3.065,0.000289,m,126,50,Hz,"Maximale Frequenz angegeben, Calib Sign nicht Ã¼bertragen, Enden stimmen Ã¼berein",Ref,1310.1488802108158,1.37038811916698,1.2677176054665202,1301.571695034895,1312.7375868201982,11.165891785303302
427,Nylon,0.35,0.002405,mm,Laborbuch_Papier,0.01,0.002405,mm,3.065,0.000289,m,126,50,Hz,"Maximale Frequenz angegeben, Calib Sign nicht Ã¼bertragen, Enden stimmen Ã¼berein",Ref,1355.2192153686415,1.9236449544035774,1.5596463751738494,1338.402861498304,1360.1874377410506,21.784576242746652
428,Nylon,0.35,0.002405,mm,Laborbuch_Papier,0.01,0.002405,mm,3.065,0.000289,m,126,50,Hz,"Maximale Frequenz angegeben, Calib Sign nicht Ã¼bertragen, Enden stimmen Ã¼berein",Ref,1407.6343703119996,1.8052688321323174,1.6603542093937307,1404.9342093812004,1410.6273678188745,5.693158437674128
429,Nylon,0.35,0.002405,mm,Laborbuch_Papier,0.01,0.002405,mm,3.065,0.000289,m,126,50,Hz,"Maximale Frequenz angegeben, Calib Sign nicht Ã¼bertragen, Enden stimmen Ã¼berein",Ref,1433.7419716212635,2.1193290394527575,1.5815794500742355,1416.0547836904773,1448.2467959258172,32.19201223533992
430,Nylon,0.35,0.002405,mm,Laborbuch_Papier,0.01,0.002405,mm,3.065,0.000289,m,126,50,Hz,"Maximale Frequenz angegeben, Calib Sign nicht Ã¼bertragen, Enden stimmen Ã¼berein",Ref,1488.9821118880948,2.689409487262648,2.1581835899661552,1470.8398248791698,1500.652466838359,29.81264195918925
431,Nylon,0.35,0.002405,mm,Laborbuch_Papier,0.01,0.002405,mm,3.065,0.000289,m,126,50,Hz,"Maximale Frequenz angegeben, Calib Sign nicht Ã¼bertragen, Enden stimmen Ã¼berein",Ref,1548.547725466621,3.8653078976865727,2.749681511725236,1540.6312392646546,1553.35777304753,12.726533782875322
432,Nylon,0.35,0.002405,mm,Laborbuch_Papier,0.01,0.002405,mm,3.065,0.000289,m,126,50,Hz,"Maximale Frequenz angegeben, Calib Sign nicht Ã¼bertragen, Enden stimmen Ã¼berein",Ref,1598.2298904176832,3.939916389018067,2.904286274779932,1594.4277433708246,1603.4410309741008,9.01328760327624
433,Nylon,0.35,0.002405,mm,Laborbuch_Papier,0.01,0.002405,mm,3.065,0.000289,m,126,50,Hz,"Maximale Frequenz angegeben, Calib Sign nicht Ã¼bertragen, Enden stimmen Ã¼berein",Ref,1625.7942475948864,3.1965769819280037,2.697127467784526,1622.2947806183756,1630.6308924139648,8.336111795589204
434,Nylon,0.35,0.002405,mm,Laborbuch_Papier,0.01,0.002405,mm,3.065,0.000289,m,126,50,Hz,"Maximale Frequenz angegeben, Calib Sign nicht Ã¼bertragen, Enden stimmen Ã¼berein",Ref,1670.0127232148789,5.280445458016062,2.922452562595292,1664.3162363049587,1681.9236883870533,17.607452082094596
435,Nylon,0.35,0.002405,mm,Laborbuch_Papier,0.01,0.002405,mm,3.065,0.000289,m,126,50,Hz,"Maximale Frequenz angegeben, Calib Sign nicht Ã¼bertragen, Enden stimmen Ã¼berein",Ref,1753.2103683390396,3.0427464126070207,2.126937012334648,1731.395546999309,1757.5872690453746,26.19172204606548
436,Nylon,0.35,0.002405,mm,Laborbuch_Papier,0.01,0.002405,mm,3.065,0.000289,m,126,50,Hz,"Maximale Frequenz angegeben, Calib Sign nicht Ã¼bertragen, Enden stimmen Ã¼berein",Ref,1794.9171368156103,2.1210702616066723,1.8776209285553989,1782.3362798701835,1800.3677493415819,18.031469471398395
437,Nylon,0.35,0.002405,mm,Laborbuch_Papier,0.01,0.002405,mm,3.065,0.000289,m,126,50,Hz,"Maximale Frequenz angegeben, Calib Sign nicht Ã¼bertragen, Enden stimmen Ã¼berein",Ref,1815.2817706715286,2.836959202271769,1.933602632764772,1808.3937911900193,1832.9270154674857,24.53322427746639
438,Nylon,0.35,0.002405,mm,Laborbuch_Papier,0.01,0.002405,mm,3.065,0.000289,m,126,50,Hz,"Maximale Frequenz angegeben, Calib Sign nicht Ã¼bertragen, Enden stimmen Ã¼berein",Ref,1851.3563164595978,2.4146973852112192,1.981202355707224,1847.3784431685306,1858.0075316338416,10.629088465311042
439,Nylon,0.35,0.002405,mm,Laborbuch_Papier,0.01,0.002405,mm,3.065,0.000289,m,126,50,Hz,"Maximale Frequenz angegeben, Calib Sign nicht Ã¼bertragen, Enden stimmen Ã¼berein",Ref,1874.4229239481783,2.1828827781055202,1.976226812652278,1871.9578833326957,1877.0212104122427,5.06332707954698
440,Nylon,0.35,0.002405,mm,Laborbuch_Papier,0.01,0.002405,mm,3.065,0.000289,m,126,50,Hz,"Maximale Frequenz angegeben, Calib Sign nicht Ã¼bertragen, Enden stimmen Ã¼berein",Ref,1899.632622994741,2.258114033794532,1.8616854366056255,1896.1127248355674,1903.2615806805538,7.148855844986429
441,Nylon,0.35,0.002405,mm,Laborbuch_Papier,0.01,0.002405,mm,3.065,0.000289,m,126,50,Hz,"Maximale Frequenz angegeben, Calib Sign nicht Ã¼bertragen, Enden stimmen Ã¼berein",Ref,1918.5185265566301,1.909968017113782,1.7452449404660637,1915.693250374458,1921.3479694734858,5.654719099027716
442,Nylon,0.35,0.002405,mm,Laborbuch_Papier,0.01,0.002405,mm,3.065,0.000289,m,126,50,Hz,"Maximale Frequenz angegeben, Calib Sign nicht Ã¼bertragen, Enden stimmen Ã¼berein",Ref,1942.1304597518142,1.925936381155492,1.690646628982541,1939.285335858246,1944.6205610315033,5.335225173257186
443,Nylon,0.35,0.002405,mm,Laborbuch_Papier,0.01,0.002405,mm,3.065,0.000289,m,126,50,Hz,"Maximale Frequenz angegeben, Calib Sign nicht Ã¼bertragen, Enden stimmen Ã¼berein",Ref,1978.798529850714,1.3360795509579373,1.2250371755176068,1975.7248294127412,1985.60960239614,9.884772983398761
444,Nylon,0.35,0.002405,mm,Laborbuch_Papier,0.01,0.002405,mm,3.065,0.000289,m,126,50,Hz,"Maximale Frequenz angegeben, Calib Sign nicht Ã¼bertragen, Enden stimmen Ã¼berein",Ref,2000.0946936899813,1.1953832764532861,0.9983750058100453,1996.5192400498418,2003.2448475097767,6.725607459934963
445,Nylon,0.35,0.002405,mm,Laborbuch_Papier,0.01,0.002405,mm,3.065,0.000289,m,126,50,Hz,"Maximale Frequenz angegeben, Calib Sign nicht Ã¼bertragen, Enden stimmen Ã¼berein",Ref,2030.27304464973,2.3155128415679522,1.5042368772767412,2021.7056196500546,2043.2198213264921,21.51420167643755
446,Nylon,0.35,0.002405,mm,Laborbuch_Papier,0.01,0.002405,mm,3.065,0.000289,m,126,50,Hz,"Maximale Frequenz angegeben, Calib Sign nicht Ã¼bertragen, Enden stimmen Ã¼berein",Ref,2077.1956019494173,1.9921309354636567,1.7952295073107347,2074.743291807565,2080.7874260599597,6.044134252394542
447,Nylon,0.35,0.002405,mm,Laborbuch_Papier,0.01,0.002405,mm,3.065,0.000289,m,126,50,Hz,"Maximale Frequenz angegeben, Calib Sign nicht Ã¼bertragen, Enden stimmen Ã¼berein",Ref,2093.339324530876,3.034520176447866,2.0094349992504235,2087.7165715606125,2097.37868067034,9.66210910972768
448,Nylon,0.35,0.002405,mm,Laborbuch_Papier,0.01,0.002405,mm,3.065,0.000289,m,126,50,Hz,"Maximale Frequenz angegeben, Calib Sign nicht Ã¼bertragen, Enden stimmen Ã¼berein",Ref,2135.407924054669,1.7177768026238305,1.4631744367219621,2122.4812697122907,2138.474950279861,15.993680567570209
449,Nylon,0.35,0.002405,mm,Laborbuch_Papier,0.01,0.002405,mm,3.065,0.000289,m,126,50,Hz,"Maximale Frequenz angegeben, Calib Sign nicht Ã¼bertragen, Enden stimmen Ã¼berein",Ref,2156.7457570219,3.169574846882957,2.292438689125641,2151.441062270684,2163.5448663369716,12.103804066287466
450,Nylon,0.35,0.002405,mm,Laborbuch_Papier,0.01,0.002405,mm,3.065,0.000289,m,126,50,Hz,"Maximale Frequenz angegeben, Calib Sign nicht Ã¼bertragen, Enden stimmen Ã¼berein",Ref,2186.046888107855,2.9009882609493136,2.233471851575462,2175.959560797681,2189.885917984703,13.92635718702195
451,Nylon,0.35,0.002405,mm,Laborbuch_Papier,0.01,0.002405,mm,3.065,0.000289,m,126,50,Hz,"Maximale Frequenz angegeben, Calib Sign nicht Ã¼bertragen, Enden stimmen Ã¼berein",Ref,2201.790836087737,2.130223684258797,1.7731564856047426,2197.880192991077,2212.449062207579,14.568869216502208
452,Nylon,0.35,0.002405,mm,Laborbuch_Papier,0.01,0.002405,mm,3.065,0.000289,m,126,50,Hz,"Maximale Frequenz angegeben, Calib Sign nicht Ã¼bertragen, Enden stimmen Ã¼berein",Ref,2231.128671194191,5.946027235622887,3.596027621995318,2226.8831364616995,2243.767124946711,16.88398848501174
453,Nylon,0.35,0.002405,mm,Laborbuch_Papier,0.01,0.002405,mm,3.065,0.000289,m,126,50,Hz,"Maximale Frequenz angegeben, Calib Sign nicht Ã¼bertragen, Enden stimmen Ã¼berein",Ref,2238.834114031707,5.742474512896309,5.581228952749966,2237.2581865778384,2239.962918667623,2.7047320897845566
454,Nylon,0.35,0.002405,mm,Laborbuch_Papier,0.01,0.002405,mm,3.065,0.000289,m,126,50,Hz,"Maximale Frequenz angegeben, Calib Sign nicht Ã¼bertragen, Enden stimmen Ã¼berein",Ref,2251.732812869739,4.519953336177507,3.8043893123168013,2248.7715746304802,2254.906176934358,6.1346023038777275
455,Nylon,0.35,0.002405,mm,Laborbuch_Papier,0.01,0.002405,mm,3.065,0.000289,m,126,50,Hz,"Maximale Frequenz angegeben, Calib Sign nicht Ã¼bertragen, Enden stimmen Ã¼berein",Ref,2276.229082793591,2.6009611837791495,2.2857149536041748,2273.078188609698,2283.3082158398033,10.230027230105406
456,Nylon,0.35,0.002405,mm,Laborbuch_Papier,0.01,0.002405,mm,3.065,0.000289,m,126,50,Hz,"Maximale Frequenz angegeben, Calib Sign nicht Ã¼bertragen, Enden stimmen Ã¼berein",Ref,2298.3902897387325,10.442735389351164,6.485266682214507,2293.840232251027,2303.7027117130297,9.862479462002739
457,Nylon,0.35,0.002405,mm,Laborbuch_Papier,0.01,0.002405,mm,3.065,0.000289,m,126,50,Hz,"Maximale Frequenz angegeben, Calib Sign nicht Ã¼bertragen, Enden stimmen Ã¼berein",Ref,2325.8807977204174,4.668760524154884,4.395896429837244,2324.1005092538726,2327.97594691756,3.875437663687535
458,Nylon,0.35,0.002405,mm,Laborbuch_Papier,0.01,0.002405,mm,3.065,0.000289,m,126,50,Hz,"Maximale Frequenz angegeben, Calib Sign nicht Ã¼bertragen, Enden stimmen Ã¼berein",Ref,2337.4994516181923,5.500859773581132,5.217015799379142,2334.991386915437,2340.7216317535626,5.7302448381256
459,Nylon,0.35,0.002405,mm,Laborbuch_Papier,0.01,0.002405,mm,3.065,0.000289,m,126,50,Hz,"Maximale Frequenz angegeben, Calib Sign nicht Ã¼bertragen, Enden stimmen Ã¼berein",Ref,2351.1384782949135,13.960859195769059,7.7427714876110585,2347.70321168094,2354.587831589138,6.884619908198147
460,Nylon,0.35,0.002405,mm,Laborbuch_Papier,0.01,0.002405,mm,3.065,0.000289,m,126,50,Hz,"Maximale Frequenz angegeben, Calib Sign nicht Ã¼bertragen, Enden stimmen Ã¼berein",Ref,2374.0655376097297,5.590478495600618,4.801544132147711,2369.4294873074386,2381.833839193151,12.404351885712458
461,Nylon,0.35,0.002405,mm,Laborbuch_Papier,0.01,0.002405,mm,3.065,0.000289,m,126,50,Hz,"Maximale Frequenz angegeben, Calib Sign nicht Ã¼bertragen, Enden stimmen Ã¼berein",Ref,2403.1083653684423,3.3034380285934226,3.171083100344652,2400.5206675097706,2405.3286121808633,4.807944671092628
462,Nylon,0.35,0.002405,mm,Laborbuch_Papier,0.01,0.002405,mm,3.065,0.000289,m,126,50,Hz,"Maximale Frequenz angegeben, Calib Sign nicht Ã¼bertragen, Enden stimmen Ã¼berein",Ref,2424.0505282033437,4.7658107238917164,4.2996559473790095,2420.8719912201645,2426.607566912752,5.735575692587645
463,Nylon,0.35,0.002405,mm,Laborbuch_Papier,0.01,0.002405,mm,3.065,0.000289,m,126,50,Hz,"Maximale Frequenz angegeben, Calib Sign nicht Ã¼bertragen, Enden stimmen Ã¼berein",Ref,2435.5409759937384,5.340640717956123,3.998881472096155,2430.6165243930263,2442.015939089695,11.399414696668828
464,Nylon,0.35,0.002405,mm,Laborbuch_Papier,0.01,0.002405,mm,3.065,0.000289,m,126,50,Hz,"Maximale Frequenz angegeben, Calib Sign nicht Ã¼bertragen, Enden stimmen Ã¼berein",Ref,2466.4365003145745,2.913289002206088,2.510547352254661,2462.7001025049535,2469.8079063213936,7.107803816440082
465,Nylon,0.35,0.002405,mm,Laborbuch_Papier,0.01,0.002405,mm,3.065,0.000289,m,126,50,Hz,"Maximale Frequenz angegeben, Calib Sign nicht Ã¼bertragen, Enden stimmen Ã¼berein",Ref,2493.949744288272,4.533695911744493,4.126238149855125,2491.8202753679216,2496.446030728023,4.625755360101266
466,Nylon,0.35,0.002405,mm,Laborbuch_Papier,0.01,0.002405,mm,3.065,0.000289,m,126,50,Hz,"Maximale Frequenz angegeben, Calib Sign nicht Ã¼bertragen, Enden stimmen Ã¼berein",Ref,2508.163831995673,4.602527973112019,3.1695871662206505,2489.4914545284532,2514.0481786863415,24.55672415788831
467,Nylon,0.35,0.002405,mm,Laborbuch_Papier,0.01,0.002405,mm,3.065,0.000289,m,126,50,Hz,"Maximale Frequenz angegeben, Calib Sign nicht Ã¼bertragen, Enden stimmen Ã¼berein",Ref,2551.991116420344,3.4261455284518263,3.152333225698429,2548.1545266026797,2555.243485764715,7.08895916203528
468,Nylon,0.35,0.002405,mm,Laborbuch_Papier,0.01,0.002405,mm,3.065,0.000289,m,126,50,Hz,"Maximale Frequenz angegeben, Calib Sign nicht Ã¼bertragen, Enden stimmen Ã¼berein",Ref,2575.7169450287965,10.54996851423431,6.939107002176429,2570.340930250403,2581.382305385984,11.041375135581347
469,Nylon,0.35,0.002405,mm,Laborbuch_Papier,0.01,0.002405,mm,3.065,0.000289,m,126,50,Hz,"Maximale Frequenz angegeben, Calib Sign nicht Ã¼bertragen, Enden stimmen Ã¼berein",Ref,2600.5938041608297,4.788654070806835,4.0789904840193785,2597.2137555082486,2604.2087142862415,6.994958777992906
470,Nylon,0.35,0.002405,mm,Laborbuch_Papier,0.01,0.002405,mm,3.065,0.000289,m,126,50,Hz,"Maximale Frequenz angegeben, Calib Sign nicht Ã¼bertragen, Enden stimmen Ã¼berein",Ref,2622.076261520312,5.509158908247296,4.639630618278596,2619.081448268032,2625.3775420870115,6.296093818979443
471,Nylon,0.35,0.002405,mm,Laborbuch_Papier,0.01,0.002405,mm,3.065,0.000289,m,126,50,Hz,"Maximale Frequenz angegeben, Calib Sign nicht Ã¼bertragen, Enden stimmen Ã¼berein",Ref,2652.427705584172,16.99100893600564,9.288667640385484,2647.777806187911,2656.6052854231802,8.827479235269038
472,Nylon,0.35,0.002405,mm,Laborbuch_Papier,0.01,0.002405,mm,3.065,0.000289,m,126,50,Hz,"Maximale Frequenz angegeben, Calib Sign nicht Ã¼bertragen, Enden stimmen Ã¼berein",Ref,2672.4455775345946,3.988741203998571,3.5397258350101146,2669.269981120332,2675.4293473104017,6.159366190069704
473,Nylon,0.35,0.002405,mm,Laborbuch_Papier,0.01,0.002405,mm,3.065,0.000289,m,126,50,Hz,"Maximale Frequenz angegeben, Calib Sign nicht Ã¼bertragen, Enden stimmen Ã¼berein",Ref,2688.22515701278,4.165452302102558,3.56057696041432,2683.667392123449,2691.5890075776547,7.921615454205494
474,Nylon,0.35,0.002405,mm,Laborbuch_Papier,0.01,0.002405,mm,3.065,0.000289,m,126,50,Hz,"Maximale Frequenz angegeben, Calib Sign nicht Ã¼bertragen, Enden stimmen Ã¼berein",Ref,2713.6038594496226,6.110845886652395,4.294238941055679,2706.8045392541335,2719.436471316412,12.631932062278338
475,Nylon,0.35,0.002405,mm,Laborbuch_Papier,0.01,0.002405,mm,3.065,0.000289,m,126,50,Hz,"Maximale Frequenz angegeben, Calib Sign nicht Ã¼bertragen, Enden stimmen Ã¼berein",Ref,2758.2707414512925,5.863853878668132,4.334566182891359,2750.332777023904,2766.742575232285,16.40979820838129
476,Nylon,0.35,0.002405,mm,Laborbuch_Papier,0.01,0.002405,mm,3.065,0.000289,m,126,50,Hz,"Maximale Frequenz angegeben, Calib Sign nicht Ã¼bertragen, Enden stimmen Ã¼berein",Ref,2805.5937890379287,16.084578396740824,10.125078848055493,2798.3055452286676,2810.9318149459064,12.626269717238756
477,Nylon,0.35,0.002405,mm,Laborbuch_Papier,0.01,0.002405,mm,3.065,0.000289,m,126,50,Hz,"Maximale Frequenz angegeben, Calib Sign nicht Ã¼bertragen, Enden stimmen Ã¼berein",Ref,2821.71435641651,9.576149637489912,8.590005214056447,2818.8928224445835,2823.9518845973057,5.059062152722163
478,Nylon,0.35,0.002405,mm,Laborbuch_Papier,0.01,0.002405,mm,3.065,0.000289,m,126,50,Hz,"Maximale Frequenz angegeben, Calib Sign nicht Ã¼bertragen, Enden stimmen Ã¼berein",Ref,2832.5491581285337,10.890138050221147,9.117751897800577,2829.7930089994147,2835.286172185276,5.493163185861249
479,Nylon,0.35,0.002405,mm,Laborbuch_Papier,0.01,0.002405,mm,3.065,0.000289,m,126,50,Hz,"Maximale Frequenz angegeben, Calib Sign nicht Ã¼bertragen, Enden stimmen Ã¼berein",Ref,2863.4852413534163,9.621336291156682,9.312879536583957,2861.2934567381863,2865.3920263298132,4.098569591626983
480,Nylon,0.35,0.002405,mm,Laborbuch_Papier,0.01,0.002405,mm,3.065,0.000289,m,126,50,Hz,"Maximale Frequenz angegeben, Calib Sign nicht Ã¼bertragen, Enden stimmen Ã¼berein",Ref,2879.2957888694314,15.092829278414165,11.377741019659343,2873.982754433091,2882.95419649065,8.971442057558761
481,Nylon,0.35,0.002405,mm,Laborbuch_Papier,0.01,0.002405,mm,3.065,0.000289,m,126,50,Hz,"Maximale Frequenz angegeben, Calib Sign nicht Ã¼bertragen, Enden stimmen Ã¼berein",Ref,2900.278032407576,27.3945769665089,13.83336916415389,2894.5141596842213,2907.093495380821,12.579335696599628
482,Nylon,0.35,0.002405,mm,Laborbuch_Papier,0.01,0.002405,mm,3.065,0.000289,m,126,50,Hz,"Maximale Frequenz angegeben, Calib Sign nicht Ã¼bertragen, Enden stimmen Ã¼berein",Ref,2927.365781507046,5.640009379992625,5.494485164115751,2925.012549360819,2929.68708784932,4.6745384885011845
483,Nylon,0.35,0.002405,mm,Laborbuch_Papier,0.01,0.002405,mm,3.065,0.000289,m,126,50,Hz,"Maximale Frequenz angegeben, Calib Sign nicht Ã¼bertragen, Enden stimmen Ã¼berein",Ref,2954.5700948406156,17.20860660418986,11.130273640095972,2947.2577225164514,2965.3672933318117,18.109570815360257
484,Nylon,0.35,0.002405,mm,Laborbuch_Papier,0.01,0.002405,mm,3.065,0.000289,m,126,50,Hz,"Maximale Frequenz angegeben, Calib Sign nicht Ã¼bertragen, Enden stimmen Ã¼berein",Ref,2987.344575254701,5.555653577837669,5.33685624761015,2983.5651786965464,2990.3807443872906,6.815565690744279
485,Nylon,0.35,0.002405,mm,Laborbuch_Papier,0.01,0.002405,mm,3.065,0.000289,m,126,50,Hz,"Maximale Frequenz angegeben, Calib Sign nicht Ã¼bertragen, Enden stimmen Ã¼berein",Ref,2998.123106514107,5.38151854577752,5.279444404979132,2995.9896552086934,3000.5697944583007,4.580139249607328
486,Nylon,0.35,0.002405,mm,Laborbuch_Papier,0.01,0.002405,mm,3.065,0.000289,m,126,50,Hz,"Maximale Frequenz angegeben, Calib Sign nicht Ã¼bertragen, Enden stimmen Ã¼berein",Ref,3016.765766288843,9.674037594180366,7.964607171969492,3013.1114588141813,3026.9748328379264,13.86337402374511
487,Nylon,0.35,0.002405,mm,Laborbuch_Papier,0.01,0.002405,mm,3.065,0.000289,m,126,50,Hz,"Maximale Frequenz angegeben, Calib Sign nicht Ã¼bertragen, Enden stimmen Ã¼berein",Ref,3038.5393329772655,9.410764785978227,8.55789648534888,3033.8778883492005,3050.7114170533982,16.83352870419776
488,Nylon,0.35,0.002405,mm,Laborbuch_Papier,0.01,0.002405,mm,3.065,0.000289,m,126,50,Hz,"Maximale Frequenz angegeben, Calib Sign nicht Ã¼bertragen, Enden stimmen Ã¼berein",Ref,3046.7228940470463,9.186825090765543,9.077950288278673,3044.2385725065433,3048.751696346327,4.51312383978393
489,Nylon,0.35,0.002405,mm,Laborbuch_Papier,0.01,0.002405,mm,3.065,0.000289,m,126,50,Hz,"Maximale Frequenz angegeben, Calib Sign nicht Ã¼bertragen, Enden stimmen Ã¼berein",Ref,3074.3265539068466,7.556769968039869,7.066235140234205,3071.110615196754,3077.3327137603055,6.222098563551299
490,Nylon,0.35,0.002405,mm,Laborbuch_Papier,0.01,0.002405,mm,3.065,0.000289,m,126,50,Hz,"Maximale Frequenz angegeben, Calib Sign nicht Ã¼bertragen, Enden stimmen Ã¼berein",Ref,3096.384505902531,18.21949149789235,11.725158205921671,3087.259657560748,3104.389376018576,17.12971845782795
491,Nylon,0.35,0.002405,mm,Laborbuch_Papier,0.01,0.002405,mm,3.065,0.000289,m,126,50,Hz,"Maximale Frequenz angegeben, Calib Sign nicht Ã¼bertragen, Enden stimmen Ã¼berein",Ref,3154.2869178630317,21.391857832967613,13.16446262502801,3146.383403623723,3165.947962259484,19.564558635760932
492,Nylon,0.35,0.002405,mm,Laborbuch_Papier,0.01,0.002405,mm,3.065,0.000289,m,126,50,Hz,"Maximale Frequenz angegeben, Calib Sign nicht Ã¼bertragen, Enden stimmen Ã¼berein",Ref,3180.4288740329926,7.564837399105378,7.178561400116443,3178.0067210927687,3182.681418494253,4.674697401484536
493,Nylon,0.35,0.002405,mm,Laborbuch_Papier,0.01,0.002405,mm,3.065,0.000289,m,126,50,Hz,"Maximale Frequenz angegeben, Calib Sign nicht Ã¼bertragen, Enden stimmen Ã¼berein",Ref,3215.634522457199,5.266958739908082,4.997129413668951,3210.886713795222,3218.4692389514867,7.582525156264637
494,Nylon,0.35,0.002405,mm,Laborbuch_Papier,0.01,0.002405,mm,3.065,0.000289,m,126,50,Hz,"Maximale Frequenz angegeben, Calib Sign nicht Ã¼bertragen, Enden stimmen Ã¼berein",Ref,3234.9201108913508,5.17519288768209,4.66995875309453,3230.1562565870954,3238.270202884843,8.113946297747589
495,Nylon,0.35,0.002405,mm,Laborbuch_Papier,0.01,0.002405,mm,3.065,0.000289,m,126,50,Hz,"Maximale Frequenz angegeben, Calib Sign nicht Ã¼bertragen, Enden stimmen Ã¼berein",Ref,3304.491963175523,2.8640329139117013,2.4016045725631727,3297.3030306128258,3309.683810613032,12.380780000206414
496,Nylon,0.35,0.002405,mm,Laborbuch_Papier,0.01,0.002405,mm,3.065,0.000289,m,126,50,Hz,"Maximale Frequenz angegeben, Calib Sign nicht Ã¼bertragen, Enden stimmen Ã¼berein",Ref,3351.513327078438,1.2289082080019176,1.0195313829688577,3347.878610364441,3355.061620709531,7.1830103450897695
497,Nylon,0.35,0.002405,mm,Laborbuch_Papier,0.01,0.002405,mm,3.065,0.000289,m,126,50,Hz,"Maximale Frequenz angegeben, Calib Sign nicht Ã¼bertragen, Enden stimmen Ã¼berein",Ref,3369.655426058679,1.2484493902308487,1.0099951418190378,3363.9941027250684,3375.1184803069796,11.124377581911176
498,Nylon,0.35,0.002405,mm,Laborbuch_Papier,0.01,0.002405,mm,3.065,0.000289,m,126,50,Hz,"Maximale Frequenz angegeben, Calib Sign nicht Ã¼bertragen, Enden stimmen Ã¼berein",Ref,3414.988114071426,0.8372711706957754,0.5614861408001649,3404.2693452973326,3422.1570923201675,17.8877470228349
499,Nylon,0.35,0.002405,mm,Laborbuch_Papier,0.01,0.002405,mm,3.065,0.000289,m,126,50,Hz,"Maximale Frequenz angegeben, Calib Sign nicht Ã¼bertragen, Enden stimmen Ã¼berein",Ref,3438.855073743893,0.6172519487562452,0.4739101766251541,3434.0815884400095,3443.701447635179,9.619859195169738
500,Nylon,0.35,0.002405,mm,Laborbuch_Papier,0.01,0.002405,mm,3.065,0.000289,m,126,50,Hz,"Maximale Frequenz angegeben, Calib Sign nicht Ã¼bertragen, Enden stimmen Ã¼berein",Ref,3468.729938897466,0.7440251501436611,0.6046840989686817,3462.9154861881702,3485.856355661059,22.940869472888608
501,Nylon,0.35,0.002405,mm,Laborbuch_Papier,0.01,0.002405,mm,3.065,0.000289,m,126,50,Hz,"Maximale Frequenz angegeben, Calib Sign nicht Ã¼bertragen, Enden stimmen Ã¼berein",Ref,3522.9650334335315,1.2192789856119752,0.8627876631195988,3514.0430923608164,3531.6514225005176,17.60833013970114
502,Nylon,0.35,0.002405,mm,Laborbuch_Papier,0.01,0.002405,mm,3.065,0.000289,m,126,50,Hz,"Maximale Frequenz angegeben, Calib Sign nicht Ã¼bertragen, Enden stimmen Ã¼berein",Ref,3571.143388298908,1.3096693052005357,0.9224660562732336,3564.855479208056,3578.832963737777,13.977484529721096
503,Nylon,0.35,0.002405,mm,Laborbuch_Papier,0.01,0.002405,mm,3.065,0.000289,m,126,50,Hz,"Maximale Frequenz angegeben, Calib Sign nicht Ã¼bertragen, Enden stimmen Ã¼berein",Ref,3684.0577085801415,4.524117566995833,4.071222706946977,3670.3470940569237,3688.0999807231447,17.752886666221002
504,Nylon,0.35,0.002405,mm,Laborbuch_Papier,0.01,0.002405,mm,3.065,0.000289,m,126,50,Hz,"Maximale Frequenz angegeben, Calib Sign nicht Ã¼bertragen, Enden stimmen Ã¼berein",Ref,3713.004077584201,6.861172081668846,5.096501686214383,3703.3871045546393,3721.6005103319235,18.21340577728415
505,Nylon,0.35,0.002405,mm,Laborbuch_Papier,0.01,0.002405,mm,3.065,0.000289,m,126,50,Hz,"Maximale Frequenz angegeben, Calib Sign nicht Ã¼bertragen, Enden stimmen Ã¼berein",Ref,3773.9326579579943,11.28669097141549,6.011576236642725,3759.9743697027106,3787.30150217615,27.32713247343918
506,Nylon,0.35,0.002405,mm,Laborbuch_Papier,0.01,0.002405,mm,3.065,0.000289,m,126,50,Hz,"Maximale Frequenz angegeben, Calib Sign nicht Ã¼bertragen, Enden stimmen Ã¼berein",Ref,3838.902760217926,6.539531599661472,4.991470553848166,3831.789518112385,3852.2497596325657,20.460241520180716
507,Nylon,0.35,0.002405,mm,Laborbuch_Papier,0.01,0.002405,mm,3.065,0.000289,m,126,50,Hz,"Maximale Frequenz angegeben, Calib Sign nicht Ã¼bertragen, Enden stimmen Ã¼berein",Ref,3915.192114100548,5.152228945892753,4.278837190025536,3903.9547154627776,3929.9685650765496,26.01384961377198
508,Nylon,0.35,0.002405,mm,Laborbuch_Papier,0.01,0.002405,mm,3.065,0.000289,m,126,50,Hz,"Maximale Frequenz angegeben, Calib Sign nicht Ã¼bertragen, Enden stimmen Ã¼berein",Ref,3978.4892573774187,4.335439553786836,3.690913437032017,3965.4524632678595,3985.997527063349,20.54506379548957
509,Nylon,0.35,0.002405,mm,Laborbuch_Papier,0.01,0.002405,mm,3.065,0.000289,m,126,50,Hz,"Maximale Frequenz angegeben, Calib Sign nicht Ã¼bertragen, Enden stimmen Ã¼berein",Ref,4014.0405459042972,3.528057700362422,3.2858378865187667,4008.268138007009,4020.1615683345326,11.893430327523674
510,Nylon,0.35,0.002405,mm,Laborbuch_Papier,0.01,0.002405,mm,3.065,0.000289,m,126,50,Hz,"Maximale Frequenz angegeben, Calib Sign nicht Ã¼bertragen, Enden stimmen Ã¼berein",Ref,4044.10108792449,3.591056958650029,3.3858014631501105,4038.65839602229,4048.538411784293,9.88001576200304
511,Nylon,0.35,0.002405,mm,Laborbuch_Papier,0.01,0.002405,mm,3.065,0.000289,m,126,50,Hz,"Maximale Frequenz angegeben, Calib Sign nicht Ã¼bertragen, Enden stimmen Ã¼berein",Ref,4066.5085645068975,3.641187958996488,3.2960512763328476,4057.5525715148797,4084.1970129320284,26.644441417148755
512,Nylon,0.35,0.002405,mm,Laborbuch_Papier,0.01,0.002405,mm,3.065,0.000289,m,126,50,Hz,"Maximale Frequenz angegeben, Calib Sign nicht Ã¼bertragen, Enden stimmen Ã¼berein",Ref,4124.563508800683,3.1282051181272754,2.8986140484532203,4108.185881741782,4129.041454887787,20.855573146004645
513,Nylon,0.35,0.002405,mm,Laborbuch_Papier,0.01,0.002405,mm,3.065,0.000289,m,126,50,Hz,"Maximale Frequenz angegeben, Calib Sign nicht Ã¼bertragen, Enden stimmen Ã¼berein",Ref,4185.6370589086655,2.1734587713173097,1.9774469929454677,4178.074254134303,4195.360028402163,17.28577426785978
514,Nylon,0.35,0.002405,mm,Laborbuch_Papier,0.01,0.002405,mm,3.065,0.000289,m,126,50,Hz,"Maximale Frequenz angegeben, Calib Sign nicht Ã¼bertragen, Enden stimmen Ã¼berein",Ref,4261.858143880263,2.2294867526396818,1.9948966182649757,4251.981061475404,4279.342355495649,27.361294020244713
515,Nylon,0.35,0.002405,mm,Laborbuch_Papier,0.01,0.002405,mm,3.065,0.000289,m,126,50,Hz,"Maximale Frequenz angegeben, Calib Sign nicht Ã¼bertragen, Enden stimmen Ã¼berein",Ref,4322.818402078593,2.2000127279520107,2.0517456829493006,4316.170127939985,4341.8890453817685,25.71891744178356
516,Nylon,0.35,0.002405,mm,Laborbuch_Papier,0.01,0.002405,mm,3.065,0.000289,m,126,50,Hz,"Maximale Frequenz angegeben, Calib Sign nicht Ã¼bertragen, Enden stimmen Ã¼berein",Ref,4363.712747244536,2.165046976994806,2.044761056209212,4357.940521433599,4370.165193259132,12.224671825532823
517,Nylon,0.35,0.002405,mm,Laborbuch_Papier,0.01,0.002405,mm,3.065,0.000289,m,126,50,Hz,"Maximale Frequenz angegeben, Calib Sign nicht Ã¼bertragen, Enden stimmen Ã¼berein",Ref,4401.961009896402,2.2683049003115188,1.9672041781907483,4383.284245944214,4418.64259908643,35.3583531422164
518,Nylon,0.35,0.002405,mm,Laborbuch_Papier,0.01,0.002405,mm,3.065,0.000289,m,126,50,Hz,"Maximale Frequenz angegeben, Calib Sign nicht Ã¼bertragen, Enden stimmen Ã¼berein",Ref,4484.415751737243,2.1457591063499364,1.8383853871944795,4475.675853268707,4493.259162788656,17.58330951994867
519,Nylon,0.35,0.002405,mm,Laborbuch_Papier,0.01,0.002405,mm,3.065,0.000289,m,126,50,Hz,"Maximale Frequenz angegeben, Calib Sign nicht Ã¼bertragen, Enden stimmen Ã¼berein",Ref,4684.728901711951,2.8654716504339333,2.747703883703813,4678.856093528328,4690.446646056444,11.59055252811595
520,Nylon,0.35,0.002405,mm,Laborbuch_Papier,0.01,0.002405,mm,3.065,0.000289,m,126,50,Hz,"Maximale Frequenz angegeben, Calib Sign nicht Ã¼bertragen, Enden stimmen Ã¼berein",Ref,4755.359357667437,3.994880186915711,3.426064307525248,4746.127928342401,4763.142295097585,17.0143667551838
521,Nylon,0.35,0.002405,mm,Laborbuch_Papier,0.01,0.002405,mm,3.065,0.000289,m,126,50,Hz,"Maximale Frequenz angegeben, Calib Sign nicht Ã¼bertragen, Enden stimmen Ã¼berein",Ref,4840.800185899385,4.3569689139115235,4.005006451256568,4820.7066646709845,4850.122443782932,29.415779111947813
522,Nylon,0.35,0.002405,mm,Laborbuch_Papier,0.01,0.002405,mm,3.065,0.000289,m,126,50,Hz,"Maximale Frequenz angegeben, Calib Sign nicht Ã¼bertragen, Enden stimmen Ã¼berein",Ref,4890.9588929288775,4.933547899803739,3.4392385320147376,4804.762169896826,4913.481179251694,108.71900935486792
523,Nylon,0.35,0.002405,mm,Laborbuch_Papier,0.01,0.002405,mm,3.065,0.000289,m,126,50,Hz,"Maximale Frequenz angegeben, Calib Sign nicht Ã¼bertragen, Enden stimmen Ã¼berein",Ref,4940.458563224326,3.937530118112734,3.5283561516820843,4931.171386408866,4956.986877189854,25.815490780987602
524,Nylon,0.35,0.002405,mm,Laborbuch_Papier,0.01,0.002405,mm,3.065,0.000289,m,126,50,Hz,"Maximale Frequenz angegeben, Calib Sign nicht Ã¼bertragen, Enden stimmen Ã¼berein",Ref,5022.475938484687,3.1301523471820722,2.9904313721240863,5013.053873052907,5031.644652512871,18.590779459964324
525,Nylon,0.35,0.002405,mm,Laborbuch_Papier,0.01,0.002405,mm,3.065,0.000289,m,126,50,Hz,"Maximale Frequenz angegeben, Calib Sign nicht Ã¼bertragen, Enden stimmen Ã¼berein",Ref,5108.095086987892,3.42613265208545,3.0910242155172187,5063.457996041187,5123.291377462156,59.83338142096909
526,Nylon,0.35,0.002405,mm,Laborbuch_Papier,0.01,0.002405,mm,3.065,0.000289,m,126,50,Hz,"Maximale Frequenz angegeben, Calib Sign nicht Ã¼bertragen, Enden stimmen Ã¼berein",Ref,5258.364085796233,2.612194852965689,2.3778085049621493,5250.418407324905,5280.058347937574,29.639940612668397
527,Nylon,0.35,0.002405,mm,Laborbuch_Papier,0.01,0.002405,mm,3.065,0.000289,m,126,50,Hz,"Maximale Frequenz angegeben, Calib Sign nicht Ã¼bertragen, Enden stimmen Ã¼berein",Ref,5315.32361956639,3.2727875237358615,2.7589677205363032,5306.332145185699,5333.454911976309,27.122766790609603
528,Nylon,0.35,0.002405,mm,Laborbuch_Papier,0.01,0.002405,mm,3.065,0.000289,m,126,50,Hz,"Maximale Frequenz angegeben, Calib Sign nicht Ã¼bertragen, Enden stimmen Ã¼berein",Ref,5389.174524620785,3.216628183790063,2.952989739135793,5376.850337872833,5398.721825282475,21.871487409642214
529,Nylon,0.35,0.002405,mm,Laborbuch_Papier,0.01,0.002405,mm,3.065,0.000289,m,126,50,Hz,"Maximale Frequenz angegeben, Calib Sign nicht Ã¼bertragen, Enden stimmen Ã¼berein",Ref,5454.598558997849,4.867834734320808,3.7795784126915963,5441.538458748681,5464.366891745186,22.8284329965054
530,Nylon,0.35,0.002405,mm,Laborbuch_Papier,0.01,0.002405,mm,3.065,0.000289,m,126,50,Hz,"Maximale Frequenz angegeben, Calib Sign nicht Ã¼bertragen, Enden stimmen Ã¼berein",Ref,5517.440202561044,3.6215063855430873,3.22616777206883,5497.096822983845,5536.1757323942875,39.078909410442066
531,Nylon,0.35,0.002405,mm,Laborbuch_Papier,0.01,0.002405,mm,3.065,0.000289,m,126,50,Hz,"Maximale Frequenz angegeben, Calib Sign nicht Ã¼bertragen, Enden stimmen Ã¼berein",Ref,5595.713927343308,5.0663705572219975,4.67119540245006,5589.58085105825,5601.939953679801,12.359102621550846
532,Nylon,0.35,0.002405,mm,Laborbuch_Papier,0.01,0.002405,mm,3.065,0.000289,m,126,50,Hz,"Maximale Frequenz angegeben, Calib Sign nicht Ã¼bertragen, Enden stimmen Ã¼berein",Ref,5624.229274095128,5.272503263945607,3.3423528098987556,5575.1677529264625,5666.718941544404,91.55118861794108
533,Nylon,0.35,0.002405,mm,Laborbuch_Papier,0.01,0.002405,mm,3.065,0.000289,m,126,50,Hz,"Maximale Frequenz angegeben, Calib Sign nicht Ã¼bertragen, Enden stimmen Ã¼berein",Ref,5698.840571595183,2.4708233577350716,2.299310480337355,5692.550657177881,5705.642363769715,13.091706591834736
534,Nylon,0.35,0.002405,mm,Laborbuch_Papier,0.01,0.002405,mm,3.065,0.000289,m,126,50,Hz,"Maximale Frequenz angegeben, Calib Sign nicht Ã¼bertragen, Enden stimmen Ã¼berein",Ref,5776.30837071685,1.6255084900938104,1.4589154937849624,5766.359581605318,5790.996348083303,24.636766477984565
535,Nylon,0.35,0.002405,mm,Laborbuch_Papier,0.01,0.002405,mm,3.065,0.000289,m,126,50,Hz,"Maximale Frequenz angegeben, Calib Sign nicht Ã¼bertragen, Enden stimmen Ã¼berein",Ref,5817.8422861547515,1.9007058777973276,1.6450896937512198,5810.43721027557,5829.315256908818,18.878046633248232
536,Nylon,0.35,0.002405,mm,Laborbuch_Papier,0.01,0.002405,mm,3.065,0.000289,m,126,50,Hz,"Maximale Frequenz angegeben, Calib Sign nicht Ã¼bertragen, Enden stimmen Ã¼berein",Ref,5916.655931345257,2.1074400300767704,1.6896141142450765,5860.373846762402,5950.560658743998,90.18681198159629
537,Nylon,0.35,0.002405,mm,Laborbuch_Papier,0.01,0.002405,mm,3.065,0.000289,m,126,50,Hz,"Maximale Frequenz angegeben, Calib Sign nicht Ã¼bertragen, Enden stimmen Ã¼berein",Ref,5978.491359577104,1.6457576101216667,1.5045434309003403,5968.309165994135,5987.0550610151595,18.745895021024808
538,Nylon,0.35,0.002405,mm,Laborbuch_Papier,0.01,0.002405,mm,3.065,0.000289,m,126,50,Hz,"Maximale Frequenz angegeben, Calib Sign nicht Ã¼bertragen, Enden stimmen Ã¼berein",Ref,6081.320421158346,3.3747040188188304,3.1664479062930195,6073.322918757797,6090.968825712898,17.645906955101054
539,Nylon,0.35,0.002405,mm,Laborbuch_Papier,0.01,0.002405,mm,3.065,0.000289,m,126,50,Hz,"Maximale Frequenz angegeben, Calib Sign nicht Ã¼bertragen, Enden stimmen Ã¼berein",Ref,6135.638740241459,4.12986388130003,2.838229873594461,6066.526308717839,6158.6295655500735,92.10325683223436
540,Nylon,0.35,0.002405,mm,Laborbuch_Papier,0.01,0.002405,mm,3.065,0.000289,m,126,50,Hz,"Maximale Frequenz angegeben, Calib Sign nicht Ã¼bertragen, Enden stimmen Ã¼berein",Ref,6190.370771304461,2.9600601230308716,2.811599016096198,6179.899055153011,6234.138287490752,54.23923233774076
541,Nylon,0.35,0.002405,mm,Laborbuch_Papier,0.01,0.002405,mm,3.065,0.000289,m,126,50,Hz,"Maximale Frequenz angegeben, Calib Sign nicht Ã¼bertragen, Enden stimmen Ã¼berein",Ref,6269.1627147009485,2.662871945039291,2.5242862255932637,6260.026880059738,6279.834013657459,19.807133597721077
542,Nylon,0.35,0.002405,mm,Laborbuch_Papier,0.01,0.002405,mm,3.065,0.000289,m,126,50,Hz,"Maximale Frequenz angegeben, Calib Sign nicht Ã¼bertragen, Enden stimmen Ã¼berein",Ref,6310.815619383129,2.5597169466663265,2.4233245309936873,6302.637565724415,6319.052913683365,16.415347958949496
543,Nylon,0.35,0.002405,mm,Laborbuch_Papier,0.01,0.002405,mm,3.065,0.000289,m,126,50,Hz,"Maximale Frequenz angegeben, Calib Sign nicht Ã¼bertragen, Enden stimmen Ã¼berein",Ref,6456.344763242998,3.664929595112836,3.3698620888223036,6447.233842263295,6464.772011815325,17.538169552030013
544,Nylon,0.35,0.002405,mm,Laborbuch_Papier,0.01,0.002405,mm,3.065,0.000289,m,126,50,Hz,"Maximale Frequenz angegeben, Calib Sign nicht Ã¼bertragen, Enden stimmen Ã¼berein",Ref,6493.267160994253,3.7069120345231092,2.891595691906709,6438.730354454008,6520.282019339458,81.55166488545001
545,Nylon,0.35,0.002405,mm,Laborbuch_Papier,0.01,0.002405,mm,3.065,0.000289,m,126,50,Hz,"Maximale Frequenz angegeben, Calib Sign nicht Ã¼bertragen, Enden stimmen Ã¼berein",Ref,6609.780847230017,2.017192608513141,1.8824263320596584,6602.917414864993,6620.293161843052,17.375746978059396
546,Nylon,0.35,0.002405,mm,Laborbuch_Papier,0.01,0.002405,mm,3.065,0.000289,m,126,50,Hz,"Maximale Frequenz angegeben, Calib Sign nicht Ã¼bertragen, Enden stimmen Ã¼berein",Ref,6779.555639184673,3.455998662449239,3.2217310514977275,6770.35332340609,6792.114908608461,21.761585202370952
547,Nylon,0.35,0.002405,mm,Laborbuch_Papier,0.01,0.002405,mm,3.065,0.000289,m,126,50,Hz,"Maximale Frequenz angegeben, Calib Sign nicht Ã¼bertragen, Enden stimmen Ã¼berein",Ref,6825.308696791599,3.548158404382825,3.4325768612782337,6819.79576965956,6832.876530099631,13.080760440070662
548,Nylon,0.35,0.002405,mm,Laborbuch_Papier,0.01,0.002405,mm,3.065,0.000289,m,126,50,Hz,"Maximale Frequenz angegeben, Calib Sign nicht Ã¼bertragen, Enden stimmen Ã¼berein",Ref,6902.16245457132,5.071217542002447,2.914201409956064,6762.568498849709,6941.233742316715,178.6652434670059
549,Nylon,0.35,0.002405,mm,Laborbuch_Papier,0.01,0.002405,mm,3.065,0.000289,m,126,50,Hz,"Maximale Frequenz angegeben, Calib Sign nicht Ã¼bertragen, Enden stimmen Ã¼berein",Ref,7113.744089612793,3.0845070179082437,2.0592566976990327,7097.039141110871,7145.319699059345,48.28055794847387
550,Nylon,0.35,0.002405,mm,Laborbuch_Papier,0.01,0.002405,mm,3.065,0.000289,m,126,50,Hz,"Maximale Frequenz angegeben, Calib Sign nicht Ã¼bertragen, Enden stimmen Ã¼berein",Ref,7171.266032901632,2.499908921537473,2.2642410739597105,7163.130472031697,7181.621187349501,18.490715317804643
551,Nylon,0.35,0.002405,mm,Laborbuch_Papier,0.01,0.002405,mm,3.065,0.000289,m,126,50,Hz,"Maximale Frequenz angegeben, Calib Sign nicht Ã¼bertragen, Enden stimmen Ã¼berein",Ref,7236.851118217656,1.566527182846041,1.4573980371321391,7230.059836929421,7244.373495837262,14.313658907841273
552,Nylon,0.35,0.002405,mm,Laborbuch_Papier,0.01,0.002405,mm,3.065,0.000289,m,126,50,Hz,"Maximale Frequenz angegeben, Calib Sign nicht Ã¼bertragen, Enden stimmen Ã¼berein",Ref,7318.845783665036,1.3838040709661137,1.2800215448191596,7308.911455573263,7327.496530874488,18.585075301224606
553,Nylon,0.35,0.002405,mm,Laborbuch_Papier,0.01,0.002405,mm,3.065,0.000289,m,126,50,Hz,"Maximale Frequenz angegeben, Calib Sign nicht Ã¼bertragen, Enden stimmen Ã¼berein",Ref,7389.191661856953,1.4593074785049023,1.3083092109913237,7373.598766885515,7401.45617981788,27.85741293236515
554,Nylon,0.35,0.002405,mm,Laborbuch_Papier,0.01,0.002405,mm,3.065,0.000289,m,126,50,Hz,"Maximale Frequenz angegeben, Calib Sign nicht Ã¼bertragen, Enden stimmen Ã¼berein",Ref,7524.2421297380715,3.1210775019616266,2.786415716790138,7513.392951352863,7549.704991154855,36.31203980199189
555,Nylon,0.35,0.002405,mm,Laborbuch_Papier,0.01,0.002405,mm,3.065,0.000289,m,126,50,Hz,"Maximale Frequenz angegeben, Calib Sign nicht Ã¼bertragen, Enden stimmen Ã¼berein",Ref,7673.208119050634,5.449959138587404,3.5221940914925325,7626.99326404623,7769.797470720866,142.80420667463568
556,Nylon,0.35,0.002405,mm,Laborbuch_Papier,0.01,0.002405,mm,3.065,0.000289,m,126,50,Hz,"Maximale Frequenz angegeben, Calib Sign nicht Ã¼bertragen, Enden stimmen Ã¼berein",Ref,7755.728794505939,4.430241256425448,4.108649506114857,7726.686632831007,7763.3125563892545,36.62592355824745
557,Nylon,0.35,0.002405,mm,Laborbuch_Papier,0.01,0.002405,mm,3.065,0.000289,m,126,50,Hz,"Maximale Frequenz angegeben, Calib Sign nicht Ã¼bertragen, Enden stimmen Ã¼berein",Ref,7889.915342049109,9.5878447304507,8.324790316027354,7878.660162851523,7926.796466225854,48.136303374330964
558,Nylon,0.35,0.002405,mm,Laborbuch_Papier,0.01,0.002405,mm,3.065,0.000289,m,126,50,Hz,"Maximale Frequenz angegeben, Calib Sign nicht Ã¼bertragen, Enden stimmen Ã¼berein",Ref,7918.077983574201,8.95673443284754,8.66567898832412,7912.626190503796,7923.777444092222,11.151253588425789
559,Nylon,0.35,0.002405,mm,Laborbuch_Papier,0.01,0.002405,mm,3.065,0.000289,m,126,50,Hz,"Maximale Frequenz angegeben, Calib Sign nicht Ã¼bertragen, Enden stimmen Ã¼berein",Ref,7975.47237074831,13.392648509196711,8.905537760777321,7953.835848000095,8069.933521707866,116.09767370777081
560,Nylon,0.35,0.002405,mm,Laborbuch_Papier,0.01,0.002405,mm,3.065,0.000289,m,126,50,Hz,"Maximale Frequenz angegeben, Calib Sign nicht Ã¼bertragen, Enden stimmen Ã¼berein",Ref,8058.669605114133,12.110837169459854,10.70877217433698,8035.879702995256,8065.649517832613,29.769814837357444
561,Nylon,0.35,0.002405,mm,Laborbuch_Papier,0.01,0.002405,mm,3.065,0.000289,m,126,50,Hz,"Maximale Frequenz angegeben, Calib Sign nicht Ã¼bertragen, Enden stimmen Ã¼berein",Ref,8143.392718824647,16.016333087981845,8.388361259100218,8131.682078659642,8162.780425301189,31.098346641547323
562,Nylon,0.35,0.002405,mm,Laborbuch_Papier,0.01,0.002405,mm,3.065,0.000289,m,126,50,Hz,"Maximale Frequenz angegeben, Calib Sign nicht Ã¼bertragen, Enden stimmen Ã¼berein",Ref,8199.864219452642,12.668507610452927,10.34945009495414,8183.37927286622,8216.983085908496,33.60381304227576
563,Nylon,0.35,0.002405,mm,Laborbuch_Papier,0.01,0.002405,mm,3.065,0.000289,m,126,50,Hz,"Maximale Frequenz angegeben, Calib Sign nicht Ã¼bertragen, Enden stimmen Ã¼berein",Ref,8261.716805130973,15.682115994642588,11.650178741741277,8252.407671935216,8274.537992017216,22.130320082000253
564,Nylon,0.35,0.002405,mm,Laborbuch_Papier,0.01,0.002405,mm,3.065,0.000289,m,126,50,Hz,"Maximale Frequenz angegeben, Calib Sign nicht Ã¼bertragen, Enden stimmen Ã¼berein",Ref,8339.39222676275,11.73736912885806,9.701845554852024,8314.752580108025,8351.626942120763,36.87436201273886
565,Nylon,0.35,0.002405,mm,Laborbuch_Papier,0.01,0.002405,mm,3.065,0.000289,m,126,50,Hz,"Maximale Frequenz angegeben, Calib Sign nicht Ã¼bertragen, Enden stimmen Ã¼berein",Ref,8393.79863488825,7.098463377839587,6.9779673394208945,8386.534746007574,8405.07818357954,18.543437571966933
566,Nylon,0.35,0.002405,mm,Laborbuch_Papier,0.01,0.002405,mm,3.065,0.000289,m,126,50,Hz,"Maximale Frequenz angegeben, Calib Sign nicht Ã¼bertragen, Enden stimmen Ã¼berein",Ref,8650.173465267046,11.095487745016381,8.708402189174942,8631.620686066111,8674.505245204984,42.884559138872646
567,Nylon,0.35,0.002405,mm,Laborbuch_Papier,0.01,0.002405,mm,3.065,0.000289,m,126,50,Hz,"Maximale Frequenz angegeben, Calib Sign nicht Ã¼bertragen, Enden stimmen Ã¼berein",Ref,8703.860723286269,10.3128950458359,9.35999365204269,8693.04985157903,8712.371594274637,19.3217426956071
568,Nylon,0.35,0.002405,mm,Laborbuch_Papier,0.01,0.002405,mm,3.065,0.000289,m,126,50,Hz,"Maximale Frequenz angegeben, Calib Sign nicht Ã¼bertragen, Enden stimmen Ã¼berein",Ref,8777.110618965244,11.983200745825899,6.584345508341172,8744.748493349483,8825.4030693964,80.65457604691619
569,Nylon,0.35,0.002405,mm,Laborbuch_Papier,0.01,0.002405,mm,3.065,0.000289,m,126,50,Hz,"Maximale Frequenz angegeben, Calib Sign nicht Ã¼bertragen, Enden stimmen Ã¼berein",Ref,8976.50771258022,5.330479583135019,4.761075688979284,8970.154584487682,8983.798631818745,13.64404733106312
570,Nylon,0.35,0.002405,mm,Laborbuch_Papier,0.01,0.002405,mm,3.065,0.000289,m,126,50,Hz,"Maximale Frequenz angegeben, Calib Sign nicht Ã¼bertragen, Enden stimmen Ã¼berein",Ref,9031.490548133677,6.836479778550731,5.171159358388327,9010.767618653565,9045.471525397,34.703906743436164
571,Nylon,0.35,0.002405,mm,Laborbuch_Papier,0.01,0.002405,mm,3.065,0.000289,m,126,50,Hz,"Maximale Frequenz angegeben, Calib Sign nicht Ã¼bertragen, Enden stimmen Ã¼berein",Ref,9181.635800497,24.513803818845442,23.525665354021783,9177.185375929763,9188.527617335292,11.342241405529421
572,Nylon,0.35,0.002405,mm,Laborbuch_Papier,0.01,0.002405,mm,3.065,0.000289,m,126,50,Hz,"Maximale Frequenz angegeben, Calib Sign nicht Ã¼bertragen, Enden stimmen Ã¼berein",Ref,9207.60422900512,24.844772653288764,12.667078562181425,9160.603608232394,9230.4845181691,69.8809099367063
573,Nylon,0.35,0.002405,mm,Laborbuch_Papier,0.01,0.002405,mm,3.065,0.000289,m,126,50,Hz,"Maximale Frequenz angegeben, Calib Sign nicht Ã¼bertragen, Enden stimmen Ã¼berein",Ref,9308.524540532397,18.31280490982809,13.355802731336354,9293.779364002532,9364.351896522083,70.5725325195508
574,Nylon,0.35,0.002405,mm,Laborbuch_Papier,0.01,0.002405,mm,3.065,0.000289,m,126,50,Hz,"Maximale Frequenz angegeben, Calib Sign nicht Ã¼bertragen, Enden stimmen Ã¼berein",Ref,9353.26047448467,17.5260629025266,15.508293443070508,9344.842657195899,9360.533235242883,15.690578046984228
575,Nylon,0.35,0.002405,mm,Laborbuch_Papier,0.01,0.002405,mm,3.065,0.000289,m,126,50,Hz,"Maximale Frequenz angegeben, Calib Sign nicht Ã¼bertragen, Enden stimmen Ã¼berein",Ref,9529.669803662273,7.660818267575211,4.5378563012773,9514.940433670017,9591.878521001754,76.93808733173682
576,Nylon,0.35,0.002405,mm,Laborbuch_Papier,0.01,0.002405,mm,3.065,0.000289,m,126,50,Hz,"Maximale Frequenz angegeben, Calib Sign nicht Ã¼bertragen, Enden stimmen Ã¼berein",Ref,9564.01666409722,7.380979810431436,6.986434322859335,9556.438717417519,9571.232327809346,14.793610391827315
577,Nylon,0.35,0.002405,mm,Laborbuch_Papier,0.01,0.002405,mm,3.065,0.000289,m,126,50,Hz,"Maximale Frequenz angegeben, Calib Sign nicht Ã¼bertragen, Enden stimmen Ã¼berein",Ref,9644.802342738172,4.1945368396086815,4.092249374053697,9632.971011464071,9652.190375357464,19.219363893393165
578,Nylon,0.35,0.002405,mm,Laborbuch_Papier,0.01,0.002405,mm,3.065,0.000289,m,126,50,Hz,"Maximale Frequenz angegeben, Calib Sign nicht Ã¼bertragen, Enden stimmen Ã¼berein",Ref,9712.28350066239,4.082132945904504,3.9177028499957087,9688.507173891578,9723.239447621996,34.732273730418456
579,Nylon,0.35,0.002405,mm,Laborbuch_Papier,0.01,0.002405,mm,3.065,0.000289,m,126,50,Hz,"Maximale Frequenz angegeben, Calib Sign nicht Ã¼bertragen, Enden stimmen Ã¼berein",Ref,10189.624971036208,3.341291411848268,2.6631536690477584,10104.275812066482,10364.007459271086,259.7316472046041
580,Nylon,0.35,0.002405,mm,Laborbuch_Papier,0.01,0.002405,mm,3.065,0.000289,m,126,50,Hz,"Maximale Frequenz angegeben, Calib Sign nicht Ã¼bertragen, Enden stimmen Ã¼berein",Ref,10327.97976588277,3.1612004965097857,2.9965026007946776,10309.318689066105,10343.689132252404,34.37044318629887
581,Nylon,0.35,0.002405,mm,Laborbuch_Papier,0.01,0.002405,mm,3.065,0.000289,m,126,50,Hz,"Maximale Frequenz angegeben, Calib Sign nicht Ã¼bertragen, Enden stimmen Ã¼berein",Ref,10697.957276244788,3.4111438906057807,2.115320995288883,10460.884762787859,10932.743565735891,471.85880294803246
582,Nylon,0.35,0.002405,mm,Laborbuch_Papier,0.01,0.002405,mm,3.065,0.000289,m,126,50,Hz,"Maximale Frequenz angegeben, Calib Sign nicht Ã¼bertragen, Enden stimmen Ã¼berein",Ref,11152.280782772243,2.5711881190912074,2.2768675495729758,11135.086297928014,11168.083622768103,32.99732484008928
583,Nylon,0.35,0.002405,mm,Laborbuch_Papier,0.01,0.002405,mm,3.065,0.000289,m,126,50,Hz,"Maximale Frequenz angegeben, Calib Sign nicht Ã¼bertragen, Enden stimmen Ã¼berein",Ref,11227.630370747485,3.4545289588557515,3.3437040210108573,11221.151935063956,11235.884992635289,14.73305757133312
584,Nylon,0.35,0.002405,mm,Laborbuch_Papier,0.01,0.002405,mm,3.065,0.000289,m,126,50,Hz,"Maximale Frequenz angegeben, Calib Sign nicht Ã¼bertragen, Enden stimmen Ã¼berein",Ref,11286.018009665757,5.17105170099231,4.665262238034126,11274.212125819773,11301.184109688918,26.971983869145333
585,Nylon,0.35,0.002405,mm,Laborbuch_Papier,0.01,0.002405,mm,3.065,0.000289,m,126,50,Hz,"Maximale Frequenz angegeben, Calib Sign nicht Ã¼bertragen, Enden stimmen Ã¼berein",Ref,11353.792646919655,5.498777443953418,5.315218260867567,11346.106252072437,11362.05258520001,15.94633312757287
586,Nylon,0.35,0.002405,mm,Laborbuch_Papier,0.01,0.002405,mm,3.065,0.000289,m,126,50,Hz,"Maximale Frequenz angegeben, Calib Sign nicht Ã¼bertragen, Enden stimmen Ã¼berein",Ref,11422.237985554613,10.088973167842465,8.80150431502507,11410.596945344523,11432.48312642112,21.886181076597495
587,Nylon,0.35,0.002405,mm,Laborbuch_Papier,0.01,0.002405,mm,3.065,0.000289,m,126,50,Hz,"Maximale Frequenz angegeben, Calib Sign nicht Ã¼bertragen, Enden stimmen Ã¼berein",Ref,11491.493890042624,13.146811157309916,11.428216020585271,11478.148009454062,11504.988095183637,26.84008572957464
588,Nylon,0.35,0.002405,mm,Laborbuch_Papier,0.01,0.002405,mm,3.065,0.000289,m,126,50,Hz,"Maximale Frequenz angegeben, Calib Sign nicht Ã¼bertragen, Enden stimmen Ã¼berein",Ref,11575.19111976792,24.833172517156946,12.781086779842923,11543.788981520103,11606.544699201586,62.755717681482565
589,Nylon,0.35,0.002405,mm,Laborbuch_Papier,0.01,0.002405,mm,3.065,0.000289,m,126,50,Hz,"Maximale Frequenz angegeben, Calib Sign nicht Ã¼bertragen, Enden stimmen Ã¼berein",Ref,11661.875973861517,18.547452719018167,14.863439590610662,11646.225828198845,11711.250691251103,65.0248630522583
590,Nylon,0.35,0.002405,mm,Laborbuch_Papier,0.01,0.002405,mm,3.065,0.000289,m,126,50,Hz,"Maximale Frequenz angegeben, Calib Sign nicht Ã¼bertragen, Enden stimmen Ã¼berein",Ref,11699.540189228139,18.083424246336968,17.015540626852037,11691.934643001256,11705.754304458227,13.819661456971517
591,Nylon,0.35,0.002405,mm,Laborbuch_Papier,0.01,0.002405,mm,3.065,0.000289,m,126,50,Hz,"Maximale Frequenz angegeben, Calib Sign nicht Ã¼bertragen, Enden stimmen Ã¼berein",Ref,11780.083018088866,7.454850798558577,7.09630593693016,11765.451239128011,11788.970614225991,23.51937509797972
592,Nylon,0.35,0.002405,mm,Laborbuch_Papier,0.01,0.002405,mm,3.065,0.000289,m,126,50,Hz,"Maximale Frequenz angegeben, Calib Sign nicht Ã¼bertragen, Enden stimmen Ã¼berein",Ref,11860.221928060198,5.929161378210838,5.414609837407632,11845.034824523253,11870.90559442646,25.870769903207474
593,Nylon,0.35,0.002405,mm,Laborbuch_Papier,0.01,0.002405,mm,3.065,0.000289,m,126,50,Hz,"Maximale Frequenz angegeben, Calib Sign nicht Ã¼bertragen, Enden stimmen Ã¼berein",Ref,12068.858782510299,3.9208594275890607,2.746130032198782,11989.247537158246,12094.241098601675,104.99356144342892
594,Nylon,0.35,0.002405,mm,Laborbuch_Papier,0.01,0.002405,mm,3.065,0.000289,m,126,50,Hz,"Maximale Frequenz angegeben, Calib Sign nicht Ã¼bertragen, Enden stimmen Ã¼berein",Ref,12275.82708090458,4.932846536720308,2.8360386307922836,12245.822145874836,12337.57672703799,91.75458116315349
595,Nylon,0.35,0.002405,mm,Laborbuch_Papier,0.01,0.002405,mm,3.065,0.000289,m,126,50,Hz,"Maximale Frequenz angegeben, Calib Sign nicht Ã¼bertragen, Enden stimmen Ã¼berein",Ref,12423.42020188353,2.0839841966619943,1.978370880970261,12402.690911301797,12435.663859296841,32.972947995043796
596,Nylon,0.35,0.002405,mm,Laborbuch_Papier,0.01,0.002405,mm,3.065,0.000289,m,126,50,Hz,"Maximale Frequenz angegeben, Calib Sign nicht Ã¼bertragen, Enden stimmen Ã¼berein",Ref,12687.382195641942,6.137126391175842,5.619079686916962,12670.063311677006,12702.03632689956,31.97301522255475
597,Nylon,0.35,0.002405,mm,Laborbuch_Papier,0.01,0.002405,mm,3.065,0.000289,m,126,50,Hz,"Maximale Frequenz angegeben, Calib Sign nicht Ã¼bertragen, Enden stimmen Ã¼berein",Ref,12813.12409187898,7.877672007750215,5.035610979421476,12658.416873717972,12881.937644330714,223.52077061274213
598,Nylon,0.5,0.002405,mm,Laborbuch_Papier,0.01,0.002405,mm,3.044,0.000289,m,280,50,Hz,,Mes,96.87091550969114,1.2011439739479044,1.02120983854133,95.66851632892697,98.14430213398495,2.4757858050579813
599,Nylon,0.5,0.002405,mm,Laborbuch_Papier,0.01,0.002405,mm,3.044,0.000289,m,280,50,Hz,,Mes,434.13713661713996,7.562021664512938,7.393500653004668,426.68793661945887,437.2924036156535,10.604466996194617
600,Nylon,0.5,0.002405,mm,Laborbuch_Papier,0.01,0.002405,mm,3.044,0.000289,m,280,50,Hz,,Mes,464.7706470410899,8.457277506629792,4.427955358660576,416.68360208798407,501.0373598579561,84.35375776997205
601,Nylon,0.5,0.002405,mm,Laborbuch_Papier,0.01,0.002405,mm,3.044,0.000289,m,280,50,Hz,,Mes,584.1552829534475,6.7564671667699,5.1362338168645,559.2894289911072,602.414442906922,43.12501391581475
602,Nylon,0.5,0.002405,mm,Laborbuch_Papier,0.01,0.002405,mm,3.044,0.000289,m,280,50,Hz,,Mes,671.4988034866525,5.315607380588445,4.378067924008423,656.7468941792915,679.5539762916683,22.807082112376747
603,Nylon,0.5,0.002405,mm,Laborbuch_Papier,0.01,0.002405,mm,3.044,0.000289,m,280,50,Hz,,Mes,686.782881693821,2.9431998551160397,2.8331940672420286,685.2861465235823,687.9307392049863,2.644592681403992
604,Nylon,0.5,0.002405,mm,Laborbuch_Papier,0.01,0.002405,mm,3.044,0.000289,m,280,50,Hz,,Mes,700.9029188173656,1.720131343748207,1.5560953448011452,699.4884457067749,703.0962724064779,3.6078266997029687
605,Nylon,0.5,0.002405,mm,Laborbuch_Papier,0.01,0.002405,mm,3.044,0.000289,m,280,50,Hz,,Mes,736.1635685903716,1.5981860103847796,1.2003459534078866,729.710948052727,747.2021381631646,17.49119011043763
606,Nylon,0.5,0.002405,mm,Laborbuch_Papier,0.01,0.002405,mm,3.044,0.000289,m,280,50,Hz,,Mes,824.7360734125256,3.0618722152224485,2.8395547391793627,821.0946731504281,827.8646633037653,6.769990153337176
607,Nylon,0.5,0.002405,mm,Laborbuch_Papier,0.01,0.002405,mm,3.044,0.000289,m,280,50,Hz,,Mes,847.2064258684417,3.1513141462786702,1.9722635102263872,795.7846488181755,864.1524247983093,68.36777598013384
608,Nylon,0.5,0.002405,mm,Laborbuch_Papier,0.01,0.002405,mm,3.044,0.000289,m,280,50,Hz,,Mes,890.4026364831025,2.0071381006095197,1.7365871450125385,884.2229041706081,895.96339046276,11.7404862921519
609,Nylon,0.5,0.002405,mm,Laborbuch_Papier,0.01,0.002405,mm,3.044,0.000289,m,280,50,Hz,,Mes,1002.3382438654288,1.258899133790293,1.0499808588968778,985.0219861548663,1027.1426198636518,42.120633708785476
610,Nylon,0.5,0.002405,mm,Laborbuch_Papier,0.01,0.002405,mm,3.044,0.000289,m,280,50,Hz,,Mes,1661.6223309092481,0.5670927237471195,0.4479903702123512,1578.1734175346403,1699.15505010008,120.98163256543967
611,Nylon,0.5,0.002405,mm,Laborbuch_Papier,0.01,0.002405,mm,3.044,0.000289,m,280,50,Hz,,Mes,2063.5491306928366,0.7293784216517241,0.5813325212602138,1982.990710719326,2227.3630338171474,244.37232309782144
612,Nylon,0.5,0.002405,mm,Laborbuch_Papier,0.01,0.002405,mm,3.044,0.000289,m,280,50,Hz,,Mes,2592.890111175896,0.9072106746107881,0.6295855753247623,2451.1852698482503,2736.093542539212,284.9082726909619
613,Nylon,0.5,0.002405,mm,Laborbuch_Papier,0.01,0.002405,mm,3.044,0.000289,m,280,50,Hz,,Mes,3058.598211670955,0.7439629127380292,0.5889556186647008,2975.677206867114,3209.6267558668437,233.9495489997298
614,Nylon,0.5,0.002405,mm,Laborbuch_Papier,0.01,0.002405,mm,3.044,0.000289,m,280,50,Hz,,Mes,3997.086561654586,1.071423816770335,0.7530992533411579,3927.2324614726867,4023.9842045395053,96.75174306681856
615,Nylon,0.5,0.002405,mm,Laborbuch_Papier,0.01,0.002405,mm,3.044,0.000289,m,280,50,Hz,,Mes,5156.0412715297125,0.7797184563071143,0.6540513232160639,5030.579914376894,5314.301094293675,283.7211799167817
616,Nylon,0.5,0.002405,mm,Laborbuch_Papier,0.01,0.002405,mm,3.044,0.000289,m,280,50,Hz,,Mes,6162.540873502136,1.044696005652293,0.8783704189217263,6086.002202366274,6323.236418492344,237.23421612606944
617,Nylon,0.5,0.002405,mm,Laborbuch_Papier,0.01,0.002405,mm,3.044,0.000289,m,280,50,Hz,,Mes,6696.719210179288,1.4949905706155848,1.0073050826653631,6536.811465081177,6891.4412116355,354.629746554323
618,Nylon,0.5,0.002405,mm,Laborbuch_Papier,0.01,0.002405,mm,3.044,0.000289,m,280,50,Hz,,Mes,7212.193651756664,1.3368676351728501,1.0731934559346885,7084.488472882213,7299.299556698806,214.81108381659305
619,Nylon,0.5,0.002405,mm,Laborbuch_Papier,0.01,0.002405,mm,3.044,0.000289,m,280,50,Hz,,Mes,8379.889764577201,1.5232970476657652,1.2969932864025473,8282.342233073306,8414.462403957432,132.1201708841254
620,Nylon,0.5,0.002405,mm,Laborbuch_Papier,0.01,0.002405,mm,3.044,0.000289,m,280,50,Hz,,Mes,8774.713074281932,1.9901441417292685,1.4840920473979746,8685.861205343923,8984.801164062794,298.9399587188709
621,Nylon,0.5,0.002405,mm,Laborbuch_Papier,0.01,0.002405,mm,3.044,0.000289,m,280,50,Hz,,Mes,9310.13647385643,1.7982181614730217,1.4790491263484271,9218.913119662497,9457.66942700628,238.7563073437832
622,Nylon,0.5,0.002405,mm,Laborbuch_Papier,0.01,0.002405,mm,3.044,0.000289,m,280,50,Hz,,Mes,9964.737556916325,2.5614171841800424,2.425013481680007,9947.53657609344,9986.194158581637,38.65758248819657
623,Nylon,0.5,0.002405,mm,Laborbuch_Papier,0.01,0.002405,mm,3.044,0.000289,m,280,50,Hz,,Mes,10174.854283900517,4.4862153520604116,4.199426691780136,10162.059915022912,10186.567208582963,24.50729356005104
624,Nylon,0.5,0.002405,mm,Laborbuch_Papier,0.01,0.002405,mm,3.044,0.000289,m,280,50,Hz,,Mes,10327.900285524738,13.276764082401185,7.117326826133783,10237.925677795887,10433.790247261622,195.86456946573526
625,Nylon,0.5,0.002405,mm,Laborbuch_Papier,0.01,0.002405,mm,3.044,0.000289,m,280,50,Hz,,Mes,10948.235320350963,2.0763792179301803,1.814024826798644,10836.040251476446,11039.906122835298,203.86587135885202
626,Nylon,0.5,0.002405,mm,Laborbuch_Papier,0.01,0.002405,mm,3.044,0.000289,m,280,50,Hz,,Mes,11480.223998519003,1.9311449529311688,1.5526923481679051,11412.660716822595,11683.659670059107,270.99895323651253
627,Nylon,0.5,0.002405,mm,Laborbuch_Papier,0.01,0.002405,mm,3.044,0.000289,m,280,50,Hz,,Mes,12023.619376162746,2.587118217126998,2.087102061731666,11972.605225779585,12240.1690670167,267.5638412371154
628,Nylon,0.5,0.002405,mm,Laborbuch_Papier,0.01,0.002405,mm,3.044,0.000289,m,280,50,Hz,,Mes,12755.91309951977,4.828505902928556,4.290858245681431,12681.915655023653,12819.337744530192,137.42208950653912
629,Nylon,0.5,0.002405,mm,Laborbuch_Papier,0.01,0.002405,mm,3.044,0.000289,m,280,50,Hz,,Mes,12963.23602504347,4.21236875393855,4.014276221719117,12921.503606025404,12986.151338264359,64.64773223895463
630,Nylon,0.5,0.002405,mm,Laborbuch_Papier,0.01,0.002405,mm,3.044,0.000289,m,280,50,Hz,,Ref,417.50210248782184,1.6882872284357435,1.3909781606183615,384.49048365408265,428.5670246377677,44.07654098368505
631,Nylon,0.5,0.002405,mm,Laborbuch_Papier,0.01,0.002405,mm,3.044,0.000289,m,280,50,Hz,,Ref,551.224151576591,1.3223271689110507,1.1472724311002263,531.2440850928425,583.4544115344153,52.21032644157276
632,Nylon,0.5,0.002405,mm,Laborbuch_Papier,0.01,0.002405,mm,3.044,0.000289,m,280,50,Hz,,Ref,666.074152260525,1.3810791607434254,1.1352210547582013,637.2306614567432,679.548746692603,42.318085235859826
633,Nylon,0.5,0.002405,mm,Laborbuch_Papier,0.01,0.002405,mm,3.044,0.000289,m,280,50,Hz,,Ref,795.2122522284436,1.2435777257563543,1.0719748304136065,769.5739708202609,851.1568363112304,81.58286549096954
634,Nylon,0.5,0.002405,mm,Laborbuch_Papier,0.01,0.002405,mm,3.044,0.000289,m,280,50,Hz,,Ref,918.0470432896244,1.5495604694454008,1.1548644941133064,889.7279466232995,928.0450548037478,38.31710818044826
635,Nylon,0.5,0.002405,mm,Laborbuch_Papier,0.01,0.002405,mm,3.044,0.000289,m,280,50,Hz,,Ref,1003.2913335349607,2.0727833728010516,1.4433833229833182,974.8864369056786,1068.594465343829,93.70802843815034
636,Nylon,0.5,0.002405,mm,Laborbuch_Papier,0.01,0.002405,mm,3.044,0.000289,m,280,50,Hz,,Ref,1030.0278711653182,2.0148022490520487,1.7986671706719646,1025.302511191141,1034.5918698747357,9.289358683594628
637,Nylon,0.5,0.002405,mm,Laborbuch_Papier,0.01,0.002405,mm,3.044,0.000289,m,280,50,Hz,,Ref,1151.2383974968016,1.2980480995082548,1.1782311037225286,1144.4587388814316,1157.3098497613464,12.851110879914813
638,Nylon,0.5,0.002405,mm,Laborbuch_Papier,0.01,0.002405,mm,3.044,0.000289,m,280,50,Hz,,Ref,1194.5640011498772,1.185044089872977,1.084126371492216,1181.831145479854,1213.9933637029935,32.16221822313946
639,Nylon,0.5,0.002405,mm,Laborbuch_Papier,0.01,0.002405,mm,3.044,0.000289,m,280,50,Hz,,Ref,1252.4117877438607,1.3234071318838265,1.134350359092579,1242.3611995959902,1277.9544293119025,35.59322971591223
640,Nylon,0.5,0.002405,mm,Laborbuch_Papier,0.01,0.002405,mm,3.044,0.000289,m,280,50,Hz,,Ref,1305.7552674402793,1.29839167573926,1.156236921121513,1302.2580033319782,1313.5157011858046,11.257697853826357
641,Nylon,0.5,0.002405,mm,Laborbuch_Papier,0.01,0.002405,mm,3.044,0.000289,m,280,50,Hz,,Ref,1355.2140007226933,1.8948506161529,1.543903366583871,1339.1292013921552,1360.2502444654478,21.12104307329264
642,Nylon,0.5,0.002405,mm,Laborbuch_Papier,0.01,0.002405,mm,3.044,0.000289,m,280,50,Hz,,Ref,1408.6096493420541,1.8134468861101773,1.5463498956376043,1404.3721029623819,1412.1153849794466,7.743282017064757
643,Nylon,0.5,0.002405,mm,Laborbuch_Papier,0.01,0.002405,mm,3.044,0.000289,m,280,50,Hz,,Ref,1434.961702597458,1.9360485435707855,1.482953435422056,1419.6172853421351,1449.0104448251134,29.393159482978263
644,Nylon,0.5,0.002405,mm,Laborbuch_Papier,0.01,0.002405,mm,3.044,0.000289,m,280,50,Hz,,Ref,1490.7420626002806,2.365141111061493,1.9527200209616309,1479.0008073980982,1499.0365450468119,20.03573764871362
645,Nylon,0.5,0.002405,mm,Laborbuch_Papier,0.01,0.002405,mm,3.044,0.000289,m,280,50,Hz,,Ref,1548.5417669264612,3.810551016173786,2.707830934359925,1541.4613954897934,1553.0111422554673,11.549746765673945
646,Nylon,0.5,0.002405,mm,Laborbuch_Papier,0.01,0.002405,mm,3.044,0.000289,m,280,50,Hz,,Ref,1598.4574462651979,4.20559774495939,2.956148953187024,1594.5259078362299,1607.3265175641684,12.800609727938536
647,Nylon,0.5,0.002405,mm,Laborbuch_Papier,0.01,0.002405,mm,3.044,0.000289,m,280,50,Hz,,Ref,1625.2438318602265,3.016388258897573,2.6503704513796045,1622.3946607794735,1628.8186004284714,6.42393964899793
648,Nylon,0.5,0.002405,mm,Laborbuch_Papier,0.01,0.002405,mm,3.044,0.000289,m,280,50,Hz,,Ref,1670.0705575731504,4.9188405139297,2.802984457177213,1664.777388859647,1682.6551562710458,17.877767411398736
649,Nylon,0.5,0.002405,mm,Laborbuch_Papier,0.01,0.002405,mm,3.044,0.000289,m,280,50,Hz,,Ref,1688.9082362255492,2.7501378466249142,2.6245621714904446,1686.7780283853026,1692.8966015368453,6.118573151542705
650,Nylon,0.5,0.002405,mm,Laborbuch_Papier,0.01,0.002405,mm,3.044,0.000289,m,280,50,Hz,,Ref,1747.4788610838164,2.9782030395665435,2.119025247941812,1731.6287368781454,1758.3381113561672,26.7093744780218
651,Nylon,0.5,0.002405,mm,Laborbuch_Papier,0.01,0.002405,mm,3.044,0.000289,m,280,50,Hz,,Ref,1796.5962108392353,2.258615966529016,1.9771639998828907,1791.4671867116822,1800.6310140741894,9.163827362507163
652,Nylon,0.5,0.002405,mm,Laborbuch_Papier,0.01,0.002405,mm,3.044,0.000289,m,280,50,Hz,,Ref,1816.1481048634382,2.474481721610588,1.7514967218181159,1807.8372052081,1832.2782731267662,24.44106791866625
653,Nylon,0.5,0.002405,mm,Laborbuch_Papier,0.01,0.002405,mm,3.044,0.000289,m,280,50,Hz,,Ref,1851.4560510612228,2.2248287421482766,2.0432869599494374,1848.181867253752,1856.571077692224,8.389210438471991
654,Nylon,0.5,0.002405,mm,Laborbuch_Papier,0.01,0.002405,mm,3.044,0.000289,m,280,50,Hz,,Ref,1874.9639368593744,2.3732803080055436,1.8804674431297248,1870.546631562105,1879.680959250597,9.134327688492021
655,Nylon,0.5,0.002405,mm,Laborbuch_Papier,0.01,0.002405,mm,3.044,0.000289,m,280,50,Hz,,Ref,1899.7788179671686,2.2445792365030477,1.7975872983635308,1896.2367595897504,1903.7596391433544,7.522879553604071
656,Nylon,0.5,0.002405,mm,Laborbuch_Papier,0.01,0.002405,mm,3.044,0.000289,m,280,50,Hz,,Ref,1918.2454069247644,1.7129610637473425,1.600154371418864,1915.7743360159766,1920.3427811928866,4.568445176910018
657,Nylon,0.5,0.002405,mm,Laborbuch_Papier,0.01,0.002405,mm,3.044,0.000289,m,280,50,Hz,,Ref,1942.108040905516,1.9848078586429094,1.663497079507088,1938.6213276157196,1944.9947256928979,6.373398077178308
658,Nylon,0.5,0.002405,mm,Laborbuch_Papier,0.01,0.002405,mm,3.044,0.000289,m,280,50,Hz,,Ref,1952.8012077007265,1.6908913682842204,1.5746568258210698,1950.03049029556,1955.8994519571816,5.868961661621597
659,Nylon,0.5,0.002405,mm,Laborbuch_Papier,0.01,0.002405,mm,3.044,0.000289,m,280,50,Hz,,Ref,1978.905129904586,1.2980098764462087,1.1947418729159436,1974.1441924903409,1986.5648686514971,12.42067616115628
660,Nylon,0.5,0.002405,mm,Laborbuch_Papier,0.01,0.002405,mm,3.044,0.000289,m,280,50,Hz,,Ref,2001.133927437924,1.1914572625480673,0.9960989240059914,1997.564302296928,2005.1033732094393,7.539070912511306
661,Nylon,0.5,0.002405,mm,Laborbuch_Papier,0.01,0.002405,mm,3.044,0.000289,m,280,50,Hz,,Ref,2030.4371064231523,2.239945206373526,1.3549709602690907,2022.3436133629818,2045.0446119925045,22.7009986295227
662,Nylon,0.5,0.002405,mm,Laborbuch_Papier,0.01,0.002405,mm,3.044,0.000289,m,280,50,Hz,,Ref,2093.234614512938,2.9275648716132814,1.9717933608380485,2086.8411382314935,2097.709591572423,10.868453340929591
663,Nylon,0.5,0.002405,mm,Laborbuch_Papier,0.01,0.002405,mm,3.044,0.000289,m,280,50,Hz,,Ref,2128.2877332033145,2.0142284498313723,1.7620689154488407,2123.396165410072,2138.022431075974,14.626265665901883
664,Nylon,0.5,0.002405,mm,Laborbuch_Papier,0.01,0.002405,mm,3.044,0.000289,m,280,50,Hz,,Ref,2156.3557488994093,3.5130395751084347,2.484253966341399,2151.0023526569867,2164.719003806165,13.716651149178233
665,Nylon,0.5,0.002405,mm,Laborbuch_Papier,0.01,0.002405,mm,3.044,0.000289,m,280,50,Hz,,Ref,2178.783000010525,3.3363218070813385,2.630986857737701,2175.0471249104125,2188.319184430922,13.272059520509629
666,Nylon,0.5,0.002405,mm,Laborbuch_Papier,0.01,0.002405,mm,3.044,0.000289,m,280,50,Hz,,Ref,2209.0379284126384,2.73614533193296,2.196972137724854,2200.0716669558014,2213.3516383059437,13.279971350142205
667,Nylon,0.5,0.002405,mm,Laborbuch_Papier,0.01,0.002405,mm,3.044,0.000289,m,280,50,Hz,,Ref,2231.068576944088,8.251425753643787,4.898189349062213,2226.7374737953487,2242.2998862293093,15.562412433960617
668,Nylon,0.5,0.002405,mm,Laborbuch_Papier,0.01,0.002405,mm,3.044,0.000289,m,280,50,Hz,,Ref,2252.1487371870994,3.229117241308995,2.8463985179605142,2249.688968620974,2254.810737450444,5.1217688294700565
669,Nylon,0.5,0.002405,mm,Laborbuch_Papier,0.01,0.002405,mm,3.044,0.000289,m,280,50,Hz,,Ref,2278.4285401191896,2.4572779981348076,2.2183119510835074,2274.521806658184,2282.7811294894473,8.25932283126349
670,Nylon,0.5,0.002405,mm,Laborbuch_Papier,0.01,0.002405,mm,3.044,0.000289,m,280,50,Hz,,Ref,2298.956363910712,10.487290870646346,6.61185331817558,2293.6019342045797,2304.6513829416735,11.049448737093826
671,Nylon,0.5,0.002405,mm,Laborbuch_Papier,0.01,0.002405,mm,3.044,0.000289,m,280,50,Hz,,Ref,2326.5610666887414,5.123772230214909,4.975544021571972,2325.3259887790045,2328.1998992026142,2.8739104236096864
672,Nylon,0.5,0.002405,mm,Laborbuch_Papier,0.01,0.002405,mm,3.044,0.000289,m,280,50,Hz,,Ref,2336.1776625836455,5.816443827969192,5.605258802312368,2334.2817070571673,2339.4070222964638,5.125315239296469
673,Nylon,0.5,0.002405,mm,Laborbuch_Papier,0.01,0.002405,mm,3.044,0.000289,m,280,50,Hz,,Ref,2351.183712660423,16.20630589495844,8.85179437894832,2347.6309442512716,2354.9412003883863,7.31025613711472
674,Nylon,0.5,0.002405,mm,Laborbuch_Papier,0.01,0.002405,mm,3.044,0.000289,m,280,50,Hz,,Ref,2377.2923855617596,5.83835563119658,5.0229670299794655,2369.3292005949565,2381.3389861857754,12.009785590818865
675,Nylon,0.5,0.002405,mm,Laborbuch_Papier,0.01,0.002405,mm,3.044,0.000289,m,280,50,Hz,,Ref,2423.6121828896876,4.142176335571221,3.5930949784953077,2419.8196127181077,2426.6169041091707,6.797291391063027
676,Nylon,0.5,0.002405,mm,Laborbuch_Papier,0.01,0.002405,mm,3.044,0.000289,m,280,50,Hz,,Ref,2435.8783752595023,4.556793612280899,3.4665578603996465,2431.7765240341414,2442.100508759592,10.323984725450373
677,Nylon,0.5,0.002405,mm,Laborbuch_Papier,0.01,0.002405,mm,3.044,0.000289,m,280,50,Hz,,Ref,2466.9110676396785,2.8186792307732738,2.5509987855406395,2463.875413874069,2469.541825284324,5.666411410255023
678,Nylon,0.5,0.002405,mm,Laborbuch_Papier,0.01,0.002405,mm,3.044,0.000289,m,280,50,Hz,,Ref,2494.016919291867,4.460632873896205,4.132670742879707,2492.1175243821554,2496.2635252018677,4.146000819712299
679,Nylon,0.5,0.002405,mm,Laborbuch_Papier,0.01,0.002405,mm,3.044,0.000289,m,280,50,Hz,,Ref,2507.9611693251504,4.9661310389821125,3.3722757469292395,2490.123758390375,2513.525856649666,23.40209825929105
680,Nylon,0.5,0.002405,mm,Laborbuch_Papier,0.01,0.002405,mm,3.044,0.000289,m,280,50,Hz,,Ref,2575.5583750891665,12.235939154856123,7.4741558868614915,2569.539945615544,2580.8261326728016,11.286187057257393
681,Nylon,0.5,0.002405,mm,Laborbuch_Papier,0.01,0.002405,mm,3.044,0.000289,m,280,50,Hz,,Ref,2600.3736672163086,5.051665719602004,4.324003810998844,2597.093834567817,2603.2068512637234,6.113016695906481
682,Nylon,0.5,0.002405,mm,Laborbuch_Papier,0.01,0.002405,mm,3.044,0.000289,m,280,50,Hz,,Ref,2622.1771565531417,5.317230389518436,4.754565935969789,2619.6055455517517,2625.2260162807406,5.620470728988948
683,Nylon,0.5,0.002405,mm,Laborbuch_Papier,0.01,0.002405,mm,3.044,0.000289,m,280,50,Hz,,Ref,2652.509355612314,17.243739516414553,9.317486535736801,2648.012145258454,2656.554175059558,8.542029801104036
684,Nylon,0.5,0.002405,mm,Laborbuch_Papier,0.01,0.002405,mm,3.044,0.000289,m,280,50,Hz,,Ref,2673.042065159236,3.5147835758569848,3.0190813275656794,2669.7424844589536,2676.242744559872,6.50026010091824
685,Nylon,0.5,0.002405,mm,Laborbuch_Papier,0.01,0.002405,mm,3.044,0.000289,m,280,50,Hz,,Ref,2689.394264969861,4.377393830757192,3.6481231315267317,2685.42343765801,2692.997898611643,7.574460953633206
686,Nylon,0.5,0.002405,mm,Laborbuch_Papier,0.01,0.002405,mm,3.044,0.000289,m,280,50,Hz,,Ref,2714.7840045934067,6.104741512789943,4.305390105712349,2704.8679810707354,2729.563441783613,24.695460712877775
687,Nylon,0.5,0.002405,mm,Laborbuch_Papier,0.01,0.002405,mm,3.044,0.000289,m,280,50,Hz,,Ref,2726.718638882725,4.801828864271661,4.693118091531407,2724.5791197931853,2728.103928778646,3.5248089854608224
688,Nylon,0.5,0.002405,mm,Laborbuch_Papier,0.01,0.002405,mm,3.044,0.000289,m,280,50,Hz,,Ref,2757.623402302971,6.1901965461503705,4.495068705052407,2751.306568696104,2763.8164843974782,12.509915701374211
689,Nylon,0.5,0.002405,mm,Laborbuch_Papier,0.01,0.002405,mm,3.044,0.000289,m,280,50,Hz,,Ref,2805.3778882695065,16.728200121526942,10.5744732776311,2798.714736718236,2810.834472688761,12.119735970524744
690,Nylon,0.5,0.002405,mm,Laborbuch_Papier,0.01,0.002405,mm,3.044,0.000289,m,280,50,Hz,,Ref,2822.170407554073,8.360472237186384,7.819717007887048,2820.0753526730578,2824.0496811247026,3.974328451644851
691,Nylon,0.5,0.002405,mm,Laborbuch_Papier,0.01,0.002405,mm,3.044,0.000289,m,280,50,Hz,,Ref,2832.799850212828,10.800295895108867,8.849948083321149,2829.858341163593,2836.2463887945264,6.388047630933215
692,Nylon,0.5,0.002405,mm,Laborbuch_Papier,0.01,0.002405,mm,3.044,0.000289,m,280,50,Hz,,Ref,2863.6395004537667,11.00299788368185,10.244228902108434,2861.2824469825996,2865.844109431922,4.561662449322284
693,Nylon,0.5,0.002405,mm,Laborbuch_Papier,0.01,0.002405,mm,3.044,0.000289,m,280,50,Hz,,Ref,2879.561698268645,16.259057236943203,11.934175751255415,2874.2371135586395,2883.2648206860285,9.027707127389021
694,Nylon,0.5,0.002405,mm,Laborbuch_Papier,0.01,0.002405,mm,3.044,0.000289,m,280,50,Hz,,Ref,2900.5123973166083,28.022128268855035,14.16031391127592,2894.614399860006,2907.127053597398,12.512653737392156
695,Nylon,0.5,0.002405,mm,Laborbuch_Papier,0.01,0.002405,mm,3.044,0.000289,m,280,50,Hz,,Ref,2954.206319169488,15.191367018426817,9.875237831599938,2945.942511931156,2965.9264475781456,19.98393564698972
696,Nylon,0.5,0.002405,mm,Laborbuch_Papier,0.01,0.002405,mm,3.044,0.000289,m,280,50,Hz,,Ref,2986.735412955267,5.366946279293583,5.123181830120317,2983.1978330623674,2990.0815907943374,6.883757731970036
697,Nylon,0.5,0.002405,mm,Laborbuch_Papier,0.01,0.002405,mm,3.044,0.000289,m,280,50,Hz,,Ref,3016.9631088810606,9.220110723722119,7.429839260307988,3013.320157086513,3027.452409434724,14.13225234821084
698,Nylon,0.5,0.002405,mm,Laborbuch_Papier,0.01,0.002405,mm,3.044,0.000289,m,280,50,Hz,,Ref,3047.9658149845177,8.672566985957944,7.944982792465963,3042.587386109206,3051.216219700594,8.62883359138823
699,Nylon,0.5,0.002405,mm,Laborbuch_Papier,0.01,0.002405,mm,3.044,0.000289,m,280,50,Hz,,Ref,3073.54590654091,6.749661707436084,6.237468349562931,3069.586585252268,3076.870947086144,7.284361833876119
700,Nylon,0.5,0.002405,mm,Laborbuch_Papier,0.01,0.002405,mm,3.044,0.000289,m,280,50,Hz,,Ref,3096.3368487986786,17.993319215808135,11.455877868532603,3087.6160558337933,3102.9204678579663,15.304412024172962
701,Nylon,0.5,0.002405,mm,Laborbuch_Papier,0.01,0.002405,mm,3.044,0.000289,m,280,50,Hz,,Ref,3154.274780719974,20.560361185931388,12.254027129157382,3145.596562949856,3165.022262872139,19.425699922283002
702,Nylon,0.5,0.002405,mm,Laborbuch_Papier,0.01,0.002405,mm,3.044,0.000289,m,280,50,Hz,,Ref,3180.4655875136987,6.678247571439956,6.2380996842135055,3177.9455794997743,3182.7916382158533,4.846058716078915
703,Nylon,0.5,0.002405,mm,Laborbuch_Papier,0.01,0.002405,mm,3.044,0.000289,m,280,50,Hz,,Ref,3214.8303636151345,4.602366875174683,4.18751261494758,3207.515582573815,3219.856560339043,12.340977765227763
704,Nylon,0.5,0.002405,mm,Laborbuch_Papier,0.01,0.002405,mm,3.044,0.000289,m,280,50,Hz,,Ref,3232.5310870416283,4.3510738933688,4.180468403758422,3227.261574346709,3236.401694166393,9.14011981968406
705,Nylon,0.5,0.002405,mm,Laborbuch_Papier,0.01,0.002405,mm,3.044,0.000289,m,280,50,Hz,,Ref,3264.166058763973,2.217213550330977,2.079710044149871,3259.346594431285,3267.999096211741,8.652501780455623
706,Nylon,0.5,0.002405,mm,Laborbuch_Papier,0.01,0.002405,mm,3.044,0.000289,m,280,50,Hz,,Ref,3303.5257545636714,2.3304959383494013,1.8667900974952087,3296.148673101109,3309.441852414125,13.293179313016026
707,Nylon,0.5,0.002405,mm,Laborbuch_Papier,0.01,0.002405,mm,3.044,0.000289,m,280,50,Hz,,Ref,3369.746188358873,1.4798494623079277,1.0386370510506981,3361.3028102908456,3376.32647712788,15.023666837034398
708,Nylon,0.5,0.002405,mm,Laborbuch_Papier,0.01,0.002405,mm,3.044,0.000289,m,280,50,Hz,,Ref,3412.0196969517415,0.8803872718686709,0.6347993486631484,3404.2955435117697,3419.9850807224916,15.689537210721937
709,Nylon,0.5,0.002405,mm,Laborbuch_Papier,0.01,0.002405,mm,3.044,0.000289,m,280,50,Hz,,Ref,3468.649857279753,0.8449678466283512,0.7181536715630337,3454.145621141436,3475.1290905417222,20.98346940028614
710,Nylon,0.5,0.002405,mm,Laborbuch_Papier,0.01,0.002405,mm,3.044,0.000289,m,280,50,Hz,,Ref,3523.3310584497553,1.247259322141621,0.9752912030428478,3513.4617182045313,3534.383908569723,20.92219036519191
711,Nylon,0.5,0.002405,mm,Laborbuch_Papier,0.01,0.002405,mm,3.044,0.000289,m,280,50,Hz,,Ref,3573.177659178037,1.5048814355949907,1.1002617946239095,3565.5825525040186,3581.147197374627,15.56464487060839
712,Nylon,0.5,0.002405,mm,Laborbuch_Papier,0.01,0.002405,mm,3.044,0.000289,m,280,50,Hz,,Ref,3684.9367028232123,4.70216516850666,4.2113494148573585,3677.981377509254,3688.795414563587,10.814037054333312
713,Nylon,0.5,0.002405,mm,Laborbuch_Papier,0.01,0.002405,mm,3.044,0.000289,m,280,50,Hz,,Ref,3712.246942930085,6.98459786119535,5.231240011518409,3702.8456436955285,3721.2711627471426,18.425519051614174
714,Nylon,0.5,0.002405,mm,Laborbuch_Papier,0.01,0.002405,mm,3.044,0.000289,m,280,50,Hz,,Ref,3773.9326579579943,11.878782916154442,6.280849198982715,3760.8714772092926,3787.010055385898,26.13857817660528
715,Nylon,0.5,0.002405,mm,Laborbuch_Papier,0.01,0.002405,mm,3.044,0.000289,m,280,50,Hz,,Ref,3839.065249642044,6.5450379885515755,5.084906244782517,3831.4504192167105,3852.649996298941,21.199577082230462
716,Nylon,0.5,0.002405,mm,Laborbuch_Papier,0.01,0.002405,mm,3.044,0.000289,m,280,50,Hz,,Ref,3915.71942467166,5.058764408772758,4.257762055714113,3895.6415229551576,3930.2710138969464,34.629490941788845
717,Nylon,0.5,0.002405,mm,Laborbuch_Papier,0.01,0.002405,mm,3.044,0.000289,m,280,50,Hz,,Ref,3979.882580135279,4.2214750349167875,3.6548371699644298,3966.9175397863055,3987.884479808775,20.966940022469316
718,Nylon,0.5,0.002405,mm,Laborbuch_Papier,0.01,0.002405,mm,3.044,0.000289,m,280,50,Hz,,Ref,4015.4463192221997,3.3632839276783124,3.1726011889422265,4010.088482078577,4022.203982656704,12.115500578127012
719,Nylon,0.5,0.002405,mm,Laborbuch_Papier,0.01,0.002405,mm,3.044,0.000289,m,280,50,Hz,,Ref,4043.3075536702368,3.5139776137510936,3.2040629642249723,4037.3221702971287,4048.616303013581,11.294132716452168
720,Nylon,0.5,0.002405,mm,Laborbuch_Papier,0.01,0.002405,mm,3.044,0.000289,m,280,50,Hz,,Ref,4125.372990242452,2.25067625815703,2.095150629152198,4109.466497664506,4130.392143704246,20.92564603974006
721,Nylon,0.5,0.002405,mm,Laborbuch_Papier,0.01,0.002405,mm,3.044,0.000289,m,280,50,Hz,,Ref,4186.152470753907,2.3401863513695655,2.0270943108194857,4176.161585213147,4196.926195632007,20.764610418859775
722,Nylon,0.5,0.002405,mm,Laborbuch_Papier,0.01,0.002405,mm,3.044,0.000289,m,280,50,Hz,,Ref,4261.546575893868,2.2323104342637166,2.051108861696097,4253.715671569869,4276.708575794698,22.992904224828635
723,Nylon,0.5,0.002405,mm,Laborbuch_Papier,0.01,0.002405,mm,3.044,0.000289,m,280,50,Hz,,Ref,4322.336058089668,2.275443799849704,1.9185880363483718,4312.13629490636,4345.816933087577,33.680638181217546
724,Nylon,0.5,0.002405,mm,Laborbuch_Papier,0.01,0.002405,mm,3.044,0.000289,m,280,50,Hz,,Ref,4363.897450326537,2.005833052986394,1.892755949242345,4358.477150418381,4369.290866316634,10.813715898252667
725,Nylon,0.5,0.002405,mm,Laborbuch_Papier,0.01,0.002405,mm,3.044,0.000289,m,280,50,Hz,,Ref,4402.028762445063,2.1257783299104607,1.903935791356354,4390.187928881908,4418.166563277251,27.97863439534285
726,Nylon,0.5,0.002405,mm,Laborbuch_Papier,0.01,0.002405,mm,3.044,0.000289,m,280,50,Hz,,Ref,4485.5202255704335,2.3436361827507617,2.0199938633815737,4477.863537200621,4494.832765189835,16.969227989214232
727,Nylon,0.5,0.002405,mm,Laborbuch_Papier,0.01,0.002405,mm,3.044,0.000289,m,280,50,Hz,,Ref,4562.407092578643,2.0567527807756387,1.943768823880501,4557.511770707834,4568.748987098584,11.237216390749381
728,Nylon,0.5,0.002405,mm,Laborbuch_Papier,0.01,0.002405,mm,3.044,0.000289,m,280,50,Hz,,Ref,4685.468028070565,2.975796059630897,2.8379596059974452,4678.856093528328,4692.053197676266,13.197104147938262
729,Nylon,0.5,0.002405,mm,Laborbuch_Papier,0.01,0.002405,mm,3.044,0.000289,m,280,50,Hz,,Ref,4754.956822570487,4.220186825865935,3.5768281537450686,4743.699663399459,4763.838801343688,20.139137944229333
730,Nylon,0.5,0.002405,mm,Laborbuch_Papier,0.01,0.002405,mm,3.044,0.000289,m,280,50,Hz,,Ref,4840.744306463077,4.037638054878853,3.7100111120103563,4816.182766855063,4849.637244178151,33.45447732308821
731,Nylon,0.5,0.002405,mm,Laborbuch_Papier,0.01,0.002405,mm,3.044,0.000289,m,280,50,Hz,,Ref,4891.316478182651,4.595890092581565,3.2289319707045916,4802.137602621602,4913.103068790239,110.96546616863725
732,Nylon,0.5,0.002405,mm,Laborbuch_Papier,0.01,0.002405,mm,3.044,0.000289,m,280,50,Hz,,Ref,4942.835391653109,3.72690802906919,3.2939341193229095,4932.423850523877,4955.785382676156,23.361532152278414
733,Nylon,0.5,0.002405,mm,Laborbuch_Papier,0.01,0.002405,mm,3.044,0.000289,m,280,50,Hz,,Ref,4994.743186073204,2.9239506525877297,2.775202904369459,4986.52425233389,5004.901097939746,18.376845605856033
734,Nylon,0.5,0.002405,mm,Laborbuch_Papier,0.01,0.002405,mm,3.044,0.000289,m,280,50,Hz,,Ref,5068.916269986152,3.044221016232806,2.8151423677193366,5060.789482408923,5079.049136178117,18.2596537691943
735,Nylon,0.5,0.002405,mm,Laborbuch_Papier,0.01,0.002405,mm,3.044,0.000289,m,280,50,Hz,,Ref,5223.858616432076,2.118078950633539,2.0170369765929195,5190.3983509570735,5230.99918068986,40.600829732786224
736,Nylon,0.5,0.002405,mm,Laborbuch_Papier,0.01,0.002405,mm,3.044,0.000289,m,280,50,Hz,,Ref,5268.105315870395,2.5830266813207317,2.4164227158703437,5252.944355791795,5284.997633787267,32.053277995471944
737,Nylon,0.5,0.002405,mm,Laborbuch_Papier,0.01,0.002405,mm,3.044,0.000289,m,280,50,Hz,,Ref,5316.05995958457,3.4230973370987345,2.8448895095911606,5306.9242966008305,5329.88523752349,22.960940922659574
738,Nylon,0.5,0.002405,mm,Laborbuch_Papier,0.01,0.002405,mm,3.044,0.000289,m,280,50,Hz,,Ref,5385.919855539859,3.406203452373109,3.0653705181617403,5376.767581640696,5396.105014425997,19.337432785300734
739,Nylon,0.5,0.002405,mm,Laborbuch_Papier,0.01,0.002405,mm,3.044,0.000289,m,280,50,Hz,,Ref,5454.325716890378,5.221639195746946,4.027810199426427,5440.240449755733,5464.030486640659,23.79003688492594
740,Nylon,0.5,0.002405,mm,Laborbuch_Papier,0.01,0.002405,mm,3.044,0.000289,m,280,50,Hz,,Ref,5529.107892695763,3.5578566828113085,3.2010827600460523,5494.812891780898,5540.970819586063,46.157927805164945
741,Nylon,0.5,0.002405,mm,Laborbuch_Papier,0.01,0.002405,mm,3.044,0.000289,m,280,50,Hz,,Ref,5595.88618093525,5.3835853344181235,3.3501590884459715,5571.564929575788,5657.459566908106,85.89463733231878
742,Nylon,0.5,0.002405,mm,Laborbuch_Papier,0.01,0.002405,mm,3.044,0.000289,m,280,50,Hz,,Ref,5627.692914563745,5.271351731374491,4.860123814128643,5616.681602727576,5635.450537909803,18.768935182226414
743,Nylon,0.5,0.002405,mm,Laborbuch_Papier,0.01,0.002405,mm,3.044,0.000289,m,280,50,Hz,,Ref,5698.292393421734,2.284335971782333,2.170114773776211,5692.94494245526,5703.008449457175,10.063507001914331
744,Nylon,0.5,0.002405,mm,Laborbuch_Papier,0.01,0.002405,mm,3.044,0.000289,m,280,50,Hz,,Ref,5779.59879471549,1.451627601451138,1.3113402928157079,5770.9099126330575,5796.212867073119,25.302954440061512
745,Nylon,0.5,0.002405,mm,Laborbuch_Papier,0.01,0.002405,mm,3.044,0.000289,m,280,50,Hz,,Ref,5818.424353356027,1.6161460116182336,1.3617201332353077,5810.39249527416,5830.033068341283,19.640573067123114
746,Nylon,0.5,0.002405,mm,Laborbuch_Papier,0.01,0.002405,mm,3.044,0.000289,m,280,50,Hz,,Ref,5875.072125394474,1.6485353832616663,1.3641050519935698,5861.546550275193,5894.432333303384,32.88578302819133
747,Nylon,0.5,0.002405,mm,Laborbuch_Papier,0.01,0.002405,mm,3.044,0.000289,m,280,50,Hz,,Ref,5980.170904305313,1.660770898264581,1.5238339563732315,5972.697103060822,5988.276156198886,15.57905313806441
748,Nylon,0.5,0.002405,mm,Laborbuch_Papier,0.01,0.002405,mm,3.044,0.000289,m,280,50,Hz,,Ref,6077.530818628906,3.6708532010386556,3.377740291341204,6062.769253680158,6090.664152004466,27.894898324308087
749,Nylon,0.5,0.002405,mm,Laborbuch_Papier,0.01,0.002405,mm,3.044,0.000289,m,280,50,Hz,,Ref,6136.1581581935825,4.168852370132392,2.4427305002245214,6024.144147992515,6243.020137938532,218.8759899460165
750,Nylon,0.5,0.002405,mm,Laborbuch_Papier,0.01,0.002405,mm,3.044,0.000289,m,280,50,Hz,,Ref,6210.459321050993,2.900507946211434,2.7363391234639263,6181.849258340553,6235.79367352966,53.94441518910662
751,Nylon,0.5,0.002405,mm,Laborbuch_Papier,0.01,0.002405,mm,3.044,0.000289,m,280,50,Hz,,Ref,6308.3149701935745,2.5629475503145716,2.372521711422726,6296.408013211927,6317.910228248718,21.502215036791313
752,Nylon,0.5,0.002405,mm,Laborbuch_Papier,0.01,0.002405,mm,3.044,0.000289,m,280,50,Hz,,Ref,6412.522176016788,3.023141694054987,2.9192094152412444,6402.561499412482,6421.287540858065,18.726041445583178
753,Nylon,0.5,0.002405,mm,Laborbuch_Papier,0.01,0.002405,mm,3.044,0.000289,m,280,50,Hz,,Ref,6455.798241903654,3.9315185800935333,2.9740943461614093,6438.3835116507435,6509.2772673509735,70.89375570023003
754,Nylon,0.5,0.002405,mm,Laborbuch_Papier,0.01,0.002405,mm,3.044,0.000289,m,280,50,Hz,,Ref,6491.268668466651,3.3323478644173345,3.1998868198431065,6482.806879788111,6500.992118027123,18.185238239012506
755,Nylon,0.5,0.002405,mm,Laborbuch_Papier,0.01,0.002405,mm,3.044,0.000289,m,280,50,Hz,,Ref,6613.342472216766,2.3418852478850387,2.2219385891452,6605.280681011763,6624.5741398255905,19.293458813827783
756,Nylon,0.5,0.002405,mm,Laborbuch_Papier,0.01,0.002405,mm,3.044,0.000289,m,280,50,Hz,,Ref,6781.1210153798465,3.146295659367546,2.4923759057538604,6715.9179592114715,6865.582632467001,149.66467325552912
757,Nylon,0.5,0.002405,mm,Laborbuch_Papier,0.01,0.002405,mm,3.044,0.000289,m,280,50,Hz,,Ref,6907.476171368977,2.9058609764728103,2.542623769051014,6894.968889669098,6914.496541937986,19.527652268888232
758,Nylon,0.5,0.002405,mm,Laborbuch_Papier,0.01,0.002405,mm,3.044,0.000289,m,280,50,Hz,,Ref,7064.970045798428,2.6360089164476603,2.4579908985461065,7054.0773393876325,7077.949111536776,23.871772149143908
759,Nylon,0.5,0.002405,mm,Laborbuch_Papier,0.01,0.002405,mm,3.044,0.000289,m,280,50,Hz,,Ref,7114.099940918747,3.3951778730134414,2.143517879688001,7047.050828812269,7193.984067838777,146.9332390265081
760,Nylon,0.5,0.002405,mm,Laborbuch_Papier,0.01,0.002405,mm,3.044,0.000289,m,280,50,Hz,,Ref,7169.665769479896,3.0114522077124244,2.815299709492553,7159.96148304778,7179.189835837629,19.22835278984894
761,Nylon,0.5,0.002405,mm,Laborbuch_Papier,0.01,0.002405,mm,3.044,0.000289,m,280,50,Hz,,Ref,7319.014755753387,1.5568065909053923,1.413359034539483,7309.755208191948,7326.002349495876,16.247141303927492
762,Nylon,0.5,0.002405,mm,Laborbuch_Papier,0.01,0.002405,mm,3.044,0.000289,m,280,50,Hz,,Ref,7522.997295851608,3.323573744082478,3.071708019977602,7514.115742978865,7548.717355859068,34.6016128802039
763,Nylon,0.5,0.002405,mm,Laborbuch_Papier,0.01,0.002405,mm,3.044,0.000289,m,280,50,Hz,,Ref,7607.326565362658,3.7849445022307404,3.673111023653062,7597.292989678499,7614.384320656547,17.091330978048063
764,Nylon,0.5,0.002405,mm,Laborbuch_Papier,0.01,0.002405,mm,3.044,0.000289,m,280,50,Hz,,Ref,7643.798457778271,4.942059601580464,4.83578184424296,7640.211029415713,7648.211539160026,8.000509744313604
765,Nylon,0.5,0.002405,mm,Laborbuch_Papier,0.01,0.002405,mm,3.044,0.000289,m,280,50,Hz,,Ref,7672.617637443626,6.032078845280281,3.999664542556185,7630.956190811808,7712.547632508616,81.59144169680803
766,Nylon,0.5,0.002405,mm,Laborbuch_Papier,0.01,0.002405,mm,3.044,0.000289,m,280,50,Hz,,Ref,7756.922596058733,4.713032737935673,4.352759280673428,7725.97312195132,7764.089265242815,38.116143291495064
767,Nylon,0.5,0.002405,mm,Laborbuch_Papier,0.01,0.002405,mm,3.044,0.000289,m,280,50,Hz,,Ref,7890.735079504248,8.334702449105123,7.307025196138567,7880.691580706539,7925.393545226302,44.70196451976335
768,Nylon,0.5,0.002405,mm,Laborbuch_Papier,0.01,0.002405,mm,3.044,0.000289,m,280,50,Hz,,Ref,7917.377263587521,7.680766142374564,7.53503548035583,7912.7479772687775,7921.948293342854,9.200316074076909
769,Nylon,0.5,0.002405,mm,Laborbuch_Papier,0.01,0.002405,mm,3.044,0.000289,m,280,50,Hz,,Ref,7975.533747541452,11.277978644917157,7.575381882347891,7953.499199852054,8005.51124650664,52.01204665458681
770,Nylon,0.5,0.002405,mm,Laborbuch_Papier,0.01,0.002405,mm,3.044,0.000289,m,280,50,Hz,,Ref,8043.985015450184,7.930020952720146,7.333896980802102,8033.159140638185,8061.150659559857,27.99151892167174
771,Nylon,0.5,0.002405,mm,Laborbuch_Papier,0.01,0.002405,mm,3.044,0.000289,m,280,50,Hz,,Ref,8142.891383732566,26.17676715540784,13.588863126231624,8131.369191207228,8161.55556587923,30.186374672001875
772,Nylon,0.5,0.002405,mm,Laborbuch_Papier,0.01,0.002405,mm,3.044,0.000289,m,280,50,Hz,,Ref,8195.952741791043,18.921564700881287,15.8065756821448,8181.584638326592,8213.411076986622,31.826438660030362
773,Nylon,0.5,0.002405,mm,Laborbuch_Papier,0.01,0.002405,mm,3.044,0.000289,m,280,50,Hz,,Ref,8261.49428023478,19.733126443937365,14.782637494081042,8252.629952081912,8272.787030499436,20.157078417523735
774,Nylon,0.5,0.002405,mm,Laborbuch_Papier,0.01,0.002405,mm,3.044,0.000289,m,280,50,Hz,,Ref,8336.889693008428,10.675332963624898,9.422187219530255,8310.946192791826,8347.418231730462,36.472038938636615
775,Nylon,0.5,0.002405,mm,Laborbuch_Papier,0.01,0.002405,mm,3.044,0.000289,m,280,50,Hz,,Ref,8646.24679580427,11.039112062307558,6.263164967901488,8616.621445120663,8718.206678693461,101.58523357279773
776,Nylon,0.5,0.002405,mm,Laborbuch_Papier,0.01,0.002405,mm,3.044,0.000289,m,280,50,Hz,,Ref,8703.35837286518,8.243220438463025,7.673725898445502,8693.45125359983,8710.561500214397,17.110246614567586
777,Nylon,0.5,0.002405,mm,Laborbuch_Papier,0.01,0.002405,mm,3.044,0.000289,m,280,50,Hz,,Ref,8776.806668597486,7.515839018787855,5.94529981069506,8764.050253423595,8786.707350381468,22.657096957873364
778,Nylon,0.5,0.002405,mm,Laborbuch_Papier,0.01,0.002405,mm,3.044,0.000289,m,280,50,Hz,,Ref,8975.816937272524,8.674881248176998,7.6613302594948,8969.22271038251,8983.487523868034,14.264813485524428
779,Nylon,0.5,0.002405,mm,Laborbuch_Papier,0.01,0.002405,mm,3.044,0.000289,m,280,50,Hz,,Ref,9032.2898716629,10.56018746639692,7.797382579604307,9010.247554850675,9046.063237494314,35.815682643638866
780,Nylon,0.5,0.002405,mm,Laborbuch_Papier,0.01,0.002405,mm,3.044,0.000289,m,280,50,Hz,,Ref,9181.282513365653,26.467586328162888,25.395929462512726,9176.761638492484,9188.174065023506,11.412426531021993
781,Nylon,0.5,0.002405,mm,Laborbuch_Papier,0.01,0.002405,mm,3.044,0.000289,m,280,50,Hz,,Ref,9207.781377284136,27.22684994859241,13.978980557752053,9159.969157843167,9229.419059030986,69.4499011878197
782,Nylon,0.5,0.002405,mm,Laborbuch_Papier,0.01,0.002405,mm,3.044,0.000289,m,280,50,Hz,,Ref,9306.805452600413,16.202157663974013,12.243085540870768,9292.599329143248,9320.60291444841,28.003585305161323
783,Nylon,0.5,0.002405,mm,Laborbuch_Papier,0.01,0.002405,mm,3.044,0.000289,m,280,50,Hz,,Ref,9449.557597923651,2.5743741514231484,2.368082181372391,9440.435565647238,9464.84127507959,24.405709432352523
784,Nylon,0.5,0.002405,mm,Laborbuch_Papier,0.01,0.002405,mm,3.044,0.000289,m,280,50,Hz,,Ref,9528.239836758961,12.072618478024468,6.659404855326083,9511.7191324895,9580.03838662455,68.31925413505087
785,Nylon,0.5,0.002405,mm,Laborbuch_Papier,0.01,0.002405,mm,3.044,0.000289,m,280,50,Hz,,Ref,9561.772082987458,9.50438764260242,9.279038377355455,9556.401945916738,9565.856877621854,9.454931705116906
786,Nylon,0.5,0.002405,mm,Laborbuch_Papier,0.01,0.002405,mm,3.044,0.000289,m,280,50,Hz,,Ref,10124.240722904322,4.189990327120498,2.557559398354494,10043.071111876678,10203.042922173774,159.97181029709645
787,Nylon,0.5,0.002405,mm,Laborbuch_Papier,0.01,0.002405,mm,3.044,0.000289,m,280,50,Hz,,Ref,10328.337435063188,2.546698907975172,2.3984642237691034,10259.57574377674,10346.27650643222,86.70076265547868
788,Nylon,0.5,0.002405,mm,Laborbuch_Papier,0.01,0.002405,mm,3.044,0.000289,m,280,50,Hz,,Ref,10693.923970307747,3.0838261583049107,2.526017672259225,10494.18558226566,10809.88723738598,315.70165512031963
789,Nylon,0.5,0.002405,mm,Laborbuch_Papier,0.01,0.002405,mm,3.044,0.000289,m,280,50,Hz,,Ref,11084.088230662917,2.5954609981961845,2.4632055340699455,11041.732901272751,11106.54469612431,64.81179485155917
790,Nylon,0.5,0.002405,mm,Laborbuch_Papier,0.01,0.002405,mm,3.044,0.000289,m,280,50,Hz,,Ref,11151.722939374793,2.6055281688481053,2.3530319795083354,11129.474893859804,11166.923414453495,37.44852059369077
791,Nylon,0.5,0.002405,mm,Laborbuch_Papier,0.01,0.002405,mm,3.044,0.000289,m,280,50,Hz,,Ref,11227.02555852868,3.338603161286102,3.134692171742719,11217.87095458182,11237.355037952262,19.484083370442022
792,Nylon,0.5,0.002405,mm,Laborbuch_Papier,0.01,0.002405,mm,3.044,0.000289,m,280,50,Hz,,Ref,11283.803465150158,4.181607850098556,3.6795719323074727,11269.831468313423,11300.053554712806,30.222086399382533
793,Nylon,0.5,0.002405,mm,Laborbuch_Papier,0.01,0.002405,mm,3.044,0.000289,m,280,50,Hz,,Ref,11423.38076491671,11.808379841190918,10.585700850951135,11414.022132082524,11432.791062495979,18.768930413454655
794,Nylon,0.5,0.002405,mm,Laborbuch_Papier,0.01,0.002405,mm,3.044,0.000289,m,280,50,Hz,,Ref,11487.912843680564,15.589882698004756,12.711458966770211,11470.730521496074,11502.509283567619,31.778762071544406
795,Nylon,0.5,0.002405,mm,Laborbuch_Papier,0.01,0.002405,mm,3.044,0.000289,m,280,50,Hz,,Ref,11574.077688527716,21.06134862636646,11.034971302725427,11535.885184568984,11599.401292741553,63.51610817256915
796,Nylon,0.5,0.002405,mm,Laborbuch_Papier,0.01,0.002405,mm,3.044,0.000289,m,280,50,Hz,,Ref,11664.837964031069,16.17737248228009,15.764836582915063,11659.318496721366,11671.168372768476,11.849876047110229
797,Nylon,0.5,0.002405,mm,Laborbuch_Papier,0.01,0.002405,mm,3.044,0.000289,m,280,50,Hz,,Ref,11699.31510206274,18.47782525856114,13.541775869148452,11650.797622891529,11713.819559743193,63.02193685166458
798,Nylon,0.5,0.002405,mm,Laborbuch_Papier,0.01,0.002405,mm,3.044,0.000289,m,280,50,Hz,,Ref,11774.327796179761,5.746204945061975,5.642568577238158,11764.591112434924,11781.805599715306,17.214487280381945
799,Nylon,0.5,0.002405,mm,Laborbuch_Papier,0.01,0.002405,mm,3.044,0.000289,m,280,50,Hz,,Ref,11921.80751966817,3.1217501264295944,2.3450281229488326,11899.076153960776,11949.63906244033,50.56290847955461
800,Nylon,0.5,0.002405,mm,Laborbuch_Papier,0.01,0.002405,mm,3.044,0.000289,m,280,50,Hz,,Ref,12069.926925442442,2.9754691677851457,2.489316235763758,12046.91313977688,12087.35564122486,40.44250144798025
801,Nylon,0.5,0.002405,mm,Laborbuch_Papier,0.01,0.002405,mm,3.044,0.000289,m,280,50,Hz,,Ref,12275.77984567413,4.399384426619269,2.9250939194511663,12250.959288636957,12311.9205885382,60.961299901242455
802,Nylon,0.5,0.002405,mm,Laborbuch_Papier,0.01,0.002405,mm,3.044,0.000289,m,280,50,Hz,,Ref,12484.230852237544,2.4442173444376754,2.2745120110406734,12475.251122387454,12496.871036887496,21.619914500042796
803,Nylon,0.5,0.002405,mm,Laborbuch_Papier,0.01,0.002405,mm,3.044,0.000289,m,280,50,Hz,,Ref,12689.432755816419,7.685846628858907,4.766778675044293,12617.85996014522,12759.594826622424,141.73486647720347
804,Nylon,0.5,0.002405,mm,Laborbuch_Papier,0.01,0.002405,mm,3.044,0.000289,m,280,50,Hz,,Ref,12812.828278793699,5.009337286268384,4.509489293547299,12798.489538949838,12825.751814295663,27.2622753458254
805,Nylon,0.99,0.002405,mm,Laborbuch_Papier,0.01,0.002405,mm,2.995,0.000289,m,130,50,Hz,,Mes,423.63037598751345,1.9945194875071268,1.7649566321850418,420.92176463782425,427.4750952796318,6.55333064180752
806,Nylon,0.99,0.002405,mm,Laborbuch_Papier,0.01,0.002405,mm,2.995,0.000289,m,130,50,Hz,,Mes,445.77155715172603,3.63297894585373,3.1653668832153055,441.64160788901114,448.771293076273,7.1296851872618845
807,Nylon,0.99,0.002405,mm,Laborbuch_Papier,0.01,0.002405,mm,2.995,0.000289,m,130,50,Hz,,Mes,457.05426897353107,3.720163294294186,2.8257411980067633,452.4296647899422,466.0331520620254,13.603487272083214
808,Nylon,0.99,0.002405,mm,Laborbuch_Papier,0.01,0.002405,mm,2.995,0.000289,m,130,50,Hz,,Mes,476.8644023840417,2.6361192186368045,2.3772223228777642,474.2312862542397,480.80728714977,6.576000895530285
809,Nylon,0.99,0.002405,mm,Laborbuch_Papier,0.01,0.002405,mm,2.995,0.000289,m,130,50,Hz,,Mes,488.02061537411936,2.655404169512953,2.4472924320167624,486.0491401581664,491.13076705694675,5.081626898780371
810,Nylon,0.99,0.002405,mm,Laborbuch_Papier,0.01,0.002405,mm,2.995,0.000289,m,130,50,Hz,,Mes,500.12051571386195,2.726381684553101,2.568714826754528,497.52359568888846,503.11415284198256,5.590557153094096
811,Nylon,0.99,0.002405,mm,Laborbuch_Papier,0.01,0.002405,mm,2.995,0.000289,m,130,50,Hz,,Mes,520.8684939050734,4.725153927896625,4.256413170892529,517.3251247495165,523.4442446624174,6.119119912900942
812,Nylon,0.99,0.002405,mm,Laborbuch_Papier,0.01,0.002405,mm,2.995,0.000289,m,130,50,Hz,,Mes,535.6386614920733,7.261423120863473,3.6399778907845146,513.9818470337757,604.5577511075833,90.57590407380758
813,Nylon,0.99,0.002405,mm,Laborbuch_Papier,0.01,0.002405,mm,2.995,0.000289,m,130,50,Hz,,Mes,552.7576557102134,5.630029743250454,5.526137341459996,551.3323341079071,553.9969094588677,2.664575350960604
814,Nylon,0.99,0.002405,mm,Laborbuch_Papier,0.01,0.002405,mm,2.995,0.000289,m,130,50,Hz,,Mes,566.3122591439392,4.805968681135785,4.687434302567654,564.5934041041329,568.4517835404234,3.8583794362905337
815,Nylon,0.99,0.002405,mm,Laborbuch_Papier,0.01,0.002405,mm,2.995,0.000289,m,130,50,Hz,,Mes,590.2671486520131,5.361035048724877,4.905487860914549,577.1354308850558,597.3386879631147,20.20325707805887
816,Nylon,0.99,0.002405,mm,Laborbuch_Papier,0.01,0.002405,mm,2.995,0.000289,m,130,50,Hz,,Mes,758.3478658900397,1.3819134888127371,1.053049532810571,716.7128487432343,777.6048793788894,60.892030635655146
817,Nylon,0.99,0.002405,mm,Laborbuch_Papier,0.01,0.002405,mm,2.995,0.000289,m,130,50,Hz,,Mes,801.4881473913706,1.1204685710613564,1.0021701995959706,793.4792123151902,805.2687579831414,11.789545667951188
818,Nylon,0.99,0.002405,mm,Laborbuch_Papier,0.01,0.002405,mm,2.995,0.000289,m,130,50,Hz,,Mes,846.7175807462374,1.2260969365974783,0.9990574119641514,827.3997132213576,855.4284355354574,28.02872231409981
819,Nylon,0.99,0.002405,mm,Laborbuch_Papier,0.01,0.002405,mm,2.995,0.000289,m,130,50,Hz,,Mes,976.6961926916734,0.34902973169249124,0.24243469514947558,966.3673913895294,985.120536263733,18.7531448742036
820,Nylon,0.99,0.002405,mm,Laborbuch_Papier,0.01,0.002405,mm,2.995,0.000289,m,130,50,Hz,,Mes,1052.658024008683,0.5881440267490939,0.3418600984224962,1016.4133001307255,1083.120518554791,66.70721842406556
821,Nylon,0.99,0.002405,mm,Laborbuch_Papier,0.01,0.002405,mm,2.995,0.000289,m,130,50,Hz,,Mes,10325.91347534875,0.6218576896294478,0.33086091393996675,10226.822645838029,10443.430091170358,216.607445332329
822,Nylon,0.99,0.002405,mm,Laborbuch_Papier,0.01,0.002405,mm,2.995,0.000289,m,130,50,Hz,,Ref,417.7560031821805,1.4685188752633538,1.3177274418240934,385.802033032243,445.0089221876128,59.20688915536982
823,Nylon,0.99,0.002405,mm,Laborbuch_Papier,0.01,0.002405,mm,2.995,0.000289,m,130,50,Hz,,Ref,509.598251715985,1.837569215422194,1.461965833259418,492.9729778973697,517.7831608500942,24.810182952724517
824,Nylon,0.99,0.002405,mm,Laborbuch_Papier,0.01,0.002405,mm,2.995,0.000289,m,130,50,Hz,,Ref,532.5580439855033,1.2749081027315705,1.1296643604217127,528.743873798399,536.9366305449701,8.192756746571035
825,Nylon,0.99,0.002405,mm,Laborbuch_Papier,0.01,0.002405,mm,2.995,0.000289,m,130,50,Hz,,Ref,590.1308894492653,0.9702445063463594,0.8181553171503269,574.4369220815942,608.6587962379931,34.22187415639894
826,Nylon,0.99,0.002405,mm,Laborbuch_Papier,0.01,0.002405,mm,2.995,0.000289,m,130,50,Hz,,Ref,848.3514266393039,1.5043791812699117,1.3405612669502145,842.6775223012157,862.2757763914749,19.59825409025916
827,Nylon,0.99,0.002405,mm,Laborbuch_Papier,0.01,0.002405,mm,2.995,0.000289,m,130,50,Hz,,Ref,911.0372205271573,1.5464857051841046,1.2034522007911286,868.6262680715403,931.0244380403028,62.398169968762545
828,Nylon,0.99,0.002405,mm,Laborbuch_Papier,0.01,0.002405,mm,2.995,0.000289,m,130,50,Hz,,Ref,1003.8280860881233,1.911272619246089,1.3353404200096708,964.6992624626791,1084.7721722720128,120.07290980933362
829,Nylon,0.99,0.002405,mm,Laborbuch_Papier,0.01,0.002405,mm,2.995,0.000289,m,130,50,Hz,,Ref,1030.1824543612156,1.8434648443155683,1.6633006228151026,1026.9489767751807,1033.5692750776893,6.620298302508672
830,Nylon,0.99,0.002405,mm,Laborbuch_Papier,0.01,0.002405,mm,2.995,0.000289,m,130,50,Hz,,Ref,1150.543133314875,1.3348325152866938,1.1875354060173793,1141.4198342964617,1156.5130132269842,15.093178930522527
831,Nylon,0.99,0.002405,mm,Laborbuch_Papier,0.01,0.002405,mm,2.995,0.000289,m,130,50,Hz,,Ref,1199.8755182354448,1.2176778845750558,1.116028897597839,1189.788634181952,1217.1318173348527,27.343183152900792
832,Nylon,0.99,0.002405,mm,Laborbuch_Papier,0.01,0.002405,mm,2.995,0.000289,m,130,50,Hz,,Ref,1253.115569670077,1.3871387242295556,1.17412235801616,1242.3611995959902,1278.5249697030163,36.16377010702604
833,Nylon,0.99,0.002405,mm,Laborbuch_Papier,0.01,0.002405,mm,2.995,0.000289,m,130,50,Hz,,Ref,1308.6877380451617,1.3182451036430363,1.1822413314842002,1302.2028849270387,1313.5712984288689,11.368413501830219
834,Nylon,0.99,0.002405,mm,Laborbuch_Papier,0.01,0.002405,mm,2.995,0.000289,m,130,50,Hz,,Ref,1355.0367146986664,1.7343048325285648,1.434263615696298,1339.2116478389808,1361.0984191470616,21.886771308080824
835,Nylon,0.99,0.002405,mm,Laborbuch_Papier,0.01,0.002405,mm,2.995,0.000289,m,130,50,Hz,,Ref,1408.4145394932768,1.8586677080019538,1.6234843146584366,1405.0693646550146,1412.0121506783032,6.9427860232885905
836,Nylon,0.99,0.002405,mm,Laborbuch_Papier,0.01,0.002405,mm,2.995,0.000289,m,130,50,Hz,,Ref,1443.9955733258278,1.9849421453111293,1.5595114728384494,1421.4647942282731,1449.5736847013914,28.10889047311821
837,Nylon,0.99,0.002405,mm,Laborbuch_Papier,0.01,0.002405,mm,2.995,0.000289,m,130,50,Hz,,Ref,1490.7936886204557,2.407470706870628,1.9698224384561924,1480.7033796982957,1498.3791325808672,17.675752882571487
838,Nylon,0.99,0.002405,mm,Laborbuch_Papier,0.01,0.002405,mm,2.995,0.000289,m,130,50,Hz,,Ref,1548.3749371101658,3.647776990789883,2.503868906664905,1540.4000610887354,1553.3398419713837,12.939780882648392
839,Nylon,0.99,0.002405,mm,Laborbuch_Papier,0.01,0.002405,mm,2.995,0.000289,m,130,50,Hz,,Ref,1598.648126108722,3.9008942197651866,2.855028219971362,1594.8940784113465,1607.3203328535199,12.426254442173331
840,Nylon,0.99,0.002405,mm,Laborbuch_Papier,0.01,0.002405,mm,2.995,0.000289,m,130,50,Hz,,Ref,1624.8561508531984,3.039350835198196,2.5977949336655373,1622.2760537727333,1628.029096850629,5.753043077895654
841,Nylon,0.99,0.002405,mm,Laborbuch_Papier,0.01,0.002405,mm,2.995,0.000289,m,130,50,Hz,,Ref,1669.9677423208752,4.9125872082808995,2.76023182336877,1664.175354060913,1683.0501516699335,18.87479760902056
842,Nylon,0.99,0.002405,mm,Laborbuch_Papier,0.01,0.002405,mm,2.995,0.000289,m,130,50,Hz,,Ref,1688.6937948756056,2.8247789648832846,2.6902270254928746,1686.700144919978,1691.6398697397115,4.939724819733556
843,Nylon,0.99,0.002405,mm,Laborbuch_Papier,0.01,0.002405,mm,2.995,0.000289,m,130,50,Hz,,Ref,1723.1740870208268,1.8358897652909858,1.6955782945650686,1719.7098305376194,1725.8216822394759,6.111851701856494
844,Nylon,0.99,0.002405,mm,Laborbuch_Papier,0.01,0.002405,mm,2.995,0.000289,m,130,50,Hz,,Ref,1747.2973223729011,2.8571387308284826,1.996489480308497,1732.1485301731943,1757.2559181497409,25.107387976546534
845,Nylon,0.99,0.002405,mm,Laborbuch_Papier,0.01,0.002405,mm,2.995,0.000289,m,130,50,Hz,,Ref,1796.8450960965074,2.283084433342965,1.9547850128361326,1790.8744640038067,1801.1645896008745,10.2901255970678
846,Nylon,0.99,0.002405,mm,Laborbuch_Papier,0.01,0.002405,mm,2.995,0.000289,m,130,50,Hz,,Ref,1816.539488074508,2.5441800965504013,1.7648446320815483,1808.2615865053235,1835.5454710917604,27.283884586436898
847,Nylon,0.99,0.002405,mm,Laborbuch_Papier,0.01,0.002405,mm,2.995,0.000289,m,130,50,Hz,,Ref,1852.1329635142351,2.351518044304525,2.11940149062841,1848.2529835568546,1858.1147742436387,9.861790686784161
848,Nylon,0.99,0.002405,mm,Laborbuch_Papier,0.01,0.002405,mm,2.995,0.000289,m,130,50,Hz,,Ref,1874.9062213765296,2.4472923373342526,1.9561624080871356,1871.1801231516379,1878.5240839311032,7.343960779465306
849,Nylon,0.99,0.002405,mm,Laborbuch_Papier,0.01,0.002405,mm,2.995,0.000289,m,130,50,Hz,,Ref,1900.0346862424137,2.1374482532454855,1.7303703650084765,1897.105230084298,1903.766964504872,6.661734420574021
850,Nylon,0.99,0.002405,mm,Laborbuch_Papier,0.01,0.002405,mm,2.995,0.000289,m,130,50,Hz,,Ref,1918.4742342450586,1.659996600116131,1.5458102705700152,1916.0765945540084,1920.4388426308524,4.3622480768440255
851,Nylon,0.99,0.002405,mm,Laborbuch_Papier,0.01,0.002405,mm,2.995,0.000289,m,130,50,Hz,,Ref,1942.3172935354323,2.0774892590536798,1.6682691566696457,1938.7257632795063,1945.78819288762,7.062429608113689
852,Nylon,0.99,0.002405,mm,Laborbuch_Papier,0.01,0.002405,mm,2.995,0.000289,m,130,50,Hz,,Ref,1952.2001761206732,1.8023051917369814,1.6845140894092614,1949.7003690867555,1954.5602874809579,4.859918394202396
853,Nylon,0.99,0.002405,mm,Laborbuch_Papier,0.01,0.002405,mm,2.995,0.000289,m,130,50,Hz,,Ref,1978.4787641419737,1.4876239870749415,1.3255105540064098,1974.972349263241,1982.8915204015113,7.919171138270258
854,Nylon,0.99,0.002405,mm,Laborbuch_Papier,0.01,0.002405,mm,2.995,0.000289,m,130,50,Hz,,Ref,2000.825950046073,1.244197056236883,1.0778111381680318,1997.4720689221444,2004.0775006873223,6.605431765177855
855,Nylon,0.99,0.002405,mm,Laborbuch_Papier,0.01,0.002405,mm,2.995,0.000289,m,130,50,Hz,,Ref,2031.0700403174342,2.192831412191086,1.3400772012665596,2022.2424545907013,2045.9654908932926,23.723036302591254
856,Nylon,0.99,0.002405,mm,Laborbuch_Papier,0.01,0.002405,mm,2.995,0.000289,m,130,50,Hz,,Ref,2093.5568159203594,3.1597172785528884,2.173673408205189,2085.1555583343356,2098.1212853143143,12.965726979978626
857,Nylon,0.99,0.002405,mm,Laborbuch_Papier,0.01,0.002405,mm,2.995,0.000289,m,130,50,Hz,,Ref,2129.139590195774,1.9713330595594454,1.5958289156958116,2123.821072456506,2137.142349870823,13.321277414317137
858,Nylon,0.99,0.002405,mm,Laborbuch_Papier,0.01,0.002405,mm,2.995,0.000289,m,130,50,Hz,,Ref,2156.3142628242936,3.3826858700637206,2.5070334212685275,2152.1034349294255,2164.3108979935323,12.207463064106832
859,Nylon,0.99,0.002405,mm,Laborbuch_Papier,0.01,0.002405,mm,2.995,0.000289,m,130,50,Hz,,Ref,2179.0596760835765,3.379433942887034,2.668624273089077,2174.996910193376,2188.7823491015993,13.785438908223114
860,Nylon,0.99,0.002405,mm,Laborbuch_Papier,0.01,0.002405,mm,2.995,0.000289,m,130,50,Hz,,Ref,2209.131430468635,3.380595205446953,2.8761448665620275,2205.080474236979,2212.7470419093534,7.666567672374185
861,Nylon,0.99,0.002405,mm,Laborbuch_Papier,0.01,0.002405,mm,2.995,0.000289,m,130,50,Hz,,Ref,2230.5878812094265,7.790516799729791,4.690462651236622,2226.172050209705,2243.7930260136154,17.62097580391037
862,Nylon,0.99,0.002405,mm,Laborbuch_Papier,0.01,0.002405,mm,2.995,0.000289,m,130,50,Hz,,Ref,2251.923435312795,3.5974667850076116,3.2879648721684664,2249.8101618408155,2254.333600619969,4.523438779153366
863,Nylon,0.99,0.002405,mm,Laborbuch_Papier,0.01,0.002405,mm,2.995,0.000289,m,130,50,Hz,,Ref,2280.2089384918067,2.4394566333285193,2.254918366389051,2276.404260480039,2283.5366577186774,7.132397238638532
864,Nylon,0.99,0.002405,mm,Laborbuch_Papier,0.01,0.002405,mm,2.995,0.000289,m,130,50,Hz,,Ref,2298.8059868620476,8.7634853145346,5.312423333991166,2292.296147572031,2304.110503817303,11.814356245272393
865,Nylon,0.99,0.002405,mm,Laborbuch_Papier,0.01,0.002405,mm,2.995,0.000289,m,130,50,Hz,,Ref,2351.2018066503015,14.871138905811128,8.179587310580803,2347.712245266067,2354.995569525862,7.283324259794881
866,Nylon,0.99,0.002405,mm,Laborbuch_Papier,0.01,0.002405,mm,2.995,0.000289,m,130,50,Hz,,Ref,2377.6491617858096,5.55615997118672,4.812417509444495,2370.441708972239,2381.705534095683,11.263825123443894
867,Nylon,0.99,0.002405,mm,Laborbuch_Papier,0.01,0.002405,mm,2.995,0.000289,m,130,50,Hz,,Ref,2424.078510383048,4.554499734139973,3.8997272998210892,2419.996529316518,2427.1491836984005,7.152654381882712
868,Nylon,0.99,0.002405,mm,Laborbuch_Papier,0.01,0.002405,mm,2.995,0.000289,m,130,50,Hz,,Ref,2436.5251878371078,4.620293452680446,3.5858009648287905,2432.3005762862877,2443.820727400404,11.520151114116288
869,Nylon,0.99,0.002405,mm,Laborbuch_Papier,0.01,0.002405,mm,2.995,0.000289,m,130,50,Hz,,Ref,2467.100920135971,2.7733395345408405,2.506887298955495,2463.84697230161,2470.1120340401817,6.265061738571603
870,Nylon,0.99,0.002405,mm,Laborbuch_Papier,0.01,0.002405,mm,2.995,0.000289,m,130,50,Hz,,Ref,2494.1512747272204,4.43296456607312,4.025217697059518,2492.136702955497,2496.5324853712355,4.3957824157382674
871,Nylon,0.99,0.002405,mm,Laborbuch_Papier,0.01,0.002405,mm,2.995,0.000289,m,130,50,Hz,,Ref,2508.472682794401,4.671932279453002,3.172851866950122,2490.1908303403256,2513.7096242504585,23.5187939101329
872,Nylon,0.99,0.002405,mm,Laborbuch_Papier,0.01,0.002405,mm,2.995,0.000289,m,130,50,Hz,,Ref,2556.4432893982507,3.3024587052349275,3.1731276268525175,2549.8905798414908,2558.9135099761597,9.022930134668968
873,Nylon,0.99,0.002405,mm,Laborbuch_Papier,0.01,0.002405,mm,2.995,0.000289,m,130,50,Hz,,Ref,2575.7863224472626,10.580098292497253,6.4836809942178055,2571.30046261645,2581.3127772427265,10.012314626276293
874,Nylon,0.99,0.002405,mm,Laborbuch_Papier,0.01,0.002405,mm,2.995,0.000289,m,130,50,Hz,,Ref,2600.974084596717,4.365525877808537,3.671557482061636,2597.9633868518017,2603.6977159765847,5.734329124783017
875,Nylon,0.99,0.002405,mm,Laborbuch_Papier,0.01,0.002405,mm,2.995,0.000289,m,130,50,Hz,,Ref,2622.73214863465,4.930254399591352,4.38532723084949,2620.149911427368,2625.882691275883,5.7327798485152925
876,Nylon,0.99,0.002405,mm,Laborbuch_Papier,0.01,0.002405,mm,2.995,0.000289,m,130,50,Hz,,Ref,2652.591008153902,16.362398454001045,9.014618185092287,2648.5012675191315,2656.554175059558,8.052907540426531
877,Nylon,0.99,0.002405,mm,Laborbuch_Papier,0.01,0.002405,mm,2.995,0.000289,m,130,50,Hz,,Ref,2673.3300723505095,3.87298002131945,3.321532700053816,2670.132876389468,2676.4487071389062,6.315830749438192
878,Nylon,0.99,0.002405,mm,Laborbuch_Papier,0.01,0.002405,mm,2.995,0.000289,m,130,50,Hz,,Ref,2689.735781791002,5.056953767939339,4.233096998869082,2686.208864939256,2693.288055946238,7.0791910069820005
879,Nylon,0.99,0.002405,mm,Laborbuch_Papier,0.01,0.002405,mm,2.995,0.000289,m,130,50,Hz,,Ref,2715.118298229847,6.385358344105579,4.536606341710571,2702.53762087204,2730.7084981882936,28.17087731625361
880,Nylon,0.99,0.002405,mm,Laborbuch_Papier,0.01,0.002405,mm,2.995,0.000289,m,130,50,Hz,,Ref,2727.3692177215034,5.340954854982153,5.129656022461255,2725.082384969236,2728.9858433060285,3.9034583367924824
881,Nylon,0.99,0.002405,mm,Laborbuch_Papier,0.01,0.002405,mm,2.995,0.000289,m,130,50,Hz,,Ref,2757.602180641016,6.359700700065115,4.683608468777838,2750.9995754195706,2763.5187287888084,12.519153369237756
882,Nylon,0.99,0.002405,mm,Laborbuch_Papier,0.01,0.002405,mm,2.995,0.000289,m,130,50,Hz,,Ref,2805.8205027273757,18.007789896704615,11.601586307590114,2799.5009829966198,2810.802026018821,11.301043022201156
883,Nylon,0.99,0.002405,mm,Laborbuch_Papier,0.01,0.002405,mm,2.995,0.000289,m,130,50,Hz,,Ref,2822.2790020217853,9.953652474634708,9.127234267418196,2820.205569796478,2824.353958647036,4.148388850558149
884,Nylon,0.99,0.002405,mm,Laborbuch_Papier,0.01,0.002405,mm,2.995,0.000289,m,130,50,Hz,,Ref,2832.8216505730243,11.463772419125164,9.40390183032881,2829.7276783435423,2836.169996024334,6.442317680791803
885,Nylon,0.99,0.002405,mm,Laborbuch_Papier,0.01,0.002405,mm,2.995,0.000289,m,130,50,Hz,,Ref,2863.606444232705,11.789247452799543,10.837925907601305,2860.8971322249276,2865.9433567326582,5.046224507730585
886,Nylon,0.99,0.002405,mm,Laborbuch_Papier,0.01,0.002405,mm,2.995,0.000289,m,130,50,Hz,,Ref,2879.4730590737595,17.99301982021139,13.043388421494997,2874.3145316737687,2883.142785760903,8.828254087134155
887,Nylon,0.99,0.002405,mm,Laborbuch_Papier,0.01,0.002405,mm,2.995,0.000289,m,130,50,Hz,,Ref,2900.4789154558566,30.43907788802833,15.435414726805895,2894.6478140233535,2907.619285281968,12.971471258614656
888,Nylon,0.99,0.002405,mm,Laborbuch_Papier,0.01,0.002405,mm,2.995,0.000289,m,130,50,Hz,,Ref,2926.994092710405,5.670639424573324,5.496090218088101,2923.302296062775,2929.8787341649745,6.576438102199518
889,Nylon,0.99,0.002405,mm,Laborbuch_Papier,0.01,0.002405,mm,2.995,0.000289,m,130,50,Hz,,Ref,2954.410937472979,17.815081025933566,11.542969876935679,2946.4753282387787,2965.6297403595436,19.154412120764846
890,Nylon,0.99,0.002405,mm,Laborbuch_Papier,0.01,0.002405,mm,2.995,0.000289,m,130,50,Hz,,Ref,2986.0344553844857,6.199864562479803,5.912930227465779,2982.61246943859,2989.5523923631686,6.9399229245786955
891,Nylon,0.99,0.002405,mm,Laborbuch_Papier,0.01,0.002405,mm,2.995,0.000289,m,130,50,Hz,,Ref,3017.230122347653,10.465882433290215,9.587848887912696,3014.8278516412856,3020.9824173788375,6.15456573755182
892,Nylon,0.99,0.002405,mm,Laborbuch_Papier,0.01,0.002405,mm,2.995,0.000289,m,130,50,Hz,,Ref,3037.1950746657603,10.6391203021554,8.536925514155227,3013.586848137102,3053.0130554174143,39.426207280312155
893,Nylon,0.99,0.002405,mm,Laborbuch_Papier,0.01,0.002405,mm,2.995,0.000289,m,130,50,Hz,,Ref,3046.2422775568916,10.273294560515893,10.13383810303302,3044.2854277425486,3048.7047723690443,4.419344626495786
894,Nylon,0.99,0.002405,mm,Laborbuch_Papier,0.01,0.002405,mm,2.995,0.000289,m,130,50,Hz,,Ref,3073.4394699868876,7.985291156534533,7.221721638100444,3069.279508015507,3076.8946257427665,7.6151177272595305
895,Nylon,0.99,0.002405,mm,Laborbuch_Papier,0.01,0.002405,mm,2.995,0.000289,m,130,50,Hz,,Ref,3096.455992933652,18.10935256880631,11.614058764564476,3087.3784524139214,3104.138537603135,16.76008518921344
896,Nylon,0.99,0.002405,mm,Laborbuch_Papier,0.01,0.002405,mm,2.995,0.000289,m,130,50,Hz,,Ref,3153.947095509974,20.006826550788144,12.296663442185835,3146.1775955198214,3165.156228923622,18.978633403800814
897,Nylon,0.99,0.002405,mm,Laborbuch_Papier,0.01,0.002405,mm,2.995,0.000289,m,130,50,Hz,,Ref,3180.783788766363,6.941522103643143,6.415034480327951,3178.1290078077527,3183.538783611648,5.409775803895172
898,Nylon,0.99,0.002405,mm,Laborbuch_Papier,0.01,0.002405,mm,2.995,0.000289,m,130,50,Hz,,Ref,3213.655416270466,4.457105549707879,4.151529910555984,3207.3181169503996,3218.172033573932,10.853916623532314
899,Nylon,0.99,0.002405,mm,Laborbuch_Papier,0.01,0.002405,mm,2.995,0.000289,m,130,50,Hz,,Ref,3235.0943795967783,4.277458673084314,3.9281123747275895,3230.019539392723,3238.5443415276823,8.524802134959373
900,Nylon,0.99,0.002405,mm,Laborbuch_Papier,0.01,0.002405,mm,2.995,0.000289,m,130,50,Hz,,Ref,3303.373221136498,1.9927303027348986,1.552598141869835,3295.8189309034624,3309.250845278213,13.431914374750704
901,Nylon,0.99,0.002405,mm,Laborbuch_Papier,0.01,0.002405,mm,2.995,0.000289,m,130,50,Hz,,Ref,3371.7824995227975,0.9586687943122957,0.6527204976536927,3362.7646394279654,3377.1060593565267,14.341419928561209
902,Nylon,0.99,0.002405,mm,Laborbuch_Papier,0.01,0.002405,mm,2.995,0.000289,m,130,50,Hz,,Ref,3410.6808140660646,0.9561384600869262,0.6606442068705023,3397.2554861550934,3419.9456023653734,22.69011621027994
903,Nylon,0.99,0.002405,mm,Laborbuch_Papier,0.01,0.002405,mm,2.995,0.000289,m,130,50,Hz,,Ref,3439.318229721955,0.7553171682699515,0.6284855165886409,3434.226942978671,3443.396693067531,9.169750088859928
904,Nylon,0.99,0.002405,mm,Laborbuch_Papier,0.01,0.002405,mm,2.995,0.000289,m,130,50,Hz,,Ref,3469.036935560077,0.8370739559649043,0.682143855285771,3454.4114508169905,3476.586912976366,22.175462159375456
905,Nylon,0.99,0.002405,mm,Laborbuch_Papier,0.01,0.002405,mm,2.995,0.000289,m,130,50,Hz,,Ref,3525.609402069544,1.343329716023235,1.0461722225742434,3516.166601010876,3533.3776728643516,17.21107185347546
906,Nylon,0.99,0.002405,mm,Laborbuch_Papier,0.01,0.002405,mm,2.995,0.000289,m,130,50,Hz,,Ref,3574.181476251519,1.6398184701365017,1.1206307147030552,3565.856958321565,3583.1458045679765,17.288846246411595
907,Nylon,0.99,0.002405,mm,Laborbuch_Papier,0.01,0.002405,mm,2.995,0.000289,m,130,50,Hz,,Ref,3684.7665585392087,5.591803638197595,5.0867435420508915,3678.023834518572,3688.5399338347324,10.516099316160307
908,Nylon,0.99,0.002405,mm,Laborbuch_Papier,0.01,0.002405,mm,2.995,0.000289,m,130,50,Hz,,Ref,3711.6756227821857,8.4949704621482,6.382512388787665,3702.660425260445,3720.5266582503864,17.86623298994118
909,Nylon,0.99,0.002405,mm,Laborbuch_Papier,0.01,0.002405,mm,2.995,0.000289,m,130,50,Hz,,Ref,3773.5841590297186,13.171581551613384,6.803367010219847,3759.8441622071,3787.8407378695183,27.99657566241831
910,Nylon,0.99,0.002405,mm,Laborbuch_Papier,0.01,0.002405,mm,2.995,0.000289,m,130,50,Hz,,Ref,3838.8436748597646,7.16812758887516,5.586231098633178,3831.096608885193,3852.5165794566587,21.41997057146591
911,Nylon,0.99,0.002405,mm,Laborbuch_Papier,0.01,0.002405,mm,2.995,0.000289,m,130,50,Hz,,Ref,3913.881678294448,5.726997589971568,4.75983560176782,3895.3117618750334,3931.0726158459725,35.760853970939024
912,Nylon,0.99,0.002405,mm,Laborbuch_Papier,0.01,0.002405,mm,2.995,0.000289,m,130,50,Hz,,Ref,3980.2501311836727,4.751909837178137,4.127710868852964,3967.4976154323936,3988.3601941860234,20.862578753629805
913,Nylon,0.99,0.002405,mm,Laborbuch_Papier,0.01,0.002405,mm,2.995,0.000289,m,130,50,Hz,,Ref,4015.2454643243877,3.640285963535921,3.426890843175622,4008.206445910773,4023.039814828706,14.833368917933058
914,Nylon,0.99,0.002405,mm,Laborbuch_Papier,0.01,0.002405,mm,2.995,0.000289,m,130,50,Hz,,Ref,4043.27643785289,3.6232285627657888,3.437906553571627,4038.3786842804784,4047.0276184337063,8.648934153227856
915,Nylon,0.99,0.002405,mm,Laborbuch_Papier,0.01,0.002405,mm,2.995,0.000289,m,130,50,Hz,,Ref,4186.8451553641235,2.3641989769211724,2.104591419075481,4178.9263970154,4195.198601098618,16.27220408321864
916,Nylon,0.99,0.002405,mm,Laborbuch_Papier,0.01,0.002405,mm,2.995,0.000289,m,130,50,Hz,,Ref,4261.30061725724,2.4263254658208955,2.0227811117277414,4209.606180619066,4284.862086188666,75.25590556959924
917,Nylon,0.99,0.002405,mm,Laborbuch_Papier,0.01,0.002405,mm,2.995,0.000289,m,130,50,Hz,,Ref,4322.618804934541,2.269338748992765,1.932037791977412,4313.098760131961,4344.228635887284,31.129875755323155
918,Nylon,0.99,0.002405,mm,Laborbuch_Papier,0.01,0.002405,mm,2.995,0.000289,m,130,50,Hz,,Ref,4402.638582311348,2.1814129330601926,1.9875430510095518,4388.0768483683505,4421.704054219299,33.627205850948485
919,Nylon,0.99,0.002405,mm,Laborbuch_Papier,0.01,0.002405,mm,2.995,0.000289,m,130,50,Hz,,Ref,4486.12434975207,2.0021697285127225,1.702183472741622,4477.829077199224,4495.074906776104,17.24582957688017
920,Nylon,0.99,0.002405,mm,Laborbuch_Papier,0.01,0.002405,mm,2.995,0.000289,m,130,50,Hz,,Ref,4685.9007415115375,3.142834543066964,3.021790790525957,4679.828380977697,4692.342074294048,12.513693316351237
921,Nylon,0.99,0.002405,mm,Laborbuch_Papier,0.01,0.002405,mm,2.995,0.000289,m,130,50,Hz,,Ref,4755.542339430993,4.828806535053313,3.3367869647984087,4733.325090564514,4912.006712987489,178.68162242297512
922,Nylon,0.99,0.002405,mm,Laborbuch_Papier,0.01,0.002405,mm,2.995,0.000289,m,130,50,Hz,,Ref,4826.627514786405,4.225222053215839,3.9004185374219618,4815.830674336697,4850.327735151851,34.49706081515433
923,Nylon,0.99,0.002405,mm,Laborbuch_Papier,0.01,0.002405,mm,2.995,0.000289,m,130,50,Hz,,Ref,4890.319068771695,4.667362925087205,4.0914173736838935,4876.676898594341,4904.074881633187,27.397983038846178
924,Nylon,0.99,0.002405,mm,Laborbuch_Papier,0.01,0.002405,mm,2.995,0.000289,m,130,50,Hz,,Ref,4942.245831596921,3.775418736570802,3.320045784180664,4933.353915999051,4954.298221518349,20.944305519297814
925,Nylon,0.99,0.002405,mm,Laborbuch_Papier,0.01,0.002405,mm,2.995,0.000289,m,130,50,Hz,,Ref,4995.223682511005,2.823329994019814,2.6655026115670806,4986.62018979684,5012.783828872994,26.16363907615323
926,Nylon,0.99,0.002405,mm,Laborbuch_Papier,0.01,0.002405,mm,2.995,0.000289,m,130,50,Hz,,Ref,5070.0476478712,2.8766754986593472,2.644599571056802,5062.717683392461,5078.560576471393,15.84289307893141
927,Nylon,0.99,0.002405,mm,Laborbuch_Papier,0.01,0.002405,mm,2.995,0.000289,m,130,50,Hz,,Ref,5271.390206696324,2.7598100716497105,2.604408154434834,5254.420071732447,5285.1196498965655,30.699578164118975
928,Nylon,0.99,0.002405,mm,Laborbuch_Papier,0.01,0.002405,mm,2.995,0.000289,m,130,50,Hz,,Ref,5316.59182414711,3.7162848646017723,3.134088042116215,5308.006675104603,5330.049308076184,22.042632971581043
929,Nylon,0.99,0.002405,mm,Laborbuch_Papier,0.01,0.002405,mm,2.995,0.000289,m,130,50,Hz,,Ref,5386.728156681428,3.838921293813593,3.399182354433316,5377.884898252557,5396.042724867476,18.15782661491903
930,Nylon,0.99,0.002405,mm,Laborbuch_Papier,0.01,0.002405,mm,2.995,0.000289,m,130,50,Hz,,Ref,5454.829436056745,5.423529148771121,4.240695807116978,5441.83160041222,5463.841267870627,22.00966745840742
931,Nylon,0.99,0.002405,mm,Laborbuch_Papier,0.01,0.002405,mm,2.995,0.000289,m,130,50,Hz,,Ref,5530.086632934615,4.397549945531874,4.082956471977585,5510.990000062782,5540.3951899048125,29.405189842030268
932,Nylon,0.99,0.002405,mm,Laborbuch_Papier,0.01,0.002405,mm,2.995,0.000289,m,130,50,Hz,,Ref,5596.123038282196,6.968109727909685,4.1024072477373466,5562.5038428511125,5648.910833128981,86.40699027786832
933,Nylon,0.99,0.002405,mm,Laborbuch_Papier,0.01,0.002405,mm,2.995,0.000289,m,130,50,Hz,,Ref,5627.866152569018,6.228397660449784,5.8797652978893895,5617.913624548279,5633.911165209407,15.997540661128369
934,Nylon,0.99,0.002405,mm,Laborbuch_Papier,0.01,0.002405,mm,2.995,0.000289,m,130,50,Hz,,Ref,5786.586037591577,1.2267125219631851,1.0677633704634213,5772.553353030371,5796.3689891526,23.81563612222908
935,Nylon,0.99,0.002405,mm,Laborbuch_Papier,0.01,0.002405,mm,2.995,0.000289,m,130,50,Hz,,Ref,5819.476699546614,1.3366122511726806,1.0609065568444715,5810.258352334593,5832.568547198945,22.310194864352525
936,Nylon,0.99,0.002405,mm,Laborbuch_Papier,0.01,0.002405,mm,2.995,0.000289,m,130,50,Hz,,Ref,5871.456232011794,1.1987349167162642,0.9918814928764055,5860.869961920251,5888.2210728376385,27.351110917387814
937,Nylon,0.99,0.002405,mm,Laborbuch_Papier,0.01,0.002405,mm,2.995,0.000289,m,130,50,Hz,,Ref,5978.97446794395,2.459267906730611,2.197954714718779,5967.2987892609435,5987.561900483827,20.26311122288371
938,Nylon,0.99,0.002405,mm,Laborbuch_Papier,0.01,0.002405,mm,2.995,0.000289,m,130,50,Hz,,Ref,6073.766948397934,3.7303276414724893,3.3477356024707943,6056.567042470664,6089.094152242322,32.527109771657706
939,Nylon,0.99,0.002405,mm,Laborbuch_Papier,0.01,0.002405,mm,2.995,0.000289,m,130,50,Hz,,Ref,6136.654007257866,4.182827925009394,2.3809551855753286,6009.373512650598,6240.810496494407,231.43698384380878
940,Nylon,0.99,0.002405,mm,Laborbuch_Papier,0.01,0.002405,mm,2.995,0.000289,m,130,50,Hz,,Ref,6211.654276229156,2.8101012261432694,2.6479516583043265,6186.8464878256555,6231.931789670127,45.08530184447136
941,Nylon,0.99,0.002405,mm,Laborbuch_Papier,0.01,0.002405,mm,2.995,0.000289,m,130,50,Hz,,Ref,6309.844375775561,2.7370141678699973,2.474562775816551,6291.515955466365,6321.533495203907,30.017539737541483
942,Nylon,0.99,0.002405,mm,Laborbuch_Papier,0.01,0.002405,mm,2.995,0.000289,m,130,50,Hz,,Ref,6415.533148336951,3.0923774657776115,2.892759069903156,6404.72983287871,6425.26676713146,20.536934252750143
943,Nylon,0.99,0.002405,mm,Laborbuch_Papier,0.01,0.002405,mm,2.995,0.000289,m,130,50,Hz,,Ref,6456.021813223357,3.71222824770935,2.909714958107766,6441.753632712102,6507.974974133359,66.22134142125651
944,Nylon,0.99,0.002405,mm,Laborbuch_Papier,0.01,0.002405,mm,2.995,0.000289,m,130,50,Hz,,Ref,6493.067284056845,3.2590526922569096,3.1021266838705737,6485.426607960313,6502.918537302498,17.491929342185358
945,Nylon,0.99,0.002405,mm,Laborbuch_Papier,0.01,0.002405,mm,2.995,0.000289,m,130,50,Hz,,Ref,6613.495156167418,2.6981701647364855,2.4828398784997354,6604.84862295706,6625.083964421143,20.23534146408292
946,Nylon,0.99,0.002405,mm,Laborbuch_Papier,0.01,0.002405,mm,2.995,0.000289,m,130,50,Hz,,Ref,6656.3856362032,2.490913327668338,2.379666175473621,6644.563101514493,6679.913925055409,35.35082354091628
947,Nylon,0.99,0.002405,mm,Laborbuch_Papier,0.01,0.002405,mm,2.995,0.000289,m,130,50,Hz,,Ref,6755.546415579703,2.8046626058163473,2.4520207703635526,6696.075044886608,6792.951277464354,96.87623257774521
948,Nylon,0.99,0.002405,mm,Laborbuch_Papier,0.01,0.002405,mm,2.995,0.000289,m,130,50,Hz,,Ref,6922.642718225408,1.765889439735259,1.6483545142059792,6917.290717628148,6929.2518885240925,11.961170895944633
949,Nylon,0.99,0.002405,mm,Laborbuch_Papier,0.01,0.002405,mm,2.995,0.000289,m,130,50,Hz,,Ref,6964.589645198353,1.9091314051128978,1.774373778147583,6954.895315571782,6976.739984445642,21.844668873860428
950,Nylon,0.99,0.002405,mm,Laborbuch_Papier,0.01,0.002405,mm,2.995,0.000289,m,130,50,Hz,,Ref,7060.540309697662,3.052409826798562,2.84532977486073,7051.906241155817,7072.232122103826,20.3258809480094
951,Nylon,0.99,0.002405,mm,Laborbuch_Papier,0.01,0.002405,mm,2.995,0.000289,m,130,50,Hz,,Ref,7112.348229447983,3.52912157033059,2.218042039570922,7040.491842943088,7193.37510627427,152.8832633311822
952,Nylon,0.99,0.002405,mm,Laborbuch_Papier,0.01,0.002405,mm,2.995,0.000289,m,130,50,Hz,,Ref,7170.38308478052,3.029539833626363,2.843666786889786,7161.421799412583,7179.935731142066,18.513931729483375
953,Nylon,0.99,0.002405,mm,Laborbuch_Papier,0.01,0.002405,mm,2.995,0.000289,m,130,50,Hz,,Ref,7239.580559221886,2.0636807112041025,1.952398553067212,7232.257955444775,7247.412522570374,15.154567125598987
954,Nylon,0.99,0.002405,mm,Laborbuch_Papier,0.01,0.002405,mm,2.995,0.000289,m,130,50,Hz,,Ref,7318.620493615469,1.7331858959689572,1.5606137325339517,7307.252359529439,7326.7353060585265,19.482946529087712
955,Nylon,0.99,0.002405,mm,Laborbuch_Papier,0.01,0.002405,mm,2.995,0.000289,m,130,50,Hz,,Ref,7484.4806282793,3.036872700834014,2.8989776624970185,7477.198020418342,7491.56854241985,14.370522001508107
956,Nylon,0.99,0.002405,mm,Laborbuch_Papier,0.01,0.002405,mm,2.995,0.000289,m,130,50,Hz,,Ref,7524.184225920308,3.625800800009151,3.305366463630791,7515.156685077362,7536.672803399829,21.516118322466355
957,Nylon,0.99,0.002405,mm,Laborbuch_Papier,0.01,0.002405,mm,2.995,0.000289,m,130,50,Hz,,Ref,7644.298479032456,5.24685749418573,5.139921283736108,7640.799017023034,7648.623556730191,7.824539707156873
958,Nylon,0.99,0.002405,mm,Laborbuch_Papier,0.01,0.002405,mm,2.995,0.000289,m,130,50,Hz,,Ref,7673.119543912661,6.525421634780565,4.454236595998984,7633.511167954485,7706.555290794975,73.04412284048976
959,Nylon,0.99,0.002405,mm,Laborbuch_Papier,0.01,0.002405,mm,2.995,0.000289,m,130,50,Hz,,Ref,7735.670611523577,4.806618364525019,4.441735911642747,7726.567709775231,7747.943748670086,21.3760388948549
960,Nylon,0.99,0.002405,mm,Laborbuch_Papier,0.01,0.002405,mm,2.995,0.000289,m,130,50,Hz,,Ref,7890.279659292927,8.839404436483402,7.570366670366514,7878.842059519451,7922.893301834962,44.051242315510535
961,Nylon,0.99,0.002405,mm,Laborbuch_Papier,0.01,0.002405,mm,2.995,0.000289,m,130,50,Hz,,Ref,7916.524296865781,7.879807316747942,7.763344568689225,7912.565297824216,7920.089089609091,7.523791784875357
962,Nylon,0.99,0.002405,mm,Laborbuch_Papier,0.01,0.002405,mm,2.995,0.000289,m,130,50,Hz,,Ref,7972.31210435438,10.646113524937842,8.160131124389462,7956.896939368774,7993.137665936028,36.24072656725366
963,Nylon,0.99,0.002405,mm,Laborbuch_Papier,0.01,0.002405,mm,2.995,0.000289,m,130,50,Hz,,Ref,8060.65438757007,7.0024346612480795,6.500105080433158,8038.23002103413,8067.853322669887,29.623301635757343
964,Nylon,0.99,0.002405,mm,Laborbuch_Papier,0.01,0.002405,mm,2.995,0.000289,m,130,50,Hz,,Ref,8142.515402668058,33.90732572888865,17.353433487783384,8130.149045172624,8158.384348302873,28.23530313024912
965,Nylon,0.99,0.002405,mm,Laborbuch_Papier,0.01,0.002405,mm,2.995,0.000289,m,130,50,Hz,,Ref,8192.515967713667,20.69511885409361,17.699279105475995,8180.73468565388,8209.366783206635,28.632097552755113
966,Nylon,0.99,0.002405,mm,Laborbuch_Papier,0.01,0.002405,mm,2.995,0.000289,m,130,50,Hz,,Ref,8261.557858164944,18.707724960390177,14.1512648980687,8252.883993866522,8272.405051773747,19.52105790722453
967,Nylon,0.99,0.002405,mm,Laborbuch_Papier,0.01,0.002405,mm,2.995,0.000289,m,130,50,Hz,,Ref,8320.353375660636,8.32984349699151,7.651949907738135,8309.187526993932,8344.367440311664,35.179913317731916
968,Nylon,0.99,0.002405,mm,Laborbuch_Papier,0.01,0.002405,mm,2.995,0.000289,m,130,50,Hz,,Ref,8644.516964964767,10.286668137891937,6.1645833951584,8614.466619292212,8712.438642018562,97.97202272634968
969,Nylon,0.99,0.002405,mm,Laborbuch_Papier,0.01,0.002405,mm,2.995,0.000289,m,130,50,Hz,,Ref,8700.880535092618,7.066873475965188,6.720888325152464,8693.016402247236,8708.416690523309,15.400288276072388
970,Nylon,0.99,0.002405,mm,Laborbuch_Papier,0.01,0.002405,mm,2.995,0.000289,m,130,50,Hz,,Ref,8776.198799438946,5.180534785253695,4.234937660293115,8764.151421788805,8785.760727691408,21.6093059026025
971,Nylon,0.99,0.002405,mm,Laborbuch_Papier,0.01,0.002405,mm,2.995,0.000289,m,130,50,Hz,,Ref,8824.588098968987,3.3407644442248983,3.14216129101527,8817.799604756243,8832.97910251143,15.179497755187185
972,Nylon,0.99,0.002405,mm,Laborbuch_Papier,0.01,0.002405,mm,2.995,0.000289,m,130,50,Hz,,Ref,8901.559484893625,4.075624127040533,3.797577043600685,8890.74252331964,8913.452765118607,22.710241798966308
973,Nylon,0.99,0.002405,mm,Laborbuch_Papier,0.01,0.002405,mm,2.995,0.000289,m,130,50,Hz,,Ref,8975.644251751652,13.109781817219497,11.14587861088484,8968.187408250782,8984.213459179336,16.02605092855447
974,Nylon,0.99,0.002405,mm,Laborbuch_Papier,0.01,0.002405,mm,2.995,0.000289,m,130,50,Hz,,Ref,9032.324626464546,13.653743541777455,9.813445327855032,9005.74159237319,9046.237277830385,40.49568545719558
975,Nylon,0.99,0.002405,mm,Laborbuch_Papier,0.01,0.002405,mm,2.995,0.000289,m,130,50,Hz,,Ref,9102.382703906282,9.458935802631764,9.29769164576034,9098.460811745505,9109.810914568056,11.35010282255098
976,Nylon,0.99,0.002405,mm,Laborbuch_Papier,0.01,0.002405,mm,2.995,0.000289,m,130,50,Hz,,Ref,9180.964566570015,26.105807009411123,14.000431768948213,9158.700388885049,9227.78559387685,69.08520499180122
977,Nylon,0.99,0.002405,mm,Laborbuch_Papier,0.01,0.002405,mm,2.995,0.000289,m,130,50,Hz,,Ref,9207.60422900512,25.612013656503343,24.481476418608842,9202.149730732326,9212.813811520733,10.664080788406864
978,Nylon,0.99,0.002405,mm,Laborbuch_Papier,0.01,0.002405,mm,2.995,0.000289,m,130,50,Hz,,Ref,9307.199382208133,12.482939090501398,9.816906017023468,9294.136979907076,9320.60291444841,26.4659345413329
979,Nylon,0.99,0.002405,mm,Laborbuch_Papier,0.01,0.002405,mm,2.995,0.000289,m,130,50,Hz,,Ref,9354.088275956923,11.14892116918589,9.559713126797647,9344.914572243451,9362.046103411278,17.131531167826324
980,Nylon,0.99,0.002405,mm,Laborbuch_Papier,0.01,0.002405,mm,2.995,0.000289,m,130,50,Hz,,Ref,9447.848817829763,3.9443549094684007,3.767781128719761,9435.787083490373,9462.911258528215,27.12417503784127
981,Nylon,0.99,0.002405,mm,Laborbuch_Papier,0.01,0.002405,mm,2.995,0.000289,m,130,50,Hz,,Ref,9527.249985370345,17.281201003049308,10.2162096364961,9511.023767445142,9568.765136694696,57.74136924955383
982,Nylon,0.99,0.002405,mm,Laborbuch_Papier,0.01,0.002405,mm,2.995,0.000289,m,130,50,Hz,,Ref,9921.733495568582,2.7321682171521586,2.553971129199254,9901.748815341056,9939.540013793456,37.79119845239984
983,Nylon,0.99,0.002405,mm,Laborbuch_Papier,0.01,0.002405,mm,2.995,0.000289,m,130,50,Hz,,Ref,10116.802788186811,3.7965141674730503,2.5761114366483016,9968.764347192593,10203.278482468535,234.51413527594195
984,Nylon,0.99,0.002405,mm,Laborbuch_Papier,0.01,0.002405,mm,2.995,0.000289,m,130,50,Hz,,Ref,10330.602960864986,2.7689533172438434,2.567700091624252,10255.313100071375,10354.759668800769,99.44656872939413
985,Nylon,0.99,0.002405,mm,Laborbuch_Papier,0.01,0.002405,mm,2.995,0.000289,m,130,50,Hz,,Ref,10695.035035463803,3.061079762626497,2.6476548700374627,10554.564995773388,10728.874824307944,174.3098285345568
986,Nylon,0.99,0.002405,mm,Laborbuch_Papier,0.01,0.002405,mm,2.995,0.000289,m,130,50,Hz,,Ref,11060.953614785152,2.744889002025454,2.31835538631365,10988.37145998072,11168.470385659466,180.09892567874522
987,Nylon,0.99,0.002405,mm,Laborbuch_Papier,0.01,0.002405,mm,2.995,0.000289,m,130,50,Hz,,Ref,11152.06622431708,2.709551797042496,2.570978551943975,11139.714621320303,11160.952397367257,21.237776046953513
988,Nylon,0.99,0.002405,mm,Laborbuch_Papier,0.01,0.002405,mm,2.995,0.000289,m,130,50,Hz,,Ref,11229.185751782188,2.8596608615079013,2.6627563328381814,11219.899868777273,11240.12270386033,20.22283508305736
989,Nylon,0.99,0.002405,mm,Laborbuch_Papier,0.01,0.002405,mm,2.995,0.000289,m,130,50,Hz,,Ref,11284.411336057236,3.2471896634180593,2.8989362548281346,11270.395219861874,11299.010065888233,28.614846026359373
990,Nylon,0.99,0.002405,mm,Laborbuch_Papier,0.01,0.002405,mm,2.995,0.000289,m,130,50,Hz,,Ref,11422.985174507172,11.519382464396498,10.241268100500623,11413.582948126223,11432.615098009024,19.032149882801605
991,Nylon,0.99,0.002405,mm,Laborbuch_Papier,0.01,0.002405,mm,2.995,0.000289,m,130,50,Hz,,Ref,11485.570293891858,13.82793057122401,10.841594871589,11464.420603012317,11501.447099230696,37.02649621837918
992,Nylon,0.99,0.002405,mm,Laborbuch_Papier,0.01,0.002405,mm,2.995,0.000289,m,130,50,Hz,,Ref,11574.300366207246,15.98146211621168,8.662785493512708,11535.97396120887,11598.731823834703,62.757862625832786
993,Nylon,0.99,0.002405,mm,Laborbuch_Papier,0.01,0.002405,mm,2.995,0.000289,m,130,50,Hz,,Ref,11664.837964031069,13.092508392410647,12.63901277659781,11658.645569644215,11671.931845573246,13.286275929031035
994,Nylon,0.99,0.002405,mm,Laborbuch_Papier,0.01,0.002405,mm,2.995,0.000289,m,130,50,Hz,,Ref,11698.144718607575,13.642897960085074,10.298065252703275,11648.690788698541,11711.746393929558,63.05560523101667
995,Nylon,0.99,0.002405,mm,Laborbuch_Papier,0.01,0.002405,mm,2.995,0.000289,m,130,50,Hz,,Ref,11867.891278601175,4.030321563628152,3.338521976758535,11846.128739954274,11905.808547919256,59.67980796498159
996,Nylon,0.99,0.002405,mm,Laborbuch_Papier,0.01,0.002405,mm,2.995,0.000289,m,130,50,Hz,,Ref,12072.017043736168,2.249728244817519,1.8396501257285354,12050.158391732764,12095.264947333602,45.106555600837964
997,Nylon,0.99,0.002405,mm,Laborbuch_Papier,0.01,0.002405,mm,2.995,0.000289,m,130,50,Hz,,Ref,12276.20496929135,4.558007392907536,3.03381747022803,12253.17505179819,12329.841066636127,76.66601483793602
998,Nylon,0.99,0.002405,mm,Laborbuch_Papier,0.01,0.002405,mm,2.995,0.000289,m,130,50,Hz,,Ref,12483.078012092616,3.5283657035694587,3.1679912851969236,12472.323303042056,12497.303817133308,24.98051409125219
999,Nylon,0.99,0.002405,mm,Laborbuch_Papier,0.01,0.002405,mm,2.995,0.000289,m,130,50,Hz,,Ref,12649.749913775015,7.122618494025624,4.401488875290044,12601.751184729204,12711.912975967514,110.16179123830989
1000,Nylon,0.99,0.002405,mm,Laborbuch_Papier,0.01,0.002405,mm,2.995,0.000289,m,130,50,Hz,,Ref,12814.06087837225,4.168430053721282,3.508785084281783,12797.947839588254,12831.477847469148,33.53000788089412
1001,Nylon,0.99,0.002405,mm,Laborbuch_Papier,0.01,0.002405,mm,3.007,0.000289,m,303,50,Hz,,Mes,507.625544582644,5.7050152333391,4.19994501396006,499.7184820213177,567.6561610968548,67.93767907553712
1002,Nylon,0.99,0.002405,mm,Laborbuch_Papier,0.01,0.002405,mm,3.007,0.000289,m,303,50,Hz,,Mes,523.3797966123504,5.572141193653532,5.282648942192218,516.5712446844201,525.3106302964627,8.73938561204261
1003,Nylon,0.99,0.002405,mm,Laborbuch_Papier,0.01,0.002405,mm,3.007,0.000289,m,303,50,Hz,,Mes,532.4986206770556,4.887022779089515,4.7329356814527275,530.7618874884901,534.1197659670765,3.3578784785864855
1004,Nylon,0.99,0.002405,mm,Laborbuch_Papier,0.01,0.002405,mm,3.007,0.000289,m,303,50,Hz,,Mes,553.1321201742529,5.5257570001768395,4.891879340502422,548.3555414244369,557.7442421753559,9.388700750919043
1005,Nylon,0.99,0.002405,mm,Laborbuch_Papier,0.01,0.002405,mm,3.007,0.000289,m,303,50,Hz,,Mes,561.3937805139263,5.04461561332421,4.934892069867797,560.1552232637877,562.5333340448158,2.378110781028113
1006,Nylon,0.99,0.002405,mm,Laborbuch_Papier,0.01,0.002405,mm,3.007,0.000289,m,303,50,Hz,,Mes,579.07069493529,3.861632411687513,3.7080739705364003,577.4419716561364,580.6637934296625,3.2218217735261305
1007,Nylon,0.99,0.002405,mm,Laborbuch_Papier,0.01,0.002405,mm,3.007,0.000289,m,303,50,Hz,,Mes,594.7928391562328,5.419196406424904,5.090361054901209,589.0396810501701,607.4982636874146,18.45858263724449
1008,Nylon,0.99,0.002405,mm,Laborbuch_Papier,0.01,0.002405,mm,3.007,0.000289,m,303,50,Hz,,Mes,619.7878754274866,5.158940423887802,4.9854039664513525,616.311028548118,622.0815552394283,5.7705266913103515
1009,Nylon,0.99,0.002405,mm,Laborbuch_Papier,0.01,0.002405,mm,3.007,0.000289,m,303,50,Hz,,Mes,659.1240877428885,5.784567409130489,2.9035355162057765,585.7240545021886,690.245492479496,104.52143797730741
1010,Nylon,0.99,0.002405,mm,Laborbuch_Papier,0.01,0.002405,mm,3.007,0.000289,m,303,50,Hz,,Mes,891.4447863164777,2.159163195913138,1.4918737702715037,863.2484670743667,927.4988584819425,64.25039140757588
1011,Nylon,0.99,0.002405,mm,Laborbuch_Papier,0.01,0.002405,mm,3.007,0.000289,m,303,50,Hz,,Mes,1058.7797860733904,1.1790429865534489,1.0582072090718484,1048.0506221414319,1080.0574558148646,32.006833673432766
1012,Nylon,0.99,0.002405,mm,Laborbuch_Papier,0.01,0.002405,mm,3.007,0.000289,m,303,50,Hz,,Mes,10302.854746420186,0.9496744992337445,0.5046755573810856,10226.23239642735,10410.009936688419,183.7775402610696
1013,Nylon,0.99,0.002405,mm,Laborbuch_Papier,0.01,0.002405,mm,3.007,0.000289,m,303,50,Hz,,Ref,499.6396520944596,1.7858618583167316,1.431869615800225,463.24232971253684,509.18859912143176,45.94626940889492
1014,Nylon,0.99,0.002405,mm,Laborbuch_Papier,0.01,0.002405,mm,3.007,0.000289,m,303,50,Hz,,Ref,573.3195797380652,2.0836846863299407,1.5685529815727763,543.6076604641794,587.9301297393599,44.32246927518054
1015,Nylon,0.99,0.002405,mm,Laborbuch_Papier,0.01,0.002405,mm,3.007,0.000289,m,303,50,Hz,,Ref,644.9119817240488,0.8160828216745194,0.7064498415836943,638.779725851316,659.9031608414707,21.123434990154692
1016,Nylon,0.99,0.002405,mm,Laborbuch_Papier,0.01,0.002405,mm,3.007,0.000289,m,303,50,Hz,,Ref,847.4216071232103,1.387979302318211,1.2815671686442576,842.5867377068047,854.5467561608322,11.960018454027477
1017,Nylon,0.99,0.002405,mm,Laborbuch_Papier,0.01,0.002405,mm,3.007,0.000289,m,303,50,Hz,,Ref,877.9036292031607,1.4371657813495176,1.325245073766084,872.1897948180731,882.1566985512034,9.966903733130266
1018,Nylon,0.99,0.002405,mm,Laborbuch_Papier,0.01,0.002405,mm,3.007,0.000289,m,303,50,Hz,,Ref,921.9977796166944,1.5224160516238678,1.3853967687745965,907.5279618532694,929.7499675912564,22.222005737987047
1019,Nylon,0.99,0.002405,mm,Laborbuch_Papier,0.01,0.002405,mm,3.007,0.000289,m,303,50,Hz,,Ref,1002.9207943041388,2.3500206156181234,1.5398301887294537,942.4430171322394,1057.1148277476195,114.67181061538008
1020,Nylon,0.99,0.002405,mm,Laborbuch_Papier,0.01,0.002405,mm,3.007,0.000289,m,303,50,Hz,,Ref,1029.9763485881601,2.2344004591086395,2.12027198467098,1027.2611948772555,1032.8298175332932,5.568622656037633
1021,Nylon,0.99,0.002405,mm,Laborbuch_Papier,0.01,0.002405,mm,3.007,0.000289,m,303,50,Hz,,Ref,1262.5631166018854,1.4629864009061357,1.267593240044839,1243.025852547276,1277.9839337768294,34.9580812295535
1022,Nylon,0.99,0.002405,mm,Laborbuch_Papier,0.01,0.002405,mm,3.007,0.000289,m,303,50,Hz,,Ref,1291.6930798842895,1.3317464851033625,1.2275789627905926,1283.340415225677,1294.2204199573086,10.880004731631743
1023,Nylon,0.99,0.002405,mm,Laborbuch_Papier,0.01,0.002405,mm,3.007,0.000289,m,303,50,Hz,,Ref,1309.191396005394,1.334114969989044,1.2057900578786405,1303.0800453784445,1313.43989055572,10.359845177275474
1024,Nylon,0.99,0.002405,mm,Laborbuch_Papier,0.01,0.002405,mm,3.007,0.000289,m,303,50,Hz,,Ref,1355.8764213248273,1.9642157794199615,1.5159723527990971,1337.9806322562713,1366.5823929318851,28.601760675613832
1025,Nylon,0.99,0.002405,mm,Laborbuch_Papier,0.01,0.002405,mm,3.007,0.000289,m,303,50,Hz,,Ref,1407.8835440352404,1.9430961222466732,1.610267297447086,1402.768094624865,1412.637105290315,9.869010665450105
1026,Nylon,0.99,0.002405,mm,Laborbuch_Papier,0.01,0.002405,mm,3.007,0.000289,m,303,50,Hz,,Ref,1444.1400431173206,1.9406647441736553,1.6851302564041548,1421.710945641505,1447.1382709016525,25.427325260147427
1027,Nylon,0.99,0.002405,mm,Laborbuch_Papier,0.01,0.002405,mm,3.007,0.000289,m,303,50,Hz,,Ref,1490.5069000197755,2.1979401852162965,1.7892093150427901,1481.6380642487784,1497.3128925357325,15.674828286954153
1028,Nylon,0.99,0.002405,mm,Laborbuch_Papier,0.01,0.002405,mm,3.007,0.000289,m,303,50,Hz,,Ref,1548.821843100082,3.135034603104887,2.2234426596191987,1540.8031634758736,1553.776223591058,12.973060115184353
1029,Nylon,0.99,0.002405,mm,Laborbuch_Papier,0.01,0.002405,mm,3.007,0.000289,m,303,50,Hz,,Ref,1598.537406011091,3.3431640910490223,2.386070000348212,1594.8204374962038,1609.5421739453357,14.721736449131868
1030,Nylon,0.99,0.002405,mm,Laborbuch_Papier,0.01,0.002405,mm,3.007,0.000289,m,303,50,Hz,,Ref,1624.9436836417074,2.484957129810248,2.233738192774787,1622.4758179382832,1627.5092361135914,5.03341817530827
1031,Nylon,0.99,0.002405,mm,Laborbuch_Papier,0.01,0.002405,mm,3.007,0.000289,m,303,50,Hz,,Ref,1669.7621308049138,4.023366266762698,2.2300343629570603,1664.226582587977,1702.4468805250567,38.22029793707975
1032,Nylon,0.99,0.002405,mm,Laborbuch_Papier,0.01,0.002405,mm,3.007,0.000289,m,303,50,Hz,,Ref,1679.2335898467093,3.4635067221529248,3.224119754805725,1677.3091935176683,1680.849719268083,3.540525750414645
1033,Nylon,0.99,0.002405,mm,Laborbuch_Papier,0.01,0.002405,mm,3.007,0.000289,m,303,50,Hz,,Ref,1688.8367527500552,2.5450671258569653,2.413290281745799,1686.8169714665555,1700.9343342694685,14.117362802913021
1034,Nylon,0.99,0.002405,mm,Laborbuch_Papier,0.01,0.002405,mm,3.007,0.000289,m,303,50,Hz,,Ref,1722.7895618270738,1.6949163262754323,1.5559240303819013,1719.478245718959,1725.5095988741296,6.031353155170564
1035,Nylon,0.99,0.002405,mm,Laborbuch_Papier,0.01,0.002405,mm,3.007,0.000289,m,303,50,Hz,,Ref,1747.3511096543596,2.9205973849525195,1.9884332671396707,1732.8418306204912,1758.3313455793825,25.489514958891277
1036,Nylon,0.99,0.002405,mm,Laborbuch_Papier,0.01,0.002405,mm,3.007,0.000289,m,303,50,Hz,,Ref,1796.2436824025401,2.2516341508336986,1.8727441253047328,1780.7253475945945,1801.1368674986147,20.411519904020224
1037,Nylon,0.99,0.002405,mm,Laborbuch_Papier,0.01,0.002405,mm,3.007,0.000289,m,303,50,Hz,,Ref,1816.2878749004972,2.2673357176091415,1.9317637519927362,1812.5387796862547,1819.5405623595432,7.001782673288517
1038,Nylon,0.99,0.002405,mm,Laborbuch_Papier,0.01,0.002405,mm,3.007,0.000289,m,303,50,Hz,,Ref,1851.3990592024184,2.5066204515454147,1.7623020349356429,1842.7212117377953,1881.6420423522302,38.92083061443486
1039,Nylon,0.99,0.002405,mm,Laborbuch_Papier,0.01,0.002405,mm,3.007,0.000289,m,303,50,Hz,,Ref,1874.9567223268596,2.49088720236587,2.1742004185626094,1872.4765697105265,1877.5268508766214,5.050281166094919
1040,Nylon,0.99,0.002405,mm,Laborbuch_Papier,0.01,0.002405,mm,3.007,0.000289,m,303,50,Hz,,Ref,1899.9030925398802,2.2126345675367216,1.7471114307340376,1896.689190394866,1903.9061517293062,7.216961334440157
1041,Nylon,0.99,0.002405,mm,Laborbuch_Papier,0.01,0.002405,mm,3.007,0.000289,m,303,50,Hz,,Ref,1918.5554375974168,1.7593901614594198,1.5827569158942985,1915.6121681649101,1922.0134568904632,6.401288725553059
1042,Nylon,0.99,0.002405,mm,Laborbuch_Papier,0.01,0.002405,mm,3.007,0.000289,m,303,50,Hz,,Ref,1942.6087901279875,2.149597648001249,1.7645918635051732,1939.4793587162721,1946.3123581128061,6.832999396533978
1043,Nylon,0.99,0.002405,mm,Laborbuch_Papier,0.01,0.002405,mm,3.007,0.000289,m,303,50,Hz,,Ref,1978.0372678730564,1.3927068642531637,1.1520966969711426,1974.4404655592339,1989.5941873594343,15.153721800200401
1044,Nylon,0.99,0.002405,mm,Laborbuch_Papier,0.01,0.002405,mm,3.007,0.000289,m,303,50,Hz,,Ref,2000.6642808898903,1.2368657918558443,1.0692723659570733,1997.1185471023946,2004.1469040724385,7.0283569700438875
1045,Nylon,0.99,0.002405,mm,Laborbuch_Papier,0.01,0.002405,mm,3.007,0.000289,m,303,50,Hz,,Ref,2030.3511676503822,2.7035937865074344,1.7598881828882615,2023.0207292548282,2045.0131362816323,21.99240702680413
1046,Nylon,0.99,0.002405,mm,Laborbuch_Papier,0.01,0.002405,mm,3.007,0.000289,m,303,50,Hz,,Ref,2093.4923716715275,3.36771461839732,2.2502814924343473,2086.319265567924,2098.016336099987,11.697070532062753
1047,Nylon,0.99,0.002405,mm,Laborbuch_Papier,0.01,0.002405,mm,3.007,0.000289,m,303,50,Hz,,Ref,2128.795529989648,1.8665845264727212,1.5425970265996276,2119.2414651298677,2138.2281097512932,18.986644621425512
1048,Nylon,0.99,0.002405,mm,Laborbuch_Papier,0.01,0.002405,mm,3.007,0.000289,m,303,50,Hz,,Ref,2156.3557488994093,3.543121279052817,2.8446776737816064,2152.881983388962,2163.9611542486327,11.07917085967074
1049,Nylon,0.99,0.002405,mm,Laborbuch_Papier,0.01,0.002405,mm,3.007,0.000289,m,303,50,Hz,,Ref,2185.945951941901,3.557942975959172,2.234096996611938,2169.39688651706,2191.032196494022,21.635309976962162
1050,Nylon,0.99,0.002405,mm,Laborbuch_Papier,0.01,0.002405,mm,3.007,0.000289,m,303,50,Hz,,Ref,2200.5203845455026,2.7824559635760875,2.3036501857981877,2197.2967323480298,2212.6108176376906,15.314085289660852
1051,Nylon,0.99,0.002405,mm,Laborbuch_Papier,0.01,0.002405,mm,3.007,0.000289,m,303,50,Hz,,Ref,2231.721115423526,5.407054228184872,3.4753152375739282,2227.594449849621,2244.483831436255,16.889381586634045
1052,Nylon,0.99,0.002405,mm,Laborbuch_Papier,0.01,0.002405,mm,3.007,0.000289,m,303,50,Hz,,Ref,2251.862780966911,3.6963231614324714,3.2680138653204596,2249.49853532267,2254.2468593172025,4.748323994532711
1053,Nylon,0.99,0.002405,mm,Laborbuch_Papier,0.01,0.002405,mm,3.007,0.000289,m,303,50,Hz,,Ref,2280.6915519193108,2.8387882605464854,2.585851841809825,2276.702093487839,2284.072707229255,7.370613741415582
1054,Nylon,0.99,0.002405,mm,Laborbuch_Papier,0.01,0.002405,mm,3.007,0.000289,m,303,50,Hz,,Ref,2298.947517929671,9.13001015609991,5.8109560006712435,2294.2109673131827,2302.913927535364,8.702960222181446
1055,Nylon,0.99,0.002405,mm,Laborbuch_Papier,0.01,0.002405,mm,3.007,0.000289,m,303,50,Hz,,Ref,2335.4945817949624,5.246690754980955,5.0273495043741665,2333.1951472112023,2338.1291377941616,4.933990582959268
1056,Nylon,0.99,0.002405,mm,Laborbuch_Papier,0.01,0.002405,mm,3.007,0.000289,m,303,50,Hz,,Ref,2351.38275420781,14.558297790052519,8.012090622217734,2347.70321168094,2355.494011780157,7.790800099216995
1057,Nylon,0.99,0.002405,mm,Laborbuch_Papier,0.01,0.002405,mm,3.007,0.000289,m,303,50,Hz,,Ref,2376.816767206168,5.689574295303814,4.789927506627186,2368.827830698873,2381.4581080683565,12.630277369483338
1058,Nylon,0.99,0.002405,mm,Laborbuch_Papier,0.01,0.002405,mm,3.007,0.000289,m,303,50,Hz,,Ref,2404.8288778677984,3.1420521014076597,3.0403244328375507,2402.2115972586025,2406.7173079940867,4.505710735484172
1059,Nylon,0.99,0.002405,mm,Laborbuch_Papier,0.01,0.002405,mm,3.007,0.000289,m,303,50,Hz,,Ref,2424.3676784882946,4.660197344890341,3.6015978919943517,2419.140000824268,2428.1673768187234,9.02737599445527
1060,Nylon,0.99,0.002405,mm,Laborbuch_Papier,0.01,0.002405,mm,3.007,0.000289,m,303,50,Hz,,Ref,2436.5626894848892,4.577506064680822,3.9004921917357804,2433.349019617546,2440.5411392412634,7.19211962371719
1061,Nylon,0.99,0.002405,mm,Laborbuch_Papier,0.01,0.002405,mm,3.007,0.000289,m,303,50,Hz,,Ref,2466.9490369701125,2.756703708601934,2.5078620770026925,2464.027107805534,2469.7223771473905,5.695269341856601
1062,Nylon,0.99,0.002405,mm,Laborbuch_Papier,0.01,0.002405,mm,3.007,0.000289,m,303,50,Hz,,Ref,2493.8249955103715,4.7967147092235365,4.299663596418261,2491.5709970812813,2496.3019463090923,4.730949227810925
1063,Nylon,0.99,0.002405,mm,Laborbuch_Papier,0.01,0.002405,mm,3.007,0.000289,m,303,50,Hz,,Ref,2507.9901201326225,5.109336876685901,3.4492814135848766,2489.5776683271256,2514.1062211678372,24.528552840711654
1064,Nylon,0.99,0.002405,mm,Laborbuch_Papier,0.01,0.002405,mm,3.007,0.000289,m,303,50,Hz,,Ref,2553.8477021242707,3.6465962639698613,3.53505647724649,2551.451093733533,2558.106243238446,6.65514950491297
1065,Nylon,0.99,0.002405,mm,Laborbuch_Papier,0.01,0.002405,mm,3.007,0.000289,m,303,50,Hz,,Ref,2575.736766957678,11.465967175133885,6.846147423383495,2570.3013695936356,2581.382305385984,11.080935792348555
1066,Nylon,0.99,0.002405,mm,Laborbuch_Papier,0.01,0.002405,mm,3.007,0.000289,m,303,50,Hz,,Ref,2600.443708768206,4.664791322882671,3.973889432069525,2597.323687901384,2603.3470888808424,6.023400979458529
1067,Nylon,0.99,0.002405,mm,Laborbuch_Papier,0.01,0.002405,mm,3.007,0.000289,m,303,50,Hz,,Ref,2622.6413237110855,5.093059760483466,4.4187459607705835,2619.9886060424424,2625.771550115585,5.782944073142517
1068,Nylon,0.99,0.002405,mm,Laborbuch_Papier,0.01,0.002405,mm,3.007,0.000289,m,303,50,Hz,,Ref,2652.611421682033,17.259529959469216,9.541476394533355,2647.8796901920505,2657.024427497799,9.14473730574855
1069,Nylon,0.99,0.002405,mm,Laborbuch_Papier,0.01,0.002405,mm,3.007,0.000289,m,303,50,Hz,,Ref,2673.4740875827006,3.861378703791788,3.3210978452874143,2670.615808535736,2676.664984906334,6.049176370598161
1070,Nylon,0.99,0.002405,mm,Laborbuch_Papier,0.01,0.002405,mm,3.007,0.000289,m,303,50,Hz,,Ref,2690.387888881114,5.000676898294034,4.377632779576181,2687.27369224303,2693.536787115725,6.263094872695092
1071,Nylon,0.99,0.002405,mm,Laborbuch_Papier,0.01,0.002405,mm,3.007,0.000289,m,303,50,Hz,,Ref,2714.3975288843267,7.237586730757471,4.8369517341261625,2702.2984565029083,2731.223404809033,28.92494830612486
1072,Nylon,0.99,0.002405,mm,Laborbuch_Papier,0.01,0.002405,mm,3.007,0.000289,m,303,50,Hz,,Ref,2727.7050610785336,5.715258987167317,5.412998965966546,2725.3969729092364,2729.584447668026,4.187474758789449
1073,Nylon,0.99,0.002405,mm,Laborbuch_Papier,0.01,0.002405,mm,3.007,0.000289,m,303,50,Hz,,Ref,2757.697679405946,6.651076840013842,4.798143992928525,2751.592420818358,2763.9121983705113,12.319777552153482
1074,Nylon,0.99,0.002405,mm,Laborbuch_Papier,0.01,0.002405,mm,3.007,0.000289,m,303,50,Hz,,Ref,2805.280738344229,18.324971453123684,11.76563958241276,2799.3394075139277,2810.326184555235,10.986777041307505
1075,Nylon,0.99,0.002405,mm,Laborbuch_Papier,0.01,0.002405,mm,3.007,0.000289,m,303,50,Hz,,Ref,2822.2138448397363,9.120732301256865,8.37484761698687,2820.1187577127957,2824.2018157880398,4.0830580752440255
1076,Nylon,0.99,0.002405,mm,Laborbuch_Papier,0.01,0.002405,mm,3.007,0.000289,m,303,50,Hz,,Ref,2832.8652517967253,11.152278929231972,9.046985887639622,2829.858341163593,2836.442836794984,6.584495631390837
1077,Nylon,0.99,0.002405,mm,Laborbuch_Papier,0.01,0.002405,mm,3.007,0.000289,m,303,50,Hz,,Ref,2863.297937902923,11.73520293863894,10.694819396535927,2860.3577787351865,2865.755892494365,5.398113759178614
1078,Nylon,0.99,0.002405,mm,Laborbuch_Papier,0.01,0.002405,mm,3.007,0.000289,m,303,50,Hz,,Ref,2879.6170991510558,17.541387758354965,12.706213365522977,2874.4693741599062,2883.2870094091845,8.817635249278283
1079,Nylon,0.99,0.002405,mm,Laborbuch_Papier,0.01,0.002405,mm,3.007,0.000289,m,303,50,Hz,,Ref,2900.389632383363,30.742298767629645,15.545520585132126,2894.5364349788456,2907.7759219318214,13.239486952975767
1080,Nylon,0.99,0.002405,mm,Laborbuch_Papier,0.01,0.002405,mm,3.007,0.000289,m,303,50,Hz,,Ref,2954.7406301061646,17.32831056099795,11.11898162968643,2946.600043843515,2965.7324433452873,19.132399501772397
1081,Nylon,0.99,0.002405,mm,Laborbuch_Papier,0.01,0.002405,mm,3.007,0.000289,m,303,50,Hz,,Ref,2985.9884967014227,5.967563231597322,5.69200747579001,2982.623946052631,2989.126800721731,6.502854669100088
1082,Nylon,0.99,0.002405,mm,Laborbuch_Papier,0.01,0.002405,mm,3.007,0.000289,m,303,50,Hz,,Ref,3017.3578327940054,9.617561012762428,7.282164223570163,3013.0187086661426,3052.90732991375,39.88862124760726
1083,Nylon,0.99,0.002405,mm,Laborbuch_Papier,0.01,0.002405,mm,3.007,0.000289,m,303,50,Hz,,Ref,3036.4822747062153,9.327723657394348,8.700948652004193,3033.2592372414647,3039.942671637777,6.68343439631235
1084,Nylon,0.99,0.002405,mm,Laborbuch_Papier,0.01,0.002405,mm,3.007,0.000289,m,303,50,Hz,,Ref,3048.341136031906,8.306545913863264,8.148636328436368,3045.410169783198,3049.9250305314017,4.514860748203773
1085,Nylon,0.99,0.002405,mm,Laborbuch_Papier,0.01,0.002405,mm,3.007,0.000289,m,303,50,Hz,,Ref,3072.94281480165,6.704170880147196,6.179838735019191,3069.2440780034854,3075.687246559364,6.443168555878856
1086,Nylon,0.99,0.002405,mm,Laborbuch_Papier,0.01,0.002405,mm,3.007,0.000289,m,303,50,Hz,,Ref,3096.4083347295273,15.110485684216155,9.631194941398624,3087.6873404254357,3103.111506009544,15.424165584108323
1087,Nylon,0.99,0.002405,mm,Laborbuch_Papier,0.01,0.002405,mm,3.007,0.000289,m,303,50,Hz,,Ref,3153.2432942358505,15.217649313551895,9.640075302079259,3146.226019744875,3163.5611833115613,17.335163566686333
1088,Nylon,0.99,0.002405,mm,Laborbuch_Papier,0.01,0.002405,mm,3.007,0.000289,m,303,50,Hz,,Ref,3180.5023014182093,5.438498006334407,4.906833994714699,3177.5298478617724,3183.4407873385226,5.910939476750173
1089,Nylon,0.99,0.002405,mm,Laborbuch_Papier,0.01,0.002405,mm,3.007,0.000289,m,303,50,Hz,,Ref,3213.235013152553,3.684310300885352,3.3385827140156543,3206.5777291267295,3218.766471776619,12.188742649889264
1090,Nylon,0.99,0.002405,mm,Laborbuch_Papier,0.01,0.002405,mm,3.007,0.000289,m,303,50,Hz,,Ref,3234.9947963298673,3.2712576094128893,3.0989408798547626,3229.795832829086,3237.996087447493,8.200254618407143
1091,Nylon,0.99,0.002405,mm,Laborbuch_Papier,0.01,0.002405,mm,3.007,0.000289,m,303,50,Hz,,Ref,3269.9487578824214,1.3719803276023996,1.2191696280208166,3265.070501371748,3273.8137798993407,8.743278527592793
1092,Nylon,0.99,0.002405,mm,Laborbuch_Papier,0.01,0.002405,mm,3.007,0.000289,m,303,50,Hz,,Ref,3303.8054174732465,1.7029221092707998,1.2970103912264206,3295.324379456501,3309.0853146777467,13.760935221245745
1093,Nylon,0.99,0.002405,mm,Laborbuch_Papier,0.01,0.002405,mm,3.007,0.000289,m,303,50,Hz,,Ref,3350.3270994859517,0.8535097142910607,0.7484419465616576,3347.376247144338,3353.577332051391,6.201084907052973
1094,Nylon,0.99,0.002405,mm,Laborbuch_Papier,0.01,0.002405,mm,3.007,0.000289,m,303,50,Hz,,Ref,3368.1517209529793,1.0337974190263668,0.7158114165959547,3359.8286885447137,3374.430245360346,14.601556815632193
1095,Nylon,0.99,0.002405,mm,Laborbuch_Papier,0.01,0.002405,mm,3.007,0.000289,m,303,50,Hz,,Ref,3409.657316953767,1.02463490819153,0.7659090581304229,3402.8418474814084,3417.511984014624,14.670136533215555
1096,Nylon,0.99,0.002405,mm,Laborbuch_Papier,0.01,0.002405,mm,3.007,0.000289,m,303,50,Hz,,Ref,3439.0535615253166,0.9770263040117593,0.8677658122245191,3434.5308859862635,3442.827006870013,8.296120883749609
1097,Nylon,0.99,0.002405,mm,Laborbuch_Papier,0.01,0.002405,mm,3.007,0.000289,m,303,50,Hz,,Ref,3467.2087042682224,1.1634222787723278,0.9686606144027512,3453.999423539598,3479.236632109221,25.237208569622908
1098,Nylon,0.99,0.002405,mm,Laborbuch_Papier,0.01,0.002405,mm,3.007,0.000289,m,303,50,Hz,,Ref,3524.9989870344184,1.5021433620255031,1.205269090605011,3511.7451978857553,3532.942632640893,21.197434755137692
1099,Nylon,0.99,0.002405,mm,Laborbuch_Papier,0.01,0.002405,mm,3.007,0.000289,m,303,50,Hz,,Ref,3573.4113996127753,1.7059549250468309,1.3006232469278871,3566.9410677729393,3579.948568194357,13.007500421417717
1100,Nylon,0.99,0.002405,mm,Laborbuch_Papier,0.01,0.002405,mm,3.007,0.000289,m,303,50,Hz,,Ref,3618.0310611925865,1.9840525562291782,1.8266508557248549,3613.5649940033927,3625.16593397027,11.600939966877377
1101,Nylon,0.99,0.002405,mm,Laborbuch_Papier,0.01,0.002405,mm,3.007,0.000289,m,303,50,Hz,,Ref,3684.908344896971,5.4766171105531365,5.030842233418286,3678.604129434402,3688.4973554335616,9.893225999159768
1102,Nylon,0.99,0.002405,mm,Laborbuch_Papier,0.01,0.002405,mm,3.007,0.000289,m,303,50,Hz,,Ref,3712.004121122777,8.173798191408405,6.145911023093648,3702.5891898677646,3720.913209299722,18.324019431957367
1103,Nylon,0.99,0.002405,mm,Laborbuch_Papier,0.01,0.002405,mm,3.007,0.000289,m,303,50,Hz,,Ref,3773.8310091127496,12.975542151383435,6.675780836346058,3759.9309667031525,3788.146824713621,28.21585801046831
1104,Nylon,0.99,0.002405,mm,Laborbuch_Papier,0.01,0.002405,mm,3.007,0.000289,m,303,50,Hz,,Ref,3839.1538831358657,7.153441806874298,5.582858170030776,3831.4209337744537,3856.0314312200244,24.610497445570672
1105,Nylon,0.99,0.002405,mm,Laborbuch_Papier,0.01,0.002405,mm,3.007,0.000289,m,303,50,Hz,,Ref,3920.3326514672713,5.747327931853023,4.7734267058125806,3897.920635098843,3931.5112974340764,33.590662335233446
1106,Nylon,0.99,0.002405,mm,Laborbuch_Papier,0.01,0.002405,mm,3.007,0.000289,m,303,50,Hz,,Ref,3979.484438134264,4.796113465994371,4.1129455734815235,3966.0170640812107,3988.1300027242446,22.112938643033885
1107,Nylon,0.99,0.002405,mm,Laborbuch_Papier,0.01,0.002405,mm,3.007,0.000289,m,303,50,Hz,,Ref,4014.4730391143194,3.754895409788298,3.524029278470174,4007.94426509462,4021.0124482345545,13.068183139934717
1108,Nylon,0.99,0.002405,mm,Laborbuch_Papier,0.01,0.002405,mm,3.007,0.000289,m,303,50,Hz,,Ref,4042.4519559392384,3.604439831175024,3.4036667738188404,4037.3532402922515,4046.529336064119,9.176095771867494
1109,Nylon,0.99,0.002405,mm,Laborbuch_Papier,0.01,0.002405,mm,3.007,0.000289,m,303,50,Hz,,Ref,4135.465141192351,2.015198030558125,1.8583804012285392,4126.404912549917,4143.6682426404295,17.26333009051268
1110,Nylon,0.99,0.002405,mm,Laborbuch_Papier,0.01,0.002405,mm,3.007,0.000289,m,303,50,Hz,,Ref,4186.941818142707,2.3489511486569663,2.0861060939853333,4178.524421173031,4194.746637692219,16.222216519187896
1111,Nylon,0.99,0.002405,mm,Laborbuch_Papier,0.01,0.002405,mm,3.007,0.000289,m,303,50,Hz,,Ref,4262.00573666646,2.3649822065396404,2.020386023382157,4234.26647905602,4279.770497873123,45.504018817102406
1112,Nylon,0.99,0.002405,mm,Laborbuch_Papier,0.01,0.002405,mm,3.007,0.000289,m,303,50,Hz,,Ref,4322.385953247762,2.1427094510017684,1.8118328868831477,4313.36430558285,4330.309951814574,16.945646231723913
1113,Nylon,0.99,0.002405,mm,Laborbuch_Papier,0.01,0.002405,mm,3.007,0.000289,m,303,50,Hz,,Ref,4364.199708597088,1.813732082565812,1.7027510451210353,4358.493921138874,4369.761636008839,11.267714869964948
1114,Nylon,0.99,0.002405,mm,Laborbuch_Papier,0.01,0.002405,mm,3.007,0.000289,m,303,50,Hz,,Ref,4402.82493300907,2.0403409273692352,1.777244052939405,4389.934545604664,4425.584942572509,35.650396967845154
1115,Nylon,0.99,0.002405,mm,Laborbuch_Papier,0.01,0.002405,mm,3.007,0.000289,m,303,50,Hz,,Ref,4485.347633604522,2.1416093246121997,1.8002158276331923,4477.381121312813,4494.7116992881465,17.330577975333654
1116,Nylon,0.99,0.002405,mm,Laborbuch_Papier,0.01,0.002405,mm,3.007,0.000289,m,303,50,Hz,,Ref,4684.981273212013,2.9669368923717356,2.81522943841199,4677.88400808271,4692.071251943846,14.187243861135357
1117,Nylon,0.99,0.002405,mm,Laborbuch_Papier,0.01,0.002405,mm,3.007,0.000289,m,303,50,Hz,,Ref,4755.286166933427,4.371491437339537,3.828313557364436,4746.529716021466,4763.69215998637,17.162443964904014
1118,Nylon,0.99,0.002405,mm,Laborbuch_Papier,0.01,0.002405,mm,3.007,0.000289,m,303,50,Hz,,Ref,4826.2189469309615,4.480359430431295,3.2396141321222522,4738.044619288431,4909.418016313076,171.37339702464487
1119,Nylon,0.99,0.002405,mm,Laborbuch_Papier,0.01,0.002405,mm,3.007,0.000289,m,303,50,Hz,,Ref,4890.469608101674,4.226729061237135,3.851311089438523,4878.741445207809,4901.113177421368,22.37173221355897
1120,Nylon,0.99,0.002405,mm,Laborbuch_Papier,0.01,0.002405,mm,3.007,0.000289,m,303,50,Hz,,Ref,4941.637327233666,3.4738139094007647,3.099237289667143,4933.240021008872,4954.603243830203,21.363222821330965
1121,Nylon,0.99,0.002405,mm,Laborbuch_Papier,0.01,0.002405,mm,3.007,0.000289,m,303,50,Hz,,Ref,4997.703778856268,2.687775742480018,2.5425223026928556,4989.9983647301915,5008.21457356619,18.21620883599826
1122,Nylon,0.99,0.002405,mm,Laborbuch_Papier,0.01,0.002405,mm,3.007,0.000289,m,303,50,Hz,,Ref,5070.574409918202,2.8812584534204695,2.5980570321120346,5062.074868116223,5082.274809205496,20.199941089273125
1123,Nylon,0.99,0.002405,mm,Laborbuch_Papier,0.01,0.002405,mm,3.007,0.000289,m,303,50,Hz,,Ref,5141.321514288333,2.477371909290537,2.3630842193284614,5135.350535784258,5149.082279011852,13.731743227594052
1124,Nylon,0.99,0.002405,mm,Laborbuch_Papier,0.01,0.002405,mm,3.007,0.000289,m,303,50,Hz,,Ref,5266.767613948956,2.7836235286927855,2.61211870033009,5252.156129470382,5286.4823544936335,34.32622502325103
1125,Nylon,0.99,0.002405,mm,Laborbuch_Papier,0.01,0.002405,mm,3.007,0.000289,m,303,50,Hz,,Ref,5316.898693292009,3.8203106646128764,3.202938228262175,5308.374325567509,5329.84422067445,21.469895106941294
1126,Nylon,0.99,0.002405,mm,Laborbuch_Papier,0.01,0.002405,mm,3.007,0.000289,m,303,50,Hz,,Ref,5386.728156681428,3.829021273795581,3.4052975699313706,5377.698662694701,5396.2711234307235,18.57246073602255
1127,Nylon,0.99,0.002405,mm,Laborbuch_Papier,0.01,0.002405,mm,3.007,0.000289,m,303,50,Hz,,Ref,5455.165274678278,5.801275110635195,4.565194432014823,5443.653620484888,5463.7151256642965,20.061505179408414
1128,Nylon,0.99,0.002405,mm,Laborbuch_Papier,0.01,0.002405,mm,3.007,0.000289,m,303,50,Hz,,Ref,5522.941560912791,4.715485447204325,4.259632950765363,5504.0178493404455,5540.693657089227,36.67580774878115
1129,Nylon,0.99,0.002405,mm,Laborbuch_Papier,0.01,0.002405,mm,3.007,0.000289,m,303,50,Hz,,Ref,5595.735458752327,6.713384974463405,3.958680103472191,5557.176903545718,5645.347243740869,88.17034019515086
1130,Nylon,0.99,0.002405,mm,Laborbuch_Papier,0.01,0.002405,mm,3.007,0.000289,m,303,50,Hz,,Ref,5623.8613875999545,5.9480761776814495,5.589732608987463,5617.65422907738,5631.722077851413,14.067848774033337
1131,Nylon,0.99,0.002405,mm,Laborbuch_Papier,0.01,0.002405,mm,3.007,0.000289,m,303,50,Hz,,Ref,5787.2540504895505,1.2169217481420238,1.0866386278529718,5772.642200978154,5798.108919700082,25.466718721928373
1132,Nylon,0.99,0.002405,mm,Laborbuch_Papier,0.01,0.002405,mm,3.007,0.000289,m,303,50,Hz,,Ref,5819.812594777547,1.2665018606203498,1.044284243492538,5810.8620199519255,5832.411450103855,21.5494301519293
1133,Nylon,0.99,0.002405,mm,Laborbuch_Papier,0.01,0.002405,mm,3.007,0.000289,m,303,50,Hz,,Ref,5976.766291189697,2.1512790726812367,1.9154664879939198,5965.278548906498,5985.649957786572,20.37140888007343
1134,Nylon,0.99,0.002405,mm,Laborbuch_Papier,0.01,0.002405,mm,3.007,0.000289,m,303,50,Hz,,Ref,6074.888852096884,3.6589602122641987,3.273633297959737,6059.504140682681,6090.2657555346705,30.76161485198918
1135,Nylon,0.99,0.002405,mm,Laborbuch_Papier,0.01,0.002405,mm,3.007,0.000289,m,303,50,Hz,,Ref,6136.654007257866,4.012993137212559,2.211886311213938,6006.922968053535,6243.164272161538,236.24130410800262
1136,Nylon,0.99,0.002405,mm,Laborbuch_Papier,0.01,0.002405,mm,3.007,0.000289,m,303,50,Hz,,Ref,6212.514786322247,2.696725675390839,2.477975902560579,6184.133205071194,6234.8579665479265,50.724761476732056
1137,Nylon,0.99,0.002405,mm,Laborbuch_Papier,0.01,0.002405,mm,3.007,0.000289,m,303,50,Hz,,Ref,6308.630531463741,2.7413996326974477,2.499071493649864,6286.192295752944,6320.171486783786,33.97919103084223
1138,Nylon,0.99,0.002405,mm,Laborbuch_Papier,0.01,0.002405,mm,3.007,0.000289,m,303,50,Hz,,Ref,6381.0658168269665,2.8903351957770806,2.742869823956192,6354.554405406265,6396.799274247343,42.24486884107864
1139,Nylon,0.99,0.002405,mm,Laborbuch_Papier,0.01,0.002405,mm,3.007,0.000289,m,303,50,Hz,,Ref,6456.344763242998,3.585130681222657,2.8441027355607833,6442.646018825626,6474.455771306322,31.80975248069626
1140,Nylon,0.99,0.002405,mm,Laborbuch_Papier,0.01,0.002405,mm,3.007,0.000289,m,303,50,Hz,,Ref,6491.718275650072,3.1052212775684973,2.9665059726384735,6483.754849679472,6503.7192950355675,19.964445356095894
1141,Nylon,0.99,0.002405,mm,Laborbuch_Papier,0.01,0.002405,mm,3.007,0.000289,m,303,50,Hz,,Ref,6613.2152382839095,2.822022810685805,2.4500445664352846,6602.333081619906,6627.812192552493,25.47911093258699
1142,Nylon,0.99,0.002405,mm,Laborbuch_Papier,0.01,0.002405,mm,3.007,0.000289,m,303,50,Hz,,Ref,6704.608816443839,2.584993628497276,2.4458415447352078,6696.564604857703,6734.368406726128,37.80380186842558
1143,Nylon,0.99,0.002405,mm,Laborbuch_Papier,0.01,0.002405,mm,3.007,0.000289,m,303,50,Hz,,Ref,6963.571373927708,1.906036014114593,1.8004773963932148,6955.323509062168,6975.961513485076,20.638004422907215
1144,Nylon,0.99,0.002405,mm,Laborbuch_Papier,0.01,0.002405,mm,3.007,0.000289,m,303,50,Hz,,Ref,7063.475038985189,2.9768917036120417,2.6945752858722107,7050.603902974952,7076.0701625598285,25.466259584876752
1145,Nylon,0.99,0.002405,mm,Laborbuch_Papier,0.01,0.002405,mm,3.007,0.000289,m,303,50,Hz,,Ref,7114.893827210095,3.555544142557808,2.1888528986230553,7039.24578422369,7207.754808667859,168.50902444416897
1146,Nylon,0.99,0.002405,mm,Laborbuch_Papier,0.01,0.002405,mm,3.007,0.000289,m,303,50,Hz,,Ref,7318.198093464128,1.816427241261417,1.6438754502433437,7307.617890712782,7325.833216086861,18.21532537407893
1147,Nylon,0.99,0.002405,mm,Laborbuch_Papier,0.01,0.002405,mm,3.007,0.000289,m,303,50,Hz,,Ref,7483.7030950024255,2.8924024691901433,2.7128173443731383,7475.213084761203,7491.510890046074,16.297805284870265
1148,Nylon,0.99,0.002405,mm,Laborbuch_Papier,0.01,0.002405,mm,3.007,0.000289,m,303,50,Hz,,Ref,7526.61656997639,3.4047958171859576,3.2170977511337,7519.148299179969,7548.426899478751,29.278600298781384
1149,Nylon,0.99,0.002405,mm,Laborbuch_Papier,0.01,0.002405,mm,3.007,0.000289,m,303,50,Hz,,Ref,7644.269065112081,5.461845065290541,5.357698368236014,7640.857818272536,7648.505835159597,7.648016887061203
1150,Nylon,0.99,0.002405,mm,Laborbuch_Papier,0.01,0.002405,mm,3.007,0.000289,m,303,50,Hz,,Ref,7672.55859178217,6.626814357613002,4.576098185596641,7632.865000982237,7702.760573431456,69.89557244921889
1151,Nylon,0.99,0.002405,mm,Laborbuch_Papier,0.01,0.002405,mm,3.007,0.000289,m,303,50,Hz,,Ref,7734.777696213849,4.767212213733591,4.4292301902350015,7725.943393761238,7745.529289241216,19.585895479977808
1152,Nylon,0.99,0.002405,mm,Laborbuch_Papier,0.01,0.002405,mm,3.007,0.000289,m,303,50,Hz,,Ref,7890.4011021124625,8.495187473410088,7.159744935373567,7878.417640493343,7923.198167330877,44.780526837534126
1153,Nylon,0.99,0.002405,mm,Laborbuch_Papier,0.01,0.002405,mm,3.007,0.000289,m,303,50,Hz,,Ref,7972.680226272913,9.327065280097022,7.090197670196623,7956.192784051158,7993.352962596538,37.160178545380404
1154,Nylon,0.99,0.002405,mm,Laborbuch_Papier,0.01,0.002405,mm,3.007,0.000289,m,303,50,Hz,,Ref,8062.980926602776,7.917697817358515,7.412250974199237,8057.367357230424,8068.815736159686,11.448378929261708
1155,Nylon,0.99,0.002405,mm,Laborbuch_Papier,0.01,0.002405,mm,3.007,0.000289,m,303,50,Hz,,Ref,8142.484071696307,34.265607291355714,17.386008637777287,8129.58596260222,8160.205292887017,30.619330284796888
1156,Nylon,0.99,0.002405,mm,Laborbuch_Papier,0.01,0.002405,mm,3.007,0.000289,m,303,50,Hz,,Ref,8192.200739520385,21.048786466090025,18.314594923736493,8180.9550352752785,8208.166516892123,27.21148161684414
1157,Nylon,0.99,0.002405,mm,Laborbuch_Papier,0.01,0.002405,mm,3.007,0.000289,m,303,50,Hz,,Ref,8261.335337549903,18.392576360659792,14.012091320908294,8252.725216834731,8271.768459757342,19.04324292261117
1158,Nylon,0.99,0.002405,mm,Laborbuch_Papier,0.01,0.002405,mm,3.007,0.000289,m,303,50,Hz,,Ref,8320.865636592183,8.06881225010992,7.351535820297311,8309.379363358634,8345.362839145431,35.9834757867975
1159,Nylon,0.99,0.002405,mm,Laborbuch_Papier,0.01,0.002405,mm,3.007,0.000289,m,303,50,Hz,,Ref,8404.107999691618,4.866769611512676,4.661391459310783,8391.247486366285,8412.519981884081,21.272495517796415
1160,Nylon,0.99,0.002405,mm,Laborbuch_Papier,0.01,0.002405,mm,3.007,0.000289,m,303,50,Hz,,Ref,8644.317391370081,9.132124886827823,5.918758336663517,8617.085631997896,8672.969991257043,55.88435925914746
1161,Nylon,0.99,0.002405,mm,Laborbuch_Papier,0.01,0.002405,mm,3.007,0.000289,m,303,50,Hz,,Ref,8700.679660247632,5.670721689259052,5.468634625031834,8693.785769442296,8707.512007339274,13.726237896977182
1162,Nylon,0.99,0.002405,mm,Laborbuch_Papier,0.01,0.002405,mm,3.007,0.000289,m,303,50,Hz,,Ref,8778.157639693454,4.6566177530511155,4.199193386361408,8770.054931223709,8784.949417984748,14.894486761038934
1163,Nylon,0.99,0.002405,mm,Laborbuch_Papier,0.01,0.002405,mm,3.007,0.000289,m,303,50,Hz,,Ref,8823.80715626194,5.209723372811877,3.952777537369796,8804.780331250304,8837.670667229377,32.890335979072916
1164,Nylon,0.99,0.002405,mm,Laborbuch_Papier,0.01,0.002405,mm,3.007,0.000289,m,303,50,Hz,,Ref,8899.641595985833,4.751826321215454,4.353562316325485,8887.835141628395,8913.93294262562,26.09780099722593
1165,Nylon,0.99,0.002405,mm,Laborbuch_Papier,0.01,0.002405,mm,3.007,0.000289,m,303,50,Hz,,Ref,8975.367961828604,13.760616945465072,9.742234936144627,8963.771461671116,8992.27182152308,28.500359851963367
1166,Nylon,0.99,0.002405,mm,Laborbuch_Papier,0.01,0.002405,mm,3.007,0.000289,m,303,50,Hz,,Ref,9032.220362460817,13.324374917692065,11.300278167875103,9017.878166460841,9041.46978345885,23.59161699800825
1167,Nylon,0.99,0.002405,mm,Laborbuch_Papier,0.01,0.002405,mm,3.007,0.000289,m,303,50,Hz,,Ref,9103.643671088224,9.014082741391348,8.868239821901305,9099.02097857985,9112.159769851189,13.13879127133805
1168,Nylon,0.99,0.002405,mm,Laborbuch_Papier,0.01,0.002405,mm,3.007,0.000289,m,303,50,Hz,,Ref,9180.64663078484,24.529010439213625,23.23807629889179,9175.525849383064,9187.997293969085,12.47144458602088
1169,Nylon,0.99,0.002405,mm,Laborbuch_Papier,0.01,0.002405,mm,3.007,0.000289,m,303,50,Hz,,Ref,9208.277410597328,24.69762174723045,13.600407930665503,9159.54621532895,9228.35372287703,68.80750754807923
1170,Nylon,0.99,0.002405,mm,Laborbuch_Papier,0.01,0.002405,mm,3.007,0.000289,m,303,50,Hz,,Ref,9307.59332848973,15.132032350160777,11.421886203172065,9293.815124973773,9323.006119915908,29.19099494213515
1171,Nylon,0.99,0.002405,mm,Laborbuch_Papier,0.01,0.002405,mm,3.007,0.000289,m,303,50,Hz,,Ref,9354.556196152957,14.91479685658736,12.508451395923128,9345.130320706721,9362.946736263786,17.81641555706483
1172,Nylon,0.99,0.002405,mm,Laborbuch_Papier,0.01,0.002405,mm,3.007,0.000289,m,303,50,Hz,,Ref,9526.920057759504,16.741614415143776,10.05499608473533,9510.291859159668,9565.010335428447,54.71847626877934
1173,Nylon,0.99,0.002405,mm,Laborbuch_Papier,0.01,0.002405,mm,3.007,0.000289,m,303,50,Hz,,Ref,9918.83245527109,3.2344396995950935,2.979218945257722,9899.767799662195,9938.392709584723,38.62490992252788
1174,Nylon,0.99,0.002405,mm,Laborbuch_Papier,0.01,0.002405,mm,3.007,0.000289,m,303,50,Hz,,Ref,9987.423840631423,3.2299403664255535,3.0757924819436573,9975.786357218132,9999.728992352886,23.9426351347538
1175,Nylon,0.99,0.002405,mm,Laborbuch_Papier,0.01,0.002405,mm,3.007,0.000289,m,303,50,Hz,,Ref,10074.576683706931,3.6069123407596355,2.411283950436151,9853.896581201489,10215.574422649863,361.67784144837424
1176,Nylon,0.99,0.002405,mm,Laborbuch_Papier,0.01,0.002405,mm,3.007,0.000289,m,303,50,Hz,,Ref,10330.324711633539,2.828281948906728,2.5926620973807757,10257.36526295582,10363.568799989687,106.20353703386718
1177,Nylon,0.99,0.002405,mm,Laborbuch_Papier,0.01,0.002405,mm,3.007,0.000289,m,303,50,Hz,,Ref,10697.422158366302,2.875457884319994,2.5877339518442803,10477.078478680414,10722.354107078678,245.2756283982635
1178,Nylon,0.99,0.002405,mm,Laborbuch_Papier,0.01,0.002405,mm,3.007,0.000289,m,303,50,Hz,,Ref,11153.353636969116,2.8129370778181637,2.2326781434625227,11019.110677801837,11173.198570075165,154.08789227332818
1179,Nylon,0.99,0.002405,mm,Laborbuch_Papier,0.01,0.002405,mm,3.007,0.000289,m,303,50,Hz,,Ref,11227.846383007369,2.4983899653529535,2.1221868597979614,11213.857375758147,11241.247262836396,27.38988707824865
1180,Nylon,0.99,0.002405,mm,Laborbuch_Papier,0.01,0.002405,mm,3.007,0.000289,m,303,50,Hz,,Ref,11288.2764241136,2.1629892567986704,2.049464841933042,11280.243735922602,11301.271080141203,21.027344218600774
1181,Nylon,0.99,0.002405,mm,Laborbuch_Papier,0.01,0.002405,mm,3.007,0.000289,m,303,50,Hz,,Ref,11423.248899924703,11.164055953490001,9.867272332218779,11413.890375121237,11433.274978800164,19.384603678927306
1182,Nylon,0.99,0.002405,mm,Laborbuch_Papier,0.01,0.002405,mm,3.007,0.000289,m,303,50,Hz,,Ref,11485.30512967738,12.699022047183108,9.569069891144203,11460.892092889384,11501.801149777448,40.90905688806379
1183,Nylon,0.99,0.002405,mm,Laborbuch_Papier,0.01,0.002405,mm,3.007,0.000289,m,303,50,Hz,,Ref,11574.790272182598,13.578516900032614,10.319513348127158,11558.278518502113,11588.649834392176,30.37131589006276
1184,Nylon,0.99,0.002405,mm,Laborbuch_Papier,0.01,0.002405,mm,3.007,0.000289,m,303,50,Hz,,Ref,11663.985192785904,15.020231984186637,14.543970429908903,11658.196973169883,11671.123464158727,12.926490988844307
1185,Nylon,0.99,0.002405,mm,Laborbuch_Papier,0.01,0.002405,mm,3.007,0.000289,m,303,50,Hz,,Ref,11699.045003180438,16.69388305411685,8.741273170381607,11635.699598503948,11721.574649173366,85.87505066941776
1186,Nylon,0.99,0.002405,mm,Laborbuch_Papier,0.01,0.002405,mm,3.007,0.000289,m,303,50,Hz,,Ref,11778.587296266518,5.399367943826885,5.145271394615057,11765.858689510113,11786.838793968349,20.980104458236383
1187,Nylon,0.99,0.002405,mm,Laborbuch_Papier,0.01,0.002405,mm,3.007,0.000289,m,303,50,Hz,,Ref,11857.30157454118,3.3722014656428234,3.156456037438362,11840.705733827826,11866.475727789822,25.76999396199608
1188,Nylon,0.99,0.002405,mm,Laborbuch_Papier,0.01,0.002405,mm,3.007,0.000289,m,303,50,Hz,,Ref,12077.220687515972,1.6144946129772415,1.4780740284136211,12065.933483740495,12092.100604029463,26.167120288968363
1189,Nylon,0.99,0.002405,mm,Laborbuch_Papier,0.01,0.002405,mm,3.007,0.000289,m,303,50,Hz,,Ref,12276.157732606851,5.164966825110175,3.2568340584232156,12251.006428361889,12332.830347900855,81.82391953896695
1190,Nylon,0.99,0.002405,mm,Laborbuch_Papier,0.01,0.002405,mm,3.007,0.000289,m,303,50,Hz,,Ref,12484.278889554009,3.7522772112327947,3.310090677329258,12472.323303042056,12499.612231581617,27.28892853956131
1191,Nylon,0.99,0.002405,mm,Laborbuch_Papier,0.01,0.002405,mm,3.007,0.000289,m,303,50,Hz,,Ref,12549.104970033419,3.3822684259406666,3.2534618423641484,12537.61796064302,12561.182490324,23.56452968097983
1192,Nylon,0.99,0.002405,mm,Laborbuch_Papier,0.01,0.002405,mm,3.007,0.000289,m,303,50,Hz,,Ref,12641.818520790279,6.079315822335822,3.831386553077339,12598.842155193037,12707.658230493407,108.81607530037036
1193,Nylon,0.99,0.002405,mm,Laborbuch_Papier,0.01,0.002405,mm,3.007,0.000289,m,303,50,Hz,,Ref,12813.71573853824,4.550022426090456,3.687336277328503,12795.190452835352,12834.045519692725,38.85506685737346
1194,Kupfer,0.8,0.002405,mm,Laborbuch_Papier,0.01,0.002405,mm,3.055,0.000289,m,218,50,Hz,Calib Sign not visible on mes end,Mes,449.7341502213225,0.5666557492804246,0.31417306007665435,447.8794266461295,454.22981792390743,6.3503912777779306
1195,Kupfer,0.8,0.002405,mm,Laborbuch_Papier,0.01,0.002405,mm,3.055,0.000289,m,218,50,Hz,Calib Sign not visible on mes end,Mes,474.78451168732596,0.36335114617741016,0.25896888922546596,472.77372090438786,477.4721392816184,4.698418377230553
1196,Kupfer,0.8,0.002405,mm,Laborbuch_Papier,0.01,0.002405,mm,3.055,0.000289,m,218,50,Hz,Calib Sign not visible on mes end,Mes,483.4545922479184,0.381115590634745,0.23171504450362385,482.4937979012725,484.67086424757713,2.1770663463046276
1197,Kupfer,0.8,0.002405,mm,Laborbuch_Papier,0.01,0.002405,mm,3.055,0.000289,m,218,50,Hz,Calib Sign not visible on mes end,Mes,519.2476074135828,1.4398899818182838,0.8104044680192019,509.71591620828997,523.7424201395645,14.026503931274533
1198,Kupfer,0.8,0.002405,mm,Laborbuch_Papier,0.01,0.002405,mm,3.055,0.000289,m,218,50,Hz,Calib Sign not visible on mes end,Mes,528.8659589493201,1.0736879961072276,0.8603963410894873,527.0883391406713,529.8334618601476,2.745122719476285
1199,Kupfer,0.8,0.002405,mm,Laborbuch_Papier,0.01,0.002405,mm,3.055,0.000289,m,218,50,Hz,Calib Sign not visible on mes end,Mes,534.7387405003784,0.9829818130927679,0.6856392245003505,532.47403366136,536.1211638252475,3.6471301638875957
1200,Kupfer,0.8,0.002405,mm,Laborbuch_Papier,0.01,0.002405,mm,3.055,0.000289,m,218,50,Hz,Calib Sign not visible on mes end,Mes,541.3387189470411,0.9254696745860582,0.5911608199817346,539.6998162265462,542.656764599885,2.9569483733388324
1201,Kupfer,0.8,0.002405,mm,Laborbuch_Papier,0.01,0.002405,mm,3.055,0.000289,m,218,50,Hz,Calib Sign not visible on mes end,Mes,547.6491534820001,0.856629489940213,0.5793222024007325,546.6848774179086,548.6531293310445,1.968251913135873
1202,Kupfer,0.8,0.002405,mm,Laborbuch_Papier,0.01,0.002405,mm,3.055,0.000289,m,218,50,Hz,Calib Sign not visible on mes end,Mes,554.6730665561909,0.9543806037470768,0.6347229405233017,553.6026876782103,555.8995022288544,2.2968145506441715
1203,Kupfer,0.8,0.002405,mm,Laborbuch_Papier,0.01,0.002405,mm,3.055,0.000289,m,218,50,Hz,Calib Sign not visible on mes end,Mes,561.020199092365,0.9680899346762578,0.8052557597586985,560.2953406960529,561.7568028688527,1.46146217279977
1204,Kupfer,0.8,0.002405,mm,Laborbuch_Papier,0.01,0.002405,mm,3.055,0.000289,m,218,50,Hz,Calib Sign not visible on mes end,Mes,578.8701946424133,2.256211616519294,1.4526920658093128,575.1181093909885,581.117532862195,5.999423471206569
1205,Kupfer,0.8,0.002405,mm,Laborbuch_Papier,0.01,0.002405,mm,3.055,0.000289,m,218,50,Hz,Calib Sign not visible on mes end,Mes,584.8254910978075,1.7091514115329707,1.4416411375641829,583.6991716306782,585.908892621374,2.209720990695814
1206,Kupfer,0.8,0.002405,mm,Laborbuch_Papier,0.01,0.002405,mm,3.055,0.000289,m,218,50,Hz,Calib Sign not visible on mes end,Mes,594.8912598059412,2.6521702339190787,1.5144383163147277,592.5587330785818,597.8307607500611,5.27202767147935
1207,Kupfer,0.8,0.002405,mm,Laborbuch_Papier,0.01,0.002405,mm,3.055,0.000289,m,218,50,Hz,Calib Sign not visible on mes end,Mes,601.0876979994945,2.1769847345242574,1.8057835299126488,599.7546439954758,602.273062132893,2.518418137417143
1208,Kupfer,0.8,0.002405,mm,Laborbuch_Papier,0.01,0.002405,mm,3.055,0.000289,m,218,50,Hz,Calib Sign not visible on mes end,Mes,609.9107189823617,1.4489650181832083,0.9609067225282275,608.560439478362,611.256938416045,2.6964989376830317
1209,Kupfer,0.8,0.002405,mm,Laborbuch_Papier,0.01,0.002405,mm,3.055,0.000289,m,218,50,Hz,Calib Sign not visible on mes end,Mes,615.8463973520753,1.684743238716317,1.2294341472160415,614.7644081456984,616.7949965860042,2.0305884403057917
1210,Kupfer,0.8,0.002405,mm,Laborbuch_Papier,0.01,0.002405,mm,3.055,0.000289,m,218,50,Hz,Calib Sign not visible on mes end,Mes,620.4536029767471,2.2320146538449404,2.1221879215670505,619.8761207769928,621.1057059700398,1.2295851930470008
1211,Kupfer,0.8,0.002405,mm,Laborbuch_Papier,0.01,0.002405,mm,3.055,0.000289,m,218,50,Hz,Calib Sign not visible on mes end,Mes,624.2227750442697,3.15322028027783,1.5808805491987208,618.9632699414718,628.6603802135832,9.697110272111331
1212,Kupfer,0.8,0.002405,mm,Laborbuch_Papier,0.01,0.002405,mm,3.055,0.000289,m,218,50,Hz,Calib Sign not visible on mes end,Mes,633.3415151599529,1.0450756929911902,0.9047710742540671,632.5718937420069,634.0632756832874,1.4913819412805651
1213,Kupfer,0.8,0.002405,mm,Laborbuch_Papier,0.01,0.002405,mm,3.055,0.000289,m,218,50,Hz,Calib Sign not visible on mes end,Mes,638.136076061074,0.9019975419960146,0.6305449735762929,637.0443400010719,643.4594533142149,6.415113313143024
1214,Kupfer,0.8,0.002405,mm,Laborbuch_Papier,0.01,0.002405,mm,3.055,0.000289,m,218,50,Hz,Calib Sign not visible on mes end,Mes,652.3067791992846,0.4838701746733755,0.33439411967219207,650.9002064215781,653.4422714120816,2.5420649905034907
1215,Kupfer,0.8,0.002405,mm,Laborbuch_Papier,0.01,0.002405,mm,3.055,0.000289,m,218,50,Hz,Calib Sign not visible on mes end,Mes,674.0694393661864,0.9229843483023669,0.5307680581462408,670.4996113589646,677.9060328359483,7.4064214769837236
1216,Kupfer,0.8,0.002405,mm,Laborbuch_Papier,0.01,0.002405,mm,3.055,0.000289,m,218,50,Hz,Calib Sign not visible on mes end,Mes,686.6560473970773,0.39499718787621396,0.28029304911397945,682.6911224499974,692.717284116759,10.026161666761595
1217,Kupfer,0.8,0.002405,mm,Laborbuch_Papier,0.01,0.002405,mm,3.055,0.000289,m,218,50,Hz,Calib Sign not visible on mes end,Mes,699.130565915849,0.3619090739624239,0.24878396900189995,698.0311651983122,700.320618179292,2.2894529809797177
1218,Kupfer,0.8,0.002405,mm,Laborbuch_Papier,0.01,0.002405,mm,3.055,0.000289,m,218,50,Hz,Calib Sign not visible on mes end,Mes,722.3914554958193,0.31091519762417247,0.19403697195208905,717.6870103034444,726.561789914146,8.87477961070158
1219,Kupfer,0.8,0.002405,mm,Laborbuch_Papier,0.01,0.002405,mm,3.055,0.000289,m,218,50,Hz,Calib Sign not visible on mes end,Mes,741.4140786641054,0.49365798295890745,0.3081337976628314,738.4445326062446,747.0468984402656,8.602365834021043
1220,Kupfer,0.8,0.002405,mm,Laborbuch_Papier,0.01,0.002405,mm,3.055,0.000289,m,218,50,Hz,Calib Sign not visible on mes end,Mes,756.4797357159625,0.5110485350939317,0.3426291303855663,754.8398206651301,758.0648731660762,3.225052500946049
1221,Kupfer,0.8,0.002405,mm,Laborbuch_Papier,0.01,0.002405,mm,3.055,0.000289,m,218,50,Hz,Calib Sign not visible on mes end,Mes,775.9131975407812,0.5250697722254358,0.3111939254947804,771.1984157771408,781.0473998931819,9.848984116041152
1222,Kupfer,0.8,0.002405,mm,Laborbuch_Papier,0.01,0.002405,mm,3.055,0.000289,m,218,50,Hz,Calib Sign not visible on mes end,Mes,790.9978161132199,0.7940436261026241,0.4419936417245836,786.8208531357018,793.3204631093913,6.49960997368953
1223,Kupfer,0.8,0.002405,mm,Laborbuch_Papier,0.01,0.002405,mm,3.055,0.000289,m,218,50,Hz,Calib Sign not visible on mes end,Mes,798.9232948987094,0.704739888106581,0.44379376038400403,796.7283179713028,803.9777032901567,7.249385318853911
1224,Kupfer,0.8,0.002405,mm,Laborbuch_Papier,0.01,0.002405,mm,3.055,0.000289,m,218,50,Hz,Calib Sign not visible on mes end,Mes,811.3773411537796,0.5857729787249248,0.41879712232088373,809.0765411907432,813.5907617441624,4.514220553419136
1225,Kupfer,0.8,0.002405,mm,Laborbuch_Papier,0.01,0.002405,mm,3.055,0.000289,m,218,50,Hz,Calib Sign not visible on mes end,Mes,855.6325356689715,1.0850004895796328,0.6265112384249156,847.1803470052813,860.5985561437403,13.41820913845902
1226,Kupfer,0.8,0.002405,mm,Laborbuch_Papier,0.01,0.002405,mm,3.055,0.000289,m,218,50,Hz,Calib Sign not visible on mes end,Mes,879.9023141351882,2.159428966575285,1.1134247648788986,871.4048349258582,885.1999154838124,13.795080557954293
1227,Kupfer,0.8,0.002405,mm,Laborbuch_Papier,0.01,0.002405,mm,3.055,0.000289,m,218,50,Hz,Calib Sign not visible on mes end,Mes,898.8536136045753,0.3618296338923978,0.2582203822960172,897.3089313120435,905.4247176435076,8.115786331464165
1228,Kupfer,0.8,0.002405,mm,Laborbuch_Papier,0.01,0.002405,mm,3.055,0.000289,m,218,50,Hz,Calib Sign not visible on mes end,Mes,924.1110749667912,0.5562827658449364,0.4558872813996062,920.6045900640909,929.8394099371048,9.234819873013976
1229,Kupfer,0.8,0.002405,mm,Laborbuch_Papier,0.01,0.002405,mm,3.055,0.000289,m,218,50,Hz,Calib Sign not visible on mes end,Mes,936.8785374417658,0.7409716992603325,0.44381738883814115,933.47445279126,939.8609642398286,6.386511448568626
1230,Kupfer,0.8,0.002405,mm,Laborbuch_Papier,0.01,0.002405,mm,3.055,0.000289,m,218,50,Hz,Calib Sign not visible on mes end,Mes,944.563194089432,0.5520964410023799,0.42868841143275516,942.8492572598132,946.2001451452281,3.350887885414977
1231,Kupfer,0.8,0.002405,mm,Laborbuch_Papier,0.01,0.002405,mm,3.055,0.000289,m,218,50,Hz,Calib Sign not visible on mes end,Mes,952.3621854336982,0.42035114422260245,0.30006230100790454,950.2537536594198,954.3430887887662,4.089335129346409
1232,Kupfer,0.8,0.002405,mm,Laborbuch_Papier,0.01,0.002405,mm,3.055,0.000289,m,218,50,Hz,Calib Sign not visible on mes end,Mes,966.6425936078451,0.3284472148053769,0.2055762036300805,964.2427943952026,968.9439664532516,4.701172058048996
1233,Kupfer,0.8,0.002405,mm,Laborbuch_Papier,0.01,0.002405,mm,3.055,0.000289,m,218,50,Hz,Calib Sign not visible on mes end,Mes,1013.2035470029459,0.39997520796551045,0.23958088668400856,1006.7911731321651,1020.2454521259049,13.454278993739763
1234,Kupfer,0.8,0.002405,mm,Laborbuch_Papier,0.01,0.002405,mm,3.055,0.000289,m,218,50,Hz,Calib Sign not visible on mes end,Mes,1110.1588930494258,0.38019062656784064,0.21140000018849966,1093.4511047879744,1115.65304108628,22.201936298305554
1235,Kupfer,0.8,0.002405,mm,Laborbuch_Papier,0.01,0.002405,mm,3.055,0.000289,m,218,50,Hz,Calib Sign not visible on mes end,Mes,2202.7314424225497,0.25403642817034233,0.13211493352549644,2161.747422607827,2211.53834452347,49.79092191564314
1236,Kupfer,0.8,0.002405,mm,Laborbuch_Papier,0.01,0.002405,mm,3.055,0.000289,m,218,50,Hz,Calib Sign not visible on mes end,Mes,3187.6696178418374,0.2216602569379425,0.11605733938003558,3161.906108501088,3228.7396500360096,66.83354153492155
1237,Kupfer,0.8,0.002405,mm,Laborbuch_Papier,0.01,0.002405,mm,3.055,0.000289,m,218,50,Hz,Calib Sign not visible on mes end,Mes,3899.19571985321,0.3305299076290863,0.17229397397473445,3886.4337107276024,3920.58910114475,34.15539041714783
1238,Kupfer,0.8,0.002405,mm,Laborbuch_Papier,0.01,0.002405,mm,3.055,0.000289,m,218,50,Hz,Calib Sign not visible on mes end,Mes,4395.918292781698,0.6962058838093419,0.3533417553581823,4363.108319087585,4411.184936092027,48.07661700444169
1239,Kupfer,0.8,0.002405,mm,Laborbuch_Papier,0.01,0.002405,mm,3.055,0.000289,m,218,50,Hz,Calib Sign not visible on mes end,Mes,10325.277776818455,0.24870433592812546,0.13352758195096864,10229.616955356087,10425.844074991768,196.22711963568145
1240,Kupfer,0.8,0.002405,mm,Laborbuch_Papier,0.01,0.002405,mm,3.055,0.000289,m,218,50,Hz,Calib Sign not visible on mes end,Ref,556.22258627846,2.288650774102067,1.6850071060999001,522.6372030978299,577.4997439393654,54.86254084153552
1241,Kupfer,0.8,0.002405,mm,Laborbuch_Papier,0.01,0.002405,mm,3.055,0.000289,m,218,50,Hz,Calib Sign not visible on mes end,Ref,847.8390841376031,1.5509015493620881,1.303773600202661,840.543433791701,854.6618492456406,14.118415453939633
1242,Kupfer,0.8,0.002405,mm,Laborbuch_Papier,0.01,0.002405,mm,3.055,0.000289,m,218,50,Hz,Calib Sign not visible on mes end,Ref,875.7578315161281,1.4413566948586458,1.275225725000534,864.8642921201247,882.7033647906126,17.839072670487894
1243,Kupfer,0.8,0.002405,mm,Laborbuch_Papier,0.01,0.002405,mm,3.055,0.000289,m,218,50,Hz,Calib Sign not visible on mes end,Ref,917.6514895517261,1.818977945287643,1.3963886576135827,905.2609881018891,942.9254467761067,37.6644586742176
1244,Kupfer,0.8,0.002405,mm,Laborbuch_Papier,0.01,0.002405,mm,3.055,0.000289,m,218,50,Hz,Calib Sign not visible on mes end,Ref,969.5220305398117,1.9320170731227546,1.8147276027089616,963.6307983716716,973.559416343368,9.928617971696326
1245,Kupfer,0.8,0.002405,mm,Laborbuch_Papier,0.01,0.002405,mm,3.055,0.000289,m,218,50,Hz,Calib Sign not visible on mes end,Ref,1001.6288384419363,2.82184840994441,1.7912068070464517,984.9348154305504,1030.0595786476733,45.124763217122904
1246,Kupfer,0.8,0.002405,mm,Laborbuch_Papier,0.01,0.002405,mm,3.055,0.000289,m,218,50,Hz,Calib Sign not visible on mes end,Ref,1024.963280818778,2.243748442739393,2.0553554057743963,1021.5339055113077,1027.4351296586135,5.901224147305811
1247,Kupfer,0.8,0.002405,mm,Laborbuch_Papier,0.01,0.002405,mm,3.055,0.000289,m,218,50,Hz,Calib Sign not visible on mes end,Ref,1050.287133516581,1.8051966665516244,1.448966871642718,1044.5038084839482,1054.7054905537877,10.201682069839535
1248,Kupfer,0.8,0.002405,mm,Laborbuch_Papier,0.01,0.002405,mm,3.055,0.000289,m,218,50,Hz,Calib Sign not visible on mes end,Ref,1144.90800291474,1.2225704191777393,1.0584165153162117,1136.209683469144,1162.3304843305432,26.120800861399175
1249,Kupfer,0.8,0.002405,mm,Laborbuch_Papier,0.01,0.002405,mm,3.055,0.000289,m,218,50,Hz,Calib Sign not visible on mes end,Ref,1180.4903976707596,1.1865202129097039,1.0430786964632752,1173.628788682618,1199.7554843323874,26.126695649769317
1250,Kupfer,0.8,0.002405,mm,Laborbuch_Papier,0.01,0.002405,mm,3.055,0.000289,m,218,50,Hz,Calib Sign not visible on mes end,Ref,1252.8118344536451,1.4029574808010616,1.2071772993338676,1234.2088055029913,1266.099922322406,31.89111681941472
1251,Kupfer,0.8,0.002405,mm,Laborbuch_Papier,0.01,0.002405,mm,3.055,0.000289,m,218,50,Hz,Calib Sign not visible on mes end,Ref,1307.8017705980574,1.40210642332344,1.2200459329945263,1302.493535525189,1312.4547504407005,9.961214915511619
1252,Kupfer,0.8,0.002405,mm,Laborbuch_Papier,0.01,0.002405,mm,3.055,0.000289,m,218,50,Hz,Calib Sign not visible on mes end,Ref,1342.5446663242901,1.9578402380103728,1.8347800291076546,1339.8662465855075,1346.4246770755187,6.558430490011233
1253,Kupfer,0.8,0.002405,mm,Laborbuch_Papier,0.01,0.002405,mm,3.055,0.000289,m,218,50,Hz,Calib Sign not visible on mes end,Ref,1354.984576164291,2.0274053639399896,1.5470599394361693,1337.4504598688204,1363.3785428618016,25.928082992981217
1254,Kupfer,0.8,0.002405,mm,Laborbuch_Papier,0.01,0.002405,mm,3.055,0.000289,m,218,50,Hz,Calib Sign not visible on mes end,Ref,1377.457699669315,1.3793459140075663,1.2343761263582433,1372.7749773538198,1380.0466398451956,7.271662491375764
1255,Kupfer,0.8,0.002405,mm,Laborbuch_Papier,0.01,0.002405,mm,3.055,0.000289,m,218,50,Hz,Calib Sign not visible on mes end,Ref,1407.861875004102,2.0170347743525494,1.85217726360003,1405.155870853624,1410.9639351132842,5.808064259660114
1256,Kupfer,0.8,0.002405,mm,Laborbuch_Papier,0.01,0.002405,mm,3.055,0.000289,m,218,50,Hz,Calib Sign not visible on mes end,Ref,1424.5200863255936,2.2327118486565554,1.6248547082741083,1397.794931423619,1447.6395087436324,49.844577320013514
1257,Kupfer,0.8,0.002405,mm,Laborbuch_Papier,0.01,0.002405,mm,3.055,0.000289,m,218,50,Hz,Calib Sign not visible on mes end,Ref,1488.4436500780967,2.507426779156951,1.8965879148018545,1469.0185799909523,1503.2589184451137,34.240338454161474
1258,Kupfer,0.8,0.002405,mm,Laborbuch_Papier,0.01,0.002405,mm,3.055,0.000289,m,218,50,Hz,Calib Sign not visible on mes end,Ref,1549.1377344479629,3.1663070149502257,2.341652296052004,1540.2044758808074,1553.0888286377942,12.8843527569868
1259,Kupfer,0.8,0.002405,mm,Laborbuch_Papier,0.01,0.002405,mm,3.055,0.000289,m,218,50,Hz,Calib Sign not visible on mes end,Ref,1597.9716230367833,3.6866045025229535,2.617262256266672,1593.9186121867303,1602.3986784811043,8.480066294373955
1260,Kupfer,0.8,0.002405,mm,Laborbuch_Papier,0.01,0.002405,mm,3.055,0.000289,m,218,50,Hz,Calib Sign not visible on mes end,Ref,1624.1623077640131,2.864479879165374,2.411304602192786,1620.4979888247394,1627.6845922630437,7.186603438304246
1261,Kupfer,0.8,0.002405,mm,Laborbuch_Papier,0.01,0.002405,mm,3.055,0.000289,m,218,50,Hz,Calib Sign not visible on mes end,Ref,1670.4883096327767,5.521783463947143,3.114174435314018,1665.8603183982602,1678.88471001372,13.024391615459763
1262,Kupfer,0.8,0.002405,mm,Laborbuch_Papier,0.01,0.002405,mm,3.055,0.000289,m,218,50,Hz,Calib Sign not visible on mes end,Ref,1725.589274367971,2.2196671616814396,2.1175011445200562,1723.3067018143875,1727.7020160239808,4.39531420959338
1263,Kupfer,0.8,0.002405,mm,Laborbuch_Papier,0.01,0.002405,mm,3.055,0.000289,m,218,50,Hz,Calib Sign not visible on mes end,Ref,1736.7401366750282,2.7340298566453534,2.386116579430322,1733.5687606511626,1740.1382604338335,6.569499782670846
1264,Kupfer,0.8,0.002405,mm,Laborbuch_Papier,0.01,0.002405,mm,3.055,0.000289,m,218,50,Hz,Calib Sign not visible on mes end,Ref,1753.5342090813663,2.7779832030708236,1.9354528658596362,1721.4179041378065,1760.4638532767951,39.04594913898859
1265,Kupfer,0.8,0.002405,mm,Laborbuch_Papier,0.01,0.002405,mm,3.055,0.000289,m,218,50,Hz,Calib Sign not visible on mes end,Ref,1781.3284197190412,1.7054706212923938,1.4347467062586916,1777.5557272700082,1795.8981334402063,18.342406170198046
1266,Kupfer,0.8,0.002405,mm,Laborbuch_Papier,0.01,0.002405,mm,3.055,0.000289,m,218,50,Hz,Calib Sign not visible on mes end,Ref,1815.3166955047002,2.8125369686558592,2.0468073815993355,1809.6676260294828,1820.577047870467,10.909421840984123
1267,Kupfer,0.8,0.002405,mm,Laborbuch_Papier,0.01,0.002405,mm,3.055,0.000289,m,218,50,Hz,Calib Sign not visible on mes end,Ref,1852.3824146937184,2.156155600700588,1.8122106599309702,1846.0567534084946,1859.0802363225278,13.023482914033139
1268,Kupfer,0.8,0.002405,mm,Laborbuch_Papier,0.01,0.002405,mm,3.055,0.000289,m,218,50,Hz,Calib Sign not visible on mes end,Ref,1899.296417251401,2.920692543462599,1.9389750979757558,1891.3690225366631,1905.1666255139683,13.797602977305132
1269,Kupfer,0.8,0.002405,mm,Laborbuch_Papier,0.01,0.002405,mm,3.055,0.000289,m,218,50,Hz,Calib Sign not visible on mes end,Ref,1918.0313673664825,2.269439564931449,2.0847416643531496,1914.2342955533502,1920.7048839998274,6.4705884464772225
1270,Kupfer,0.8,0.002405,mm,Laborbuch_Papier,0.01,0.002405,mm,3.055,0.000289,m,218,50,Hz,Calib Sign not visible on mes end,Ref,1941.0173030908834,1.844419198554789,1.6567691796179744,1938.2334729733727,1943.0498553054063,4.816382332033527
1271,Kupfer,0.8,0.002405,mm,Laborbuch_Papier,0.01,0.002405,mm,3.055,0.000289,m,218,50,Hz,Calib Sign not visible on mes end,Ref,1977.7024053890184,1.8666144520456935,1.3950525465475423,1970.0844188083315,1989.7013689872535,19.616950178922025
1272,Kupfer,0.8,0.002405,mm,Laborbuch_Papier,0.01,0.002405,mm,3.055,0.000289,m,218,50,Hz,Calib Sign not visible on mes end,Ref,2029.3592288410146,2.281404929508971,1.4967165096827388,2022.9117527731041,2042.0880116990886,19.176258925984484
1273,Kupfer,0.8,0.002405,mm,Laborbuch_Papier,0.01,0.002405,mm,3.055,0.000289,m,218,50,Hz,Calib Sign not visible on mes end,Ref,2078.4188450694246,2.92054873381954,1.9978083386611862,2066.990098925544,2096.144278832969,29.15417990742526
1274,Kupfer,0.8,0.002405,mm,Laborbuch_Papier,0.01,0.002405,mm,3.055,0.000289,m,218,50,Hz,Calib Sign not visible on mes end,Ref,2093.1057478348293,2.7407532687156704,2.422492626333687,2090.6668322734813,2094.878360287873,4.211528014391661
1275,Kupfer,0.8,0.002405,mm,Laborbuch_Papier,0.01,0.002405,mm,3.055,0.000289,m,218,50,Hz,Calib Sign not visible on mes end,Ref,2126.5850415518703,2.175396869904201,1.790296046483006,2118.947923990222,2130.4262125330997,11.478288542877635
1276,Kupfer,0.8,0.002405,mm,Laborbuch_Papier,0.01,0.002405,mm,3.055,0.000289,m,218,50,Hz,Calib Sign not visible on mes end,Ref,2155.459827226905,4.1076757104994055,3.0051546019944055,2150.6961367082868,2161.6975149373716,11.001378229084821
1277,Kupfer,0.8,0.002405,mm,Laborbuch_Papier,0.01,0.002405,mm,3.055,0.000289,m,218,50,Hz,Calib Sign not visible on mes end,Ref,2178.1543213940845,2.9947604388690756,2.4954263928206077,2175.0471249104125,2188.672864969545,13.625740059132568
1278,Kupfer,0.8,0.002405,mm,Laborbuch_Papier,0.01,0.002405,mm,3.055,0.000289,m,218,50,Hz,Calib Sign not visible on mes end,Ref,2208.468501345966,2.974503872227237,2.6713693713919,2199.860039476019,2211.7340746330415,11.874035157022263
1279,Kupfer,0.8,0.002405,mm,Laborbuch_Papier,0.01,0.002405,mm,3.055,0.000289,m,218,50,Hz,Calib Sign not visible on mes end,Ref,2230.9913152865934,9.208469434824542,5.10019988701578,2225.8123099568847,2239.799163631062,13.986853674177382
1280,Kupfer,0.8,0.002405,mm,Laborbuch_Papier,0.01,0.002405,mm,3.055,0.000289,m,218,50,Hz,Calib Sign not visible on mes end,Ref,2251.819457434359,3.0481299994075783,2.6804732541326697,2249.4033247185803,2254.030020661985,4.626695943404684
1281,Kupfer,0.8,0.002405,mm,Laborbuch_Papier,0.01,0.002405,mm,3.055,0.000289,m,218,50,Hz,Calib Sign not visible on mes end,Ref,2298.487573816479,11.70411105400861,6.725260835025069,2293.6460616046384,2303.933194033454,10.287132428815767
1282,Kupfer,0.8,0.002405,mm,Laborbuch_Papier,0.01,0.002405,mm,3.055,0.000289,m,218,50,Hz,Calib Sign not visible on mes end,Ref,2327.250489472652,2.9222124046040805,2.729925842774412,2325.478100641153,2329.409613880045,3.9315132388919665
1283,Kupfer,0.8,0.002405,mm,Laborbuch_Papier,0.01,0.002405,mm,3.055,0.000289,m,218,50,Hz,Calib Sign not visible on mes end,Ref,2351.5727641306976,12.159519869395352,6.670395067646323,2347.9380961914912,2356.6997718277935,8.761675636302243
1284,Kupfer,0.8,0.002405,mm,Laborbuch_Papier,0.01,0.002405,mm,3.055,0.000289,m,218,50,Hz,Calib Sign not visible on mes end,Ref,2376.5424152868018,5.884639461068613,5.4667581312100655,2369.3383173934176,2379.1408830797805,9.802565686362868
1285,Kupfer,0.8,0.002405,mm,Laborbuch_Papier,0.01,0.002405,mm,3.055,0.000289,m,218,50,Hz,Calib Sign not visible on mes end,Ref,2422.5306485626325,4.72852039935551,3.6460296910779837,2407.773252998843,2427.0931487702037,19.319895771360734
1286,Kupfer,0.8,0.002405,mm,Laborbuch_Papier,0.01,0.002405,mm,3.055,0.000289,m,218,50,Hz,Calib Sign not visible on mes end,Ref,2436.993999923206,3.0821854281992804,2.863366665383735,2434.5477939645143,2440.0247003027393,5.476906338225035
1287,Kupfer,0.8,0.002405,mm,Laborbuch_Papier,0.01,0.002405,mm,3.055,0.000289,m,218,50,Hz,Calib Sign not visible on mes end,Ref,2450.1291415127157,3.515633150180073,3.0322601071099147,2446.360967906365,2454.809738630128,8.448770723762664
1288,Kupfer,0.8,0.002405,mm,Laborbuch_Papier,0.01,0.002405,mm,3.055,0.000289,m,218,50,Hz,Calib Sign not visible on mes end,Ref,2494.6695706381824,4.435823055531555,4.233528910605973,2493.038262406381,2496.6861899074293,3.6479275010483434
1289,Kupfer,0.8,0.002405,mm,Laborbuch_Papier,0.01,0.002405,mm,3.055,0.000289,m,218,50,Hz,Calib Sign not visible on mes end,Ref,2506.6587288188202,5.225539569196345,3.298024255316748,2490.63163381448,2512.0851974829725,21.45356366849228
1290,Kupfer,0.8,0.002405,mm,Laborbuch_Papier,0.01,0.002405,mm,3.055,0.000289,m,218,50,Hz,Calib Sign not visible on mes end,Ref,2533.772302981568,2.833290911915941,2.6290269709448157,2531.287392031489,2542.5327413728746,11.245349341385463
1291,Kupfer,0.8,0.002405,mm,Laborbuch_Papier,0.01,0.002405,mm,3.055,0.000289,m,218,50,Hz,Calib Sign not visible on mes end,Ref,2575.3007197577485,10.989304884313084,6.719568193812832,2570.1629120898747,2580.0615908474933,9.898678757618654
1292,Kupfer,0.8,0.002405,mm,Laborbuch_Papier,0.01,0.002405,mm,3.055,0.000289,m,218,50,Hz,Calib Sign not visible on mes end,Ref,2599.3632776389722,3.6672374045744283,3.402360340935094,2595.85497569807,2601.8449360560435,5.989960357973359
1293,Kupfer,0.8,0.002405,mm,Laborbuch_Papier,0.01,0.002405,mm,3.055,0.000289,m,218,50,Hz,Calib Sign not visible on mes end,Ref,2623.055107170538,5.131272878911712,3.971312446013129,2611.63449414443,2627.1763161455874,15.54182200115747
1294,Kupfer,0.8,0.002405,mm,Laborbuch_Papier,0.01,0.002405,mm,3.055,0.000289,m,218,50,Hz,Calib Sign not visible on mes end,Ref,2652.488942869646,17.654474641052754,10.178926466608186,2648.389169021776,2656.44173572082,8.052566699043837
1295,Kupfer,0.8,0.002405,mm,Laborbuch_Papier,0.01,0.002405,mm,3.055,0.000289,m,218,50,Hz,Calib Sign not visible on mes end,Ref,2670.687742072867,4.028157522238336,3.875379371885709,2668.2225546068903,2672.805511035349,4.582956428458601
1296,Kupfer,0.8,0.002405,mm,Laborbuch_Papier,0.01,0.002405,mm,3.055,0.000289,m,218,50,Hz,Calib Sign not visible on mes end,Ref,2711.6520027540496,6.154333461730488,4.585849338730983,2699.025073610966,2718.620406862652,19.595333251686043
1297,Kupfer,0.8,0.002405,mm,Laborbuch_Papier,0.01,0.002405,mm,3.055,0.000289,m,218,50,Hz,Calib Sign not visible on mes end,Ref,2729.1118543667017,3.9550589084225174,3.798744208702623,2726.823560455993,2731.402068566313,4.5785081103199445
1298,Kupfer,0.8,0.002405,mm,Laborbuch_Papier,0.01,0.002405,mm,3.055,0.000289,m,218,50,Hz,Calib Sign not visible on mes end,Ref,2756.827701737468,7.7450215994736,5.22824256421999,2745.1943331943057,2762.795741568321,17.601408374015136
1299,Kupfer,0.8,0.002405,mm,Laborbuch_Papier,0.01,0.002405,mm,3.055,0.000289,m,218,50,Hz,Calib Sign not visible on mes end,Ref,2805.539812288157,16.763014960401907,10.44833733408826,2798.9947443179312,2811.288765397685,12.294021079753747
1300,Kupfer,0.8,0.002405,mm,Laborbuch_Papier,0.01,0.002405,mm,3.055,0.000289,m,218,50,Hz,Calib Sign not visible on mes end,Ref,2822.4419015583044,11.170695494879237,10.418360161950776,2820.6396703017463,2824.4735052146157,3.8338349128694063
1301,Kupfer,0.8,0.002405,mm,Laborbuch_Papier,0.01,0.002405,mm,3.055,0.000289,m,218,50,Hz,Calib Sign not visible on mes end,Ref,2832.4510672651927,11.85602084305516,9.863135780023805,2828.399615419375,2835.6243932151324,7.224777795757291
1302,Kupfer,0.8,0.002405,mm,Laborbuch_Papier,0.01,0.002405,mm,3.055,0.000289,m,218,50,Hz,Calib Sign not visible on mes end,Ref,2861.888046454419,9.752666246050046,9.128894407305939,2859.5764469413375,2865.127425410621,5.550978469283564
1303,Kupfer,0.8,0.002405,mm,Laborbuch_Papier,0.01,0.002405,mm,3.055,0.000289,m,218,50,Hz,Calib Sign not visible on mes end,Ref,2879.683581616906,13.440920019127981,9.99006876018031,2873.3303709082797,2883.409050438874,10.0786795305944
1304,Kupfer,0.8,0.002405,mm,Laborbuch_Papier,0.01,0.002405,mm,3.055,0.000289,m,218,50,Hz,Calib Sign not visible on mes end,Ref,2900.467754921492,30.640575417187208,15.485596796512624,2895.1490727623127,2908.4025529176724,13.253480155359739
1305,Kupfer,0.8,0.002405,mm,Laborbuch_Papier,0.01,0.002405,mm,3.055,0.000289,m,218,50,Hz,Calib Sign not visible on mes end,Ref,2954.7861078393516,16.69453969851178,11.18974958122483,2949.2656840672003,2966.9994059821806,17.73372191498038
1306,Kupfer,0.8,0.002405,mm,Laborbuch_Papier,0.01,0.002405,mm,3.055,0.000289,m,218,50,Hz,Calib Sign not visible on mes end,Ref,2997.857783946232,6.251125994156634,6.1118116408111876,2995.0675519299816,3000.361979257967,5.2944273279854315
1307,Kupfer,0.8,0.002405,mm,Laborbuch_Papier,0.01,0.002405,mm,3.055,0.000289,m,218,50,Hz,Calib Sign not visible on mes end,Ref,3016.405939498401,10.157513244814687,8.336640899347618,3012.694105630954,3021.040539103324,8.346433472370336
1308,Kupfer,0.8,0.002405,mm,Laborbuch_Papier,0.01,0.002405,mm,3.055,0.000289,m,218,50,Hz,Calib Sign not visible on mes end,Ref,3046.5470499501075,10.170382476384512,8.229609073693586,3036.669222443702,3056.3276432122707,19.658420768568703
1309,Kupfer,0.8,0.002405,mm,Laborbuch_Papier,0.01,0.002405,mm,3.055,0.000289,m,218,50,Hz,Calib Sign not visible on mes end,Ref,3073.865238319573,7.7671964837698715,7.431539895971811,3071.181518723013,3076.7999122096144,5.618393486601235
1310,Kupfer,0.8,0.002405,mm,Laborbuch_Papier,0.01,0.002405,mm,3.055,0.000289,m,218,50,Hz,Calib Sign not visible on mes end,Ref,3096.360677258917,22.39376605119925,13.590872478627405,3088.1388477257387,3102.3712986818878,14.232450956149023
1311,Kupfer,0.8,0.002405,mm,Laborbuch_Papier,0.01,0.002405,mm,3.055,0.000289,m,218,50,Hz,Calib Sign not visible on mes end,Ref,3153.7407926573765,18.206011389741466,11.454135476417088,3145.0035362155413,3164.949192870334,19.945656654792856
1312,Kupfer,0.8,0.002405,mm,Laborbuch_Papier,0.01,0.002405,mm,3.055,0.000289,m,218,50,Hz,Calib Sign not visible on mes end,Ref,3179.768103845265,5.597836926040516,5.429430119491165,3177.823299842668,3181.481495225778,3.658195383110069
1313,Kupfer,0.8,0.002405,mm,Laborbuch_Papier,0.01,0.002405,mm,3.055,0.000289,m,218,50,Hz,Calib Sign not visible on mes end,Ref,3214.051140038377,3.6278840133417893,3.3406075269856315,3209.3921124527137,3218.0977365179333,8.705624065219581
1314,Kupfer,0.8,0.002405,mm,Laborbuch_Papier,0.01,0.002405,mm,3.055,0.000289,m,218,50,Hz,Calib Sign not visible on mes end,Ref,3232.7923005686393,3.19873248333762,3.0608311911865274,3228.6526856710443,3235.85380281558,7.201117144535601
1315,Kupfer,0.8,0.002405,mm,Laborbuch_Papier,0.01,0.002405,mm,3.055,0.000289,m,218,50,Hz,Calib Sign not visible on mes end,Ref,3260.4880633387024,1.9929623793929232,1.7025614054349054,3255.7366665171626,3272.23952280882,16.50285629165728
1316,Kupfer,0.8,0.002405,mm,Laborbuch_Papier,0.01,0.002405,mm,3.055,0.000289,m,218,50,Hz,Calib Sign not visible on mes end,Ref,3300.158947096289,1.6706548731824957,1.357797209900411,3293.6257168634165,3305.9163646642887,12.290647800872193
1317,Kupfer,0.8,0.002405,mm,Laborbuch_Papier,0.01,0.002405,mm,3.055,0.000289,m,218,50,Hz,Calib Sign not visible on mes end,Ref,3350.623617017246,1.0483738764027457,0.7387139811588398,3345.8438611392316,3355.3069142373097,9.463053098078035
1318,Kupfer,0.8,0.002405,mm,Laborbuch_Papier,0.01,0.002405,mm,3.055,0.000289,m,218,50,Hz,Calib Sign not visible on mes end,Ref,3393.9890403329828,0.918635064640682,0.7011063621685636,3376.118618928758,3401.938511485725,25.819892556966806
1319,Kupfer,0.8,0.002405,mm,Laborbuch_Papier,0.01,0.002405,mm,3.055,0.000289,m,218,50,Hz,Calib Sign not visible on mes end,Ref,3435.8526900882675,0.9922471500355416,0.8175332319239768,3426.4393322352503,3441.4230666585145,14.983734423264195
1320,Kupfer,0.8,0.002405,mm,Laborbuch_Papier,0.01,0.002405,mm,3.055,0.000289,m,218,50,Hz,Calib Sign not visible on mes end,Ref,3457.283715233836,1.0136667769626702,0.8092357338297069,3451.581415725655,3464.5014906307365,12.920074905081492
1321,Kupfer,0.8,0.002405,mm,Laborbuch_Papier,0.01,0.002405,mm,3.055,0.000289,m,218,50,Hz,Calib Sign not visible on mes end,Ref,3521.51486374997,1.766326839978074,1.1770086882835418,3510.44822728413,3530.6052089680643,20.15698168393419
1322,Kupfer,0.8,0.002405,mm,Laborbuch_Papier,0.01,0.002405,mm,3.055,0.000289,m,218,50,Hz,Calib Sign not visible on mes end,Ref,3570.964757685189,1.5735637432125644,1.2208330583480755,3563.072719641324,3579.218565462254,16.145845820929935
1323,Kupfer,0.8,0.002405,mm,Laborbuch_Papier,0.01,0.002405,mm,3.055,0.000289,m,218,50,Hz,Calib Sign not visible on mes end,Ref,3671.689012842095,4.846978380848518,4.387774280898322,3668.328077837579,3688.85219046193,20.524112624351346
1324,Kupfer,0.8,0.002405,mm,Laborbuch_Papier,0.01,0.002405,mm,3.055,0.000289,m,218,50,Hz,Calib Sign not visible on mes end,Ref,3712.1755231026277,7.861831286238435,5.968985837424221,3703.743371983263,3720.254664917876,16.511292934613266
1325,Kupfer,0.8,0.002405,mm,Laborbuch_Papier,0.01,0.002405,mm,3.055,0.000289,m,218,50,Hz,Calib Sign not visible on mes end,Ref,3774.499037361601,12.749305255456058,6.619326200050872,3760.075645316773,3786.5583571835286,26.482711866755835
1326,Kupfer,0.8,0.002405,mm,Laborbuch_Papier,0.01,0.002405,mm,3.055,0.000289,m,218,50,Hz,Calib Sign not visible on mes end,Ref,3840.3506356037565,7.023366064575327,5.553012189635519,3832.3793268070804,3851.0344809276808,18.6551541206004
1327,Kupfer,0.8,0.002405,mm,Laborbuch_Papier,0.01,0.002405,mm,3.055,0.000289,m,218,50,Hz,Calib Sign not visible on mes end,Ref,3909.5167258543775,6.0111819232759105,4.657289354550154,3894.787199502956,3929.953443246504,35.166243743547966
1328,Kupfer,0.8,0.002405,mm,Laborbuch_Papier,0.01,0.002405,mm,3.055,0.000289,m,218,50,Hz,Calib Sign not visible on mes end,Ref,3976.147737224416,4.121251824521008,3.797816821952088,3968.658021207412,3983.7129021168466,15.054880909434814
1329,Kupfer,0.8,0.002405,mm,Laborbuch_Papier,0.01,0.002405,mm,3.055,0.000289,m,218,50,Hz,Calib Sign not visible on mes end,Ref,4044.30338626913,3.0759313756459457,2.9489621200003056,4039.6997155622134,4048.4605220535536,8.76080649134019
1330,Kupfer,0.8,0.002405,mm,Laborbuch_Papier,0.01,0.002405,mm,3.055,0.000289,m,218,50,Hz,Calib Sign not visible on mes end,Ref,4063.7086725054955,3.1914090630702665,2.865390071461766,4055.320557963359,4071.1584518739205,15.837893910561434
1331,Kupfer,0.8,0.002405,mm,Laborbuch_Papier,0.01,0.002405,mm,3.055,0.000289,m,218,50,Hz,Calib Sign not visible on mes end,Ref,4127.262398146244,2.33328730125284,2.1946547597643065,4118.077527065406,4132.951718374135,14.874191308729678
1332,Kupfer,0.8,0.002405,mm,Laborbuch_Papier,0.01,0.002405,mm,3.055,0.000289,m,218,50,Hz,Calib Sign not visible on mes end,Ref,4188.2469841001775,2.5350010465605224,2.0803057462703745,4176.884760405567,4201.3533734560215,24.468613050454223
1333,Kupfer,0.8,0.002405,mm,Laborbuch_Papier,0.01,0.002405,mm,3.055,0.000289,m,218,50,Hz,Calib Sign not visible on mes end,Ref,4263.432730475207,2.2830164782600426,2.1354921253059733,4253.862982373383,4292.3043727380655,38.441390364682775
1334,Kupfer,0.8,0.002405,mm,Laborbuch_Papier,0.01,0.002405,mm,3.055,0.000289,m,218,50,Hz,Calib Sign not visible on mes end,Ref,4343.610193005776,2.1144386917386178,1.8895138178588264,4335.995527252016,4353.817391801839,17.82186454982366
1335,Kupfer,0.8,0.002405,mm,Laborbuch_Papier,0.01,0.002405,mm,3.055,0.000289,m,218,50,Hz,Calib Sign not visible on mes end,Ref,4396.0028673725365,2.0367913224745706,1.7416165508393258,4385.004930048032,4435.779954282515,50.77502423448277
1336,Kupfer,0.8,0.002405,mm,Laborbuch_Papier,0.01,0.002405,mm,3.055,0.000289,m,218,50,Hz,Calib Sign not visible on mes end,Ref,4511.067768540494,1.792361287736906,1.6553723085937673,4499.054815123101,4521.407509860904,22.352694737802267
1337,Kupfer,0.8,0.002405,mm,Laborbuch_Papier,0.01,0.002405,mm,3.055,0.000289,m,218,50,Hz,Calib Sign not visible on mes end,Ref,4550.695159486159,2.4498821168553935,2.2043420725873237,4544.360839568759,4560.862480980105,16.5016414113461
1338,Kupfer,0.8,0.002405,mm,Laborbuch_Papier,0.01,0.002405,mm,3.055,0.000289,m,218,50,Hz,Calib Sign not visible on mes end,Ref,4622.505306983116,2.6874076766453725,2.4230457076394813,4613.638296844987,4633.064817732369,19.42652088738214
1339,Kupfer,0.8,0.002405,mm,Laborbuch_Papier,0.01,0.002405,mm,3.055,0.000289,m,218,50,Hz,Calib Sign not visible on mes end,Ref,4691.222776460068,3.1485786046649693,2.8977833041988057,4681.125078544133,4710.522825881583,29.3977473374498
1340,Kupfer,0.8,0.002405,mm,Laborbuch_Papier,0.01,0.002405,mm,3.055,0.000289,m,218,50,Hz,Calib Sign not visible on mes end,Ref,4754.718976938691,4.6656281276254745,3.2709725342456677,4736.458770334145,4907.963654330347,171.5048839962019
1341,Kupfer,0.8,0.002405,mm,Laborbuch_Papier,0.01,0.002405,mm,3.055,0.000289,m,218,50,Hz,Calib Sign not visible on mes end,Ref,4836.462136215621,4.421687244564656,4.030026346310353,4804.706706462819,4845.831977542533,41.125271079714366
1342,Kupfer,0.8,0.002405,mm,Laborbuch_Papier,0.01,0.002405,mm,3.055,0.000289,m,218,50,Hz,Calib Sign not visible on mes end,Ref,4889.434743787083,4.306091880732308,3.9770586939673,4876.7519577073435,4899.8309562601635,23.07899855281994
1343,Kupfer,0.8,0.002405,mm,Laborbuch_Papier,0.01,0.002405,mm,3.055,0.000289,m,218,50,Hz,Calib Sign not visible on mes end,Ref,4939.75524125721,3.2822376665031068,2.987983371294481,4931.361133254229,4960.707635273675,29.346502019446234
1344,Kupfer,0.8,0.002405,mm,Laborbuch_Papier,0.01,0.002405,mm,3.055,0.000289,m,218,50,Hz,Calib Sign not visible on mes end,Ref,5017.782001788332,2.6842478919001582,2.5233491178293854,4986.908013260479,5026.323214431308,39.41520117082928
1345,Kupfer,0.8,0.002405,mm,Laborbuch_Papier,0.01,0.002405,mm,3.055,0.000289,m,218,50,Hz,Calib Sign not visible on mes end,Ref,5071.179278278838,2.6434704450593958,2.410275304460442,5063.068344311671,5089.045601419874,25.977257108203048
1346,Kupfer,0.8,0.002405,mm,Laborbuch_Papier,0.01,0.002405,mm,3.055,0.000289,m,218,50,Hz,Calib Sign not visible on mes end,Ref,5145.616205417834,2.224055781556762,2.095209776946092,5138.532876030679,5151.599120028755,13.066243998076061
1347,Kupfer,0.8,0.002405,mm,Laborbuch_Papier,0.01,0.002405,mm,3.055,0.000289,m,218,50,Hz,Calib Sign not visible on mes end,Ref,5217.831936310376,2.2583558350307213,2.088380138577024,5193.534867927925,5227.779690797891,34.2448228699659
1348,Kupfer,0.8,0.002405,mm,Laborbuch_Papier,0.01,0.002405,mm,3.055,0.000289,m,218,50,Hz,Calib Sign not visible on mes end,Ref,5256.28046860908,2.667531173007706,2.5455197558884404,5251.549882015883,5261.865612360588,10.315730344705116
1349,Kupfer,0.8,0.002405,mm,Laborbuch_Papier,0.01,0.002405,mm,3.055,0.000289,m,218,50,Hz,Calib Sign not visible on mes end,Ref,5317.573867759258,3.689594480957314,3.203952969059719,5308.517307624474,5331.013324576939,22.496016952465652
1350,Kupfer,0.8,0.002405,mm,Laborbuch_Papier,0.01,0.002405,mm,3.055,0.000289,m,218,50,Hz,Calib Sign not visible on mes end,Ref,5389.464845381582,3.971196395932895,3.513340304373153,5379.726908267055,5399.012660366869,19.28575209981409
1351,Kupfer,0.8,0.002405,mm,Laborbuch_Papier,0.01,0.002405,mm,3.055,0.000289,m,218,50,Hz,Calib Sign not visible on mes end,Ref,5456.529831713761,6.3031875441121334,4.629050532631009,5445.581018000662,5465.733750476531,20.152732475869016
1352,Kupfer,0.8,0.002405,mm,Laborbuch_Papier,0.01,0.002405,mm,3.055,0.000289,m,218,50,Hz,Calib Sign not visible on mes end,Ref,5516.357569436566,4.826530562219254,4.4633856783502335,5505.331075241344,5536.1757323942875,30.84465715294391
1353,Kupfer,0.8,0.002405,mm,Laborbuch_Papier,0.01,0.002405,mm,3.055,0.000289,m,218,50,Hz,Calib Sign not visible on mes end,Ref,5596.489110265345,6.94378233051379,4.162229526873293,5554.119963693851,5646.737645223514,92.61768152966306
1354,Kupfer,0.8,0.002405,mm,Laborbuch_Papier,0.01,0.002405,mm,3.055,0.000289,m,218,50,Hz,Calib Sign not visible on mes end,Ref,5621.6545739142075,5.990110962136837,5.858374109366137,5616.854501770212,5627.1515801670585,10.2970783968467
1355,Kupfer,0.8,0.002405,mm,Laborbuch_Papier,0.01,0.002405,mm,3.055,0.000289,m,218,50,Hz,Calib Sign not visible on mes end,Ref,5704.654503378302,1.8219464479808698,1.6679903940514418,5699.081786697638,5709.771275507877,10.689488810239709
1356,Kupfer,0.8,0.002405,mm,Laborbuch_Papier,0.01,0.002405,mm,3.055,0.000289,m,218,50,Hz,Calib Sign not visible on mes end,Ref,5783.714460659768,1.1468179859310466,0.9103514705102178,5769.511136164438,5823.441498881568,53.930362717130265
1357,Kupfer,0.8,0.002405,mm,Laborbuch_Papier,0.01,0.002405,mm,3.055,0.000289,m,218,50,Hz,Calib Sign not visible on mes end,Ref,5979.526639594682,2.3574479919098907,2.2114271243093757,5968.378061546305,5987.792296244388,19.41423469808342
1358,Kupfer,0.8,0.002405,mm,Laborbuch_Papier,0.01,0.002405,mm,3.055,0.000289,m,218,50,Hz,Calib Sign not visible on mes end,Ref,6071.94429677166,3.9205212171214736,2.239190673106063,6003.341423406595,6172.626897800558,169.28547439396334
1359,Kupfer,0.8,0.002405,mm,Laborbuch_Papier,0.01,0.002405,mm,3.055,0.000289,m,218,50,Hz,Calib Sign not visible on mes end,Ref,6134.8596957522495,3.8803422911179735,3.3873380912047173,6122.031511517411,6145.46791047662,23.436398959209328
1360,Kupfer,0.8,0.002405,mm,Laborbuch_Papier,0.01,0.002405,mm,3.055,0.000289,m,218,50,Hz,Calib Sign not visible on mes end,Ref,6195.541762919347,2.985334334862261,2.6148712642919563,6184.275979756322,6211.869392577597,27.593412821274796
1361,Kupfer,0.8,0.002405,mm,Laborbuch_Papier,0.01,0.002405,mm,3.055,0.000289,m,218,50,Hz,Calib Sign not visible on mes end,Ref,6386.101222851414,3.111237093840774,2.939159296755346,6376.917663116509,6394.756654252514,17.83899113600455
1362,Kupfer,0.8,0.002405,mm,Laborbuch_Papier,0.01,0.002405,mm,3.055,0.000289,m,218,50,Hz,Calib Sign not visible on mes end,Ref,6453.165651090619,3.431276949305564,2.8346492412868405,6415.0888176271865,6511.531852248589,96.44303462140215
1363,Kupfer,0.8,0.002405,mm,Laborbuch_Papier,0.01,0.002405,mm,3.055,0.000289,m,218,50,Hz,Calib Sign not visible on mes end,Ref,6500.491842755888,3.376214444810804,3.1158098072912215,6490.494417977271,6507.0985773264865,16.60415934921548
1364,Kupfer,0.8,0.002405,mm,Laborbuch_Papier,0.01,0.002405,mm,3.055,0.000289,m,218,50,Hz,Calib Sign not visible on mes end,Ref,6621.261236121028,2.732457410955044,2.433826884914936,6608.356734366271,6632.787086859147,24.43035249287641
1365,Kupfer,0.8,0.002405,mm,Laborbuch_Papier,0.01,0.002405,mm,3.055,0.000289,m,218,50,Hz,Calib Sign not visible on mes end,Ref,6679.27137628286,2.6070480806040317,2.4495351709308917,6662.868792892031,6688.40136427822,25.532571386189375
1366,Kupfer,0.8,0.002405,mm,Laborbuch_Papier,0.01,0.002405,mm,3.055,0.000289,m,218,50,Hz,Calib Sign not visible on mes end,Ref,6727.064983162697,2.6773635280945927,2.46194383876526,6718.011465133992,6772.255326862896,54.24386172890445
1367,Kupfer,0.8,0.002405,mm,Laborbuch_Papier,0.01,0.002405,mm,3.055,0.000289,m,218,50,Hz,Calib Sign not visible on mes end,Ref,6795.09494277602,2.6200335872414846,2.5165042928611845,6788.483126364973,6801.294462219814,12.811335854840763
1368,Kupfer,0.8,0.002405,mm,Laborbuch_Papier,0.01,0.002405,mm,3.055,0.000289,m,218,50,Hz,Calib Sign not visible on mes end,Ref,6970.782867227756,2.1126873328726816,1.8096241143932084,6957.946769493141,6990.014186482904,32.06741698976293
1369,Kupfer,0.8,0.002405,mm,Laborbuch_Papier,0.01,0.002405,mm,3.055,0.000289,m,218,50,Hz,Calib Sign not visible on mes end,Ref,7059.670994464923,2.9985398530417915,2.5616990844863823,7044.258447762553,7071.034861943684,26.77641418113035
1370,Kupfer,0.8,0.002405,mm,Laborbuch_Papier,0.01,0.002405,mm,3.055,0.000289,m,218,50,Hz,Calib Sign not visible on mes end,Ref,7111.445171766774,3.9049854741814385,2.3082495603061943,7090.297216344289,7198.913016803859,108.61580045956998
1371,Kupfer,0.8,0.002405,mm,Laborbuch_Papier,0.01,0.002405,mm,3.055,0.000289,m,218,50,Hz,Calib Sign not visible on mes end,Ref,7168.452014750253,3.1564020647268434,2.923778304643939,7157.482382677318,7178.029708269623,20.547325592305242
1372,Kupfer,0.8,0.002405,mm,Laborbuch_Papier,0.01,0.002405,mm,3.055,0.000289,m,218,50,Hz,Calib Sign not visible on mes end,Ref,7272.582158249577,1.83560470713979,1.6806150734390513,7264.135996768466,7283.3918824456705,19.255885677204787
1373,Kupfer,0.8,0.002405,mm,Laborbuch_Papier,0.01,0.002405,mm,3.055,0.000289,m,218,50,Hz,Calib Sign not visible on mes end,Ref,7318.930269221579,1.6371270275630403,1.50096481733924,7311.133546947323,7326.8480751151355,15.714528167812205
1374,Kupfer,0.8,0.002405,mm,Laborbuch_Papier,0.01,0.002405,mm,3.055,0.000289,m,218,50,Hz,Calib Sign not visible on mes end,Ref,7393.799141481154,1.1915007420722987,0.9524669515518702,7379.814934636205,7404.6180862330975,24.80315159689235
1375,Kupfer,0.8,0.002405,mm,Laborbuch_Papier,0.01,0.002405,mm,3.055,0.000289,m,218,50,Hz,Calib Sign not visible on mes end,Ref,7485.402253808941,2.8950789779960937,2.7822775726958815,7477.025396396299,7492.08743374971,15.062037353411142
1376,Kupfer,0.8,0.002405,mm,Laborbuch_Papier,0.01,0.002405,mm,3.055,0.000289,m,218,50,Hz,Calib Sign not visible on mes end,Ref,7529.0497003366645,3.8978556157769906,3.4757570037261143,7515.677210201613,7554.703244464069,39.02603426245605
1377,Kupfer,0.8,0.002405,mm,Laborbuch_Papier,0.01,0.002405,mm,3.055,0.000289,m,218,50,Hz,Calib Sign not visible on mes end,Ref,7645.210366703443,5.870215419806715,5.720406855891703,7641.063626209352,7650.389597733283,9.325971523931003
1378,Kupfer,0.8,0.002405,mm,Laborbuch_Papier,0.01,0.002405,mm,3.055,0.000289,m,218,50,Hz,Calib Sign not visible on mes end,Ref,7670.3742217175995,6.097652276328085,4.362566720101059,7628.402068833687,7708.127088189989,79.72501935630225
1379,Kupfer,0.8,0.002405,mm,Laborbuch_Papier,0.01,0.002405,mm,3.055,0.000289,m,218,50,Hz,Calib Sign not visible on mes end,Ref,7755.907853025524,4.567720609168607,4.337934764488615,7728.678866137375,7761.460718055361,32.78185191798639
1380,Kupfer,0.8,0.002405,mm,Laborbuch_Papier,0.01,0.002405,mm,3.055,0.000289,m,218,50,Hz,Calib Sign not visible on mes end,Ref,7890.977981031767,8.68825743560251,7.559802506688538,7880.661257186953,7901.673054006497,21.011796819544543
1381,Kupfer,0.8,0.002405,mm,Laborbuch_Papier,0.01,0.002405,mm,3.055,0.000289,m,218,50,Hz,Calib Sign not visible on mes end,Ref,7920.851005578111,7.695114837817523,7.4206123099076855,7914.727274939657,7926.430462894474,11.703187954816713
1382,Kupfer,0.8,0.002405,mm,Laborbuch_Papier,0.01,0.002405,mm,3.055,0.000289,m,218,50,Hz,Calib Sign not visible on mes end,Ref,7978.787393582489,10.310679974210217,7.93460536435086,7959.132279942774,7994.183446895999,35.05116695322431
1383,Kupfer,0.8,0.002405,mm,Laborbuch_Papier,0.01,0.002405,mm,3.055,0.000289,m,218,50,Hz,Calib Sign not visible on mes end,Ref,8044.542169010004,7.329020702818866,7.11032175004347,8037.920729390795,8049.341477413515,11.420748022720545
1384,Kupfer,0.8,0.002405,mm,Laborbuch_Papier,0.01,0.002405,mm,3.055,0.000289,m,218,50,Hz,Calib Sign not visible on mes end,Ref,8060.77845270317,7.199683649445502,7.0919650419310685,8056.995325059867,8067.077266375188,10.081941315320364
1385,Kupfer,0.8,0.002405,mm,Laborbuch_Papier,0.01,0.002405,mm,3.055,0.000289,m,218,50,Hz,Calib Sign not visible on mes end,Ref,8142.672059335156,34.85142457553919,17.85345477152152,8130.399316611495,8157.850700174766,27.45138356327061
1386,Kupfer,0.8,0.002405,mm,Laborbuch_Papier,0.01,0.002405,mm,3.055,0.000289,m,218,50,Hz,Calib Sign not visible on mes end,Ref,8195.227430938094,21.515267450826784,17.562223186871268,8182.46616400198,8209.777440921353,27.311276919372176
1387,Kupfer,0.8,0.002405,mm,Laborbuch_Papier,0.01,0.002405,mm,3.055,0.000289,m,218,50,Hz,Calib Sign not visible on mes end,Ref,8261.84396490559,16.818592525361606,13.217635409370214,8253.265071206364,8272.627870553615,19.362799347250984
1388,Kupfer,0.8,0.002405,mm,Laborbuch_Papier,0.01,0.002405,mm,3.055,0.000289,m,218,50,Hz,Calib Sign not visible on mes end,Ref,8336.921772021806,7.679169445371386,7.097719166397377,8309.187526993932,8345.908753433525,36.72122643959301
1389,Kupfer,0.8,0.002405,mm,Laborbuch_Papier,0.01,0.002405,mm,3.055,0.000289,m,218,50,Hz,Calib Sign not visible on mes end,Ref,8651.338498240462,9.873533503838722,6.05232972510256,8614.201447205109,8680.648979122048,66.44753191693962
1390,Kupfer,0.8,0.002405,mm,Laborbuch_Papier,0.01,0.002405,mm,3.055,0.000289,m,218,50,Hz,Calib Sign not visible on mes end,Ref,8699.60840606138,6.492897180985077,6.195843061906919,8692.84915751889,8706.473412916936,13.624255398046444
1391,Kupfer,0.8,0.002405,mm,Laborbuch_Papier,0.01,0.002405,mm,3.055,0.000289,m,218,50,Hz,Calib Sign not visible on mes end,Ref,8768.6714667059,3.661507194000894,3.3911935392559243,8757.342025898915,8780.049348588294,22.707322689378998
1392,Kupfer,0.8,0.002405,mm,Laborbuch_Papier,0.01,0.002405,mm,3.055,0.000289,m,218,50,Hz,Calib Sign not visible on mes end,Ref,8823.80715626194,3.5676595959420863,3.113485721418065,8813.593361182522,8833.149043248206,19.555682065683868
1393,Kupfer,0.8,0.002405,mm,Laborbuch_Papier,0.01,0.002405,mm,3.055,0.000289,m,218,50,Hz,Calib Sign not visible on mes end,Ref,8902.929658582896,4.210609685954358,4.041456480899244,8893.513972024219,8914.79046679977,21.276494775551328
1394,Kupfer,0.8,0.002405,mm,Laborbuch_Papier,0.01,0.002405,mm,3.055,0.000289,m,218,50,Hz,Calib Sign not visible on mes end,Ref,8977.025828948195,13.36644227370302,9.858632581265194,8966.013662740499,9044.462223499153,78.44856075865391
1395,Kupfer,0.8,0.002405,mm,Laborbuch_Papier,0.01,0.002405,mm,3.055,0.000289,m,218,50,Hz,Calib Sign not visible on mes end,Ref,9030.413310950338,12.87319023919542,11.51266388580866,9012.709455420823,9038.96524626566,26.255790844836156
1396,Kupfer,0.8,0.002405,mm,Laborbuch_Papier,0.01,0.002405,mm,3.055,0.000289,m,218,50,Hz,Calib Sign not visible on mes end,Ref,9100.351513036376,9.699070951486153,9.299013664309445,9094.120687901059,9108.02338580621,13.90269790515049
1397,Kupfer,0.8,0.002405,mm,Laborbuch_Papier,0.01,0.002405,mm,3.055,0.000289,m,218,50,Hz,Calib Sign not visible on mes end,Ref,9180.470004550541,27.348014225759172,14.637112974703792,9158.312744535437,9225.584424340579,67.27167980514241
1398,Kupfer,0.8,0.002405,mm,Laborbuch_Papier,0.01,0.002405,mm,3.055,0.000289,m,218,50,Hz,Calib Sign not visible on mes end,Ref,9206.895669969903,24.404119681843138,23.768923163709154,9202.433001708174,9210.97062917511,8.537627466936101
1399,Kupfer,0.8,0.002405,mm,Laborbuch_Papier,0.01,0.002405,mm,3.055,0.000289,m,218,50,Hz,Calib Sign not visible on mes end,Ref,9307.271007564548,11.022415626468504,9.249158867527758,9296.461818727927,9318.917453456399,22.455634728472432
1400,Kupfer,0.8,0.002405,mm,Laborbuch_Papier,0.01,0.002405,mm,3.055,0.000289,m,218,50,Hz,Calib Sign not visible on mes end,Ref,9355.420110318233,9.427841118239186,8.139360662480847,9346.604735190385,9363.847455757561,17.24272056717564
1401,Kupfer,0.8,0.002405,mm,Laborbuch_Papier,0.01,0.002405,mm,3.055,0.000289,m,218,50,Hz,Calib Sign not visible on mes end,Ref,9527.616585005208,16.721515949422024,9.695227468393758,9511.09696137163,9571.379642922437,60.282681550806956
1402,Kupfer,0.8,0.002405,mm,Laborbuch_Papier,0.01,0.002405,mm,3.055,0.000289,m,218,50,Hz,Calib Sign not visible on mes end,Ref,9560.631596113077,11.49995475558,11.362384950679768,9556.806440207387,9563.501467751414,6.695027544026743
1403,Kupfer,0.8,0.002405,mm,Laborbuch_Papier,0.01,0.002405,mm,3.055,0.000289,m,218,50,Hz,Calib Sign not visible on mes end,Ref,9916.657231720588,2.7733310866611536,2.537425591089365,9901.59641544669,9933.651923635669,32.05550818897973
1404,Kupfer,0.8,0.002405,mm,Laborbuch_Papier,0.01,0.002405,mm,3.055,0.000289,m,218,50,Hz,Calib Sign not visible on mes end,Ref,10119.099786655755,3.5919938766515087,2.5450108137745837,9971.910210228896,10199.235451962375,227.32524173347883
1405,Kupfer,0.8,0.002405,mm,Laborbuch_Papier,0.01,0.002405,mm,3.055,0.000289,m,218,50,Hz,Calib Sign not visible on mes end,Ref,10332.98826173386,2.7329197785352974,2.5063897805111326,10257.99678030221,10366.280809309934,108.2840290077238
1406,Kupfer,0.8,0.002405,mm,Laborbuch_Papier,0.01,0.002405,mm,3.055,0.000289,m,218,50,Hz,Calib Sign not visible on mes end,Ref,10630.906400256456,3.0470545357554233,2.9409308084095187,10613.576421139107,10650.600377975023,37.02395683591567
1407,Kupfer,0.8,0.002405,mm,Laborbuch_Papier,0.01,0.002405,mm,3.055,0.000289,m,218,50,Hz,Calib Sign not visible on mes end,Ref,10698.492420891513,3.169647471185515,2.71811724431804,10504.32582409353,10724.540994425608,220.21517033207783
1408,Kupfer,0.8,0.002405,mm,Laborbuch_Papier,0.01,0.002405,mm,3.055,0.000289,m,218,50,Hz,Calib Sign not visible on mes end,Ref,11061.506917622486,2.6929628226841675,2.5352188222147096,11035.06449843862,11094.585026580642,59.52052814202216
1409,Kupfer,0.8,0.002405,mm,Laborbuch_Papier,0.01,0.002405,mm,3.055,0.000289,m,218,50,Hz,Calib Sign not visible on mes end,Ref,11154.383674097042,2.7870974780002045,2.3057902461938222,10973.667376816738,11172.338751320776,198.67137450403789
1410,Kupfer,0.8,0.002405,mm,Laborbuch_Papier,0.01,0.002405,mm,3.055,0.000289,m,218,50,Hz,Calib Sign not visible on mes end,Ref,11229.66105007447,2.750729798578213,2.494872051271444,11218.518440524182,11242.501711350435,23.98327082625292
1411,Kupfer,0.8,0.002405,mm,Laborbuch_Papier,0.01,0.002405,mm,3.055,0.000289,m,218,50,Hz,Calib Sign not visible on mes end,Ref,11283.803465150158,2.8184892899914096,2.677571041860594,11275.296709864167,11295.96710717152,20.670397307352687
1412,Kupfer,0.8,0.002405,mm,Laborbuch_Papier,0.01,0.002405,mm,3.055,0.000289,m,218,50,Hz,Calib Sign not visible on mes end,Ref,11423.908240106877,12.049320644995584,10.689176016206048,11414.900550693937,11434.066886025552,19.16633533161439
1413,Kupfer,0.8,0.002405,mm,Laborbuch_Papier,0.01,0.002405,mm,3.055,0.000289,m,218,50,Hz,Calib Sign not visible on mes end,Ref,11488.399093127067,14.491668634817183,10.81173619641542,11464.641170961293,11504.368342203967,39.72717124267365
1414,Kupfer,0.8,0.002405,mm,Laborbuch_Papier,0.01,0.002405,mm,3.055,0.000289,m,218,50,Hz,Calib Sign not visible on mes end,Ref,11575.235659245382,14.203799215764622,10.692956193775641,11556.89989696349,11590.299825454405,33.399928490915045
1415,Kupfer,0.8,0.002405,mm,Laborbuch_Papier,0.01,0.002405,mm,3.055,0.000289,m,218,50,Hz,Calib Sign not visible on mes end,Ref,11663.311996366581,14.981470759565925,8.177886630200742,11636.63985307522,11720.943229066266,84.30337599104678
1416,Kupfer,0.8,0.002405,mm,Laborbuch_Papier,0.01,0.002405,mm,3.055,0.000289,m,218,50,Hz,Calib Sign not visible on mes end,Ref,11699.045003180438,14.846362807490442,14.077131633970785,11691.439778860255,11704.898541977464,13.458763117208946
1417,Kupfer,0.8,0.002405,mm,Laborbuch_Papier,0.01,0.002405,mm,3.055,0.000289,m,218,50,Hz,Calib Sign not visible on mes end,Ref,11858.62477062369,2.5565613515473458,2.113044016469241,11840.295691500853,11878.216204825181,37.92051332432857
1418,Kupfer,0.8,0.002405,mm,Laborbuch_Papier,0.01,0.002405,mm,3.055,0.000289,m,218,50,Hz,Calib Sign not visible on mes end,Ref,12076.430704360302,2.5937062660058228,2.0844393797667724,12055.491775060085,12098.197357305766,42.70558224568049
1419,Kupfer,0.8,0.002405,mm,Laborbuch_Papier,0.01,0.002405,mm,3.055,0.000289,m,218,50,Hz,Calib Sign not visible on mes end,Ref,12274.976874564187,5.641480560844561,3.515697156201255,12248.791057356664,12325.998769636393,77.2077122797291
1420,Kupfer,0.8,0.002405,mm,Laborbuch_Papier,0.01,0.002405,mm,3.055,0.000289,m,218,50,Hz,Calib Sign not visible on mes end,Ref,12480.29242123017,3.1949816067159853,2.9182323039801803,12469.684055006453,12494.707360455142,25.023305448688916
1421,Kupfer,0.8,0.002405,mm,Laborbuch_Papier,0.01,0.002405,mm,3.055,0.000289,m,218,50,Hz,Calib Sign not visible on mes end,Ref,12639.824290708368,6.774654637050521,4.093519541992993,12598.648243768965,12704.578096931598,105.92985316263366
1422,Kupfer,0.8,0.002405,mm,Laborbuch_Papier,0.01,0.002405,mm,3.055,0.000289,m,218,50,Hz,Calib Sign not visible on mes end,Ref,12814.208798289814,3.9225445428544723,3.2190277391911883,12792.13832476529,12847.237623447843,55.099298682553126
1423,Kupfer,0.8,0.002405,mm,Laborbuch_Papier,0.01,0.002405,mm,3.055,0.000289,m,218,50,Hz,Calib Sign not visible on mes end,Ref,12956.852911580261,1.9773304445365396,1.8403233050506382,12943.847081118976,12970.470694645359,26.62361352638254
1424,Kupfer,0.4,0.002405,mm,Laborbuch_Papier,0.01,0.002405,mm,3.059,0.000289,m,220,50,Hz,Calib Sign not visible on mes end,Mes,301.51760289520956,0.6525932849577636,0.37637208315336496,296.1798177623903,305.37063779929673,9.190820036906416
1425,Kupfer,0.4,0.002405,mm,Laborbuch_Papier,0.01,0.002405,mm,3.059,0.000289,m,220,50,Hz,Calib Sign not visible on mes end,Mes,560.0065215612044,8.656005771893375,8.525245185962532,552.3366862013711,561.5752623575594,9.238576156188287
1426,Kupfer,0.4,0.002405,mm,Laborbuch_Papier,0.01,0.002405,mm,3.059,0.000289,m,220,50,Hz,Calib Sign not visible on mes end,Mes,571.462903047055,8.765410057484143,8.532047522324458,569.3427149416351,576.0793355066469,6.736620565011776
1427,Kupfer,0.4,0.002405,mm,Laborbuch_Papier,0.01,0.002405,mm,3.059,0.000289,m,220,50,Hz,Calib Sign not visible on mes end,Mes,599.9646864866204,8.790185384241441,4.41340975652294,529.1936934271122,679.4023342571426,150.2086408300304
1428,Kupfer,0.4,0.002405,mm,Laborbuch_Papier,0.01,0.002405,mm,3.059,0.000289,m,220,50,Hz,Calib Sign not visible on mes end,Mes,677.4549179354583,5.538382683585091,5.017164835288965,676.0045226122173,678.8796901674123,2.8751675551949347
1429,Kupfer,0.4,0.002405,mm,Laborbuch_Papier,0.01,0.002405,mm,3.059,0.000289,m,220,50,Hz,Calib Sign not visible on mes end,Mes,683.361305792686,4.595744524465626,3.889323361638366,682.2446987388421,684.4850079063888,2.240309167546684
1430,Kupfer,0.4,0.002405,mm,Laborbuch_Papier,0.01,0.002405,mm,3.059,0.000289,m,220,50,Hz,Calib Sign not visible on mes end,Mes,687.7216546695005,4.2350272939853,3.711403527091246,686.7273888065154,688.6113654693319,1.883976662816508
1431,Kupfer,0.4,0.002405,mm,Laborbuch_Papier,0.01,0.002405,mm,3.059,0.000289,m,220,50,Hz,Calib Sign not visible on mes end,Mes,691.5720840729026,3.3946490155807663,3.1504254764513107,690.8194158800997,692.1657536162842,1.3463377361845232
1432,Kupfer,0.4,0.002405,mm,Laborbuch_Papier,0.01,0.002405,mm,3.059,0.000289,m,220,50,Hz,Calib Sign not visible on mes end,Mes,695.0534920625604,2.9891938592322846,2.7074717783062896,694.2810058555259,696.030351813357,1.7493459578311104
1433,Kupfer,0.4,0.002405,mm,Laborbuch_Papier,0.01,0.002405,mm,3.059,0.000289,m,220,50,Hz,Calib Sign not visible on mes end,Mes,698.0365370324107,2.794857671234329,2.6550012656810607,697.3251290398623,698.5470498276028,1.221920787740487
1434,Kupfer,0.4,0.002405,mm,Laborbuch_Papier,0.01,0.002405,mm,3.059,0.000289,m,220,50,Hz,Calib Sign not visible on mes end,Mes,700.9946213449489,2.484347605715495,2.333908416149473,700.3502606842089,701.6125774595682,1.2623167753592952
1435,Kupfer,0.4,0.002405,mm,Laborbuch_Papier,0.01,0.002405,mm,3.059,0.000289,m,220,50,Hz,Calib Sign not visible on mes end,Mes,704.0627625902312,2.3678973860755295,2.2241168895865435,703.3289749966681,705.0170172647206,1.688042268052527
1436,Kupfer,0.4,0.002405,mm,Laborbuch_Papier,0.01,0.002405,mm,3.059,0.000289,m,220,50,Hz,Calib Sign not visible on mes end,Mes,708.9942886469205,2.3966162970636633,2.195890118433992,708.1000392377632,711.9631942736116,3.863155035848422
1437,Kupfer,0.4,0.002405,mm,Laborbuch_Papier,0.01,0.002405,mm,3.059,0.000289,m,220,50,Hz,Calib Sign not visible on mes end,Mes,753.5078331908147,1.3408387923421696,1.2282283976693367,750.9058011772838,755.6128123556822,4.707011178398375
1438,Kupfer,0.4,0.002405,mm,Laborbuch_Papier,0.01,0.002405,mm,3.059,0.000289,m,220,50,Hz,Calib Sign not visible on mes end,Mes,770.9284258259569,1.1521516011227546,0.9332520466688676,768.3785788612114,772.5795114999605,4.200932638749123
1439,Kupfer,0.4,0.002405,mm,Laborbuch_Papier,0.01,0.002405,mm,3.059,0.000289,m,220,50,Hz,Calib Sign not visible on mes end,Mes,777.8532627593008,1.0568348730773784,0.9147465325113622,776.4119502473177,779.1113595558459,2.6994093085281747
1440,Kupfer,0.4,0.002405,mm,Laborbuch_Papier,0.01,0.002405,mm,3.059,0.000289,m,220,50,Hz,Calib Sign not visible on mes end,Mes,787.4629565541446,1.044390383165979,0.9175282833095546,786.3850060441035,788.6698304858738,2.284824441770297
1441,Kupfer,0.4,0.002405,mm,Laborbuch_Papier,0.01,0.002405,mm,3.059,0.000289,m,220,50,Hz,Calib Sign not visible on mes end,Mes,798.7573095186054,1.1121111892784892,0.9754122120116061,797.4797629287921,802.2008662023277,4.721103273535618
1442,Kupfer,0.4,0.002405,mm,Laborbuch_Papier,0.01,0.002405,mm,3.059,0.000289,m,220,50,Hz,Calib Sign not visible on mes end,Mes,814.97251099485,1.2214454041794776,0.9654069179429239,810.8498872730474,817.1108438805506,6.2609566075032035
1443,Kupfer,0.4,0.002405,mm,Laborbuch_Papier,0.01,0.002405,mm,3.059,0.000289,m,220,50,Hz,Calib Sign not visible on mes end,Mes,827.4506539120608,1.311274464987254,1.1120074804815305,826.0890699739681,828.7666463483796,2.677576374411501
1444,Kupfer,0.4,0.002405,mm,Laborbuch_Papier,0.01,0.002405,mm,3.059,0.000289,m,220,50,Hz,Calib Sign not visible on mes end,Mes,860.0291771169349,2.672080270671728,1.6673097185867407,844.202867520392,868.3689469354525,24.166079415060494
1445,Kupfer,0.4,0.002405,mm,Laborbuch_Papier,0.01,0.002405,mm,3.059,0.000289,m,220,50,Hz,Calib Sign not visible on mes end,Mes,876.7963356547023,1.3581151462217562,1.0287580744041978,874.6700722028623,878.8871852477102,4.217113044847906
1446,Kupfer,0.4,0.002405,mm,Laborbuch_Papier,0.01,0.002405,mm,3.059,0.000289,m,220,50,Hz,Calib Sign not visible on mes end,Mes,885.3497965992742,1.8063675836606112,1.3315995384627615,883.4917032963949,886.8807168182004,3.3890135218055093
1447,Kupfer,0.4,0.002405,mm,Laborbuch_Papier,0.01,0.002405,mm,3.059,0.000289,m,220,50,Hz,Calib Sign not visible on mes end,Mes,891.8496335412724,2.835918679299509,1.6558951215485265,889.6115544298611,894.5303707452017,4.918816315340564
1448,Kupfer,0.4,0.002405,mm,Laborbuch_Papier,0.01,0.002405,mm,3.059,0.000289,m,220,50,Hz,Calib Sign not visible on mes end,Mes,898.9642968274793,2.419098102985261,1.780678310294595,897.295120641939,902.3084981961854,5.013377554246404
1449,Kupfer,0.4,0.002405,mm,Laborbuch_Papier,0.01,0.002405,mm,3.059,0.000289,m,220,50,Hz,Calib Sign not visible on mes end,Mes,909.2021795501212,2.054559224990744,1.4296392667982416,906.4984018089261,911.2090071154744,4.710605306548246
1450,Kupfer,0.4,0.002405,mm,Laborbuch_Papier,0.01,0.002405,mm,3.059,0.000289,m,220,50,Hz,Calib Sign not visible on mes end,Mes,917.2278710985968,1.025009900175992,0.8845825770876549,916.215509945851,918.0894341587284,1.873924212877455
1451,Kupfer,0.4,0.002405,mm,Laborbuch_Papier,0.01,0.002405,mm,3.059,0.000289,m,220,50,Hz,Calib Sign not visible on mes end,Mes,923.2900445063532,1.424014720159851,0.970720447068112,921.4835076626352,930.8238438134563,9.340336150821031
1452,Kupfer,0.4,0.002405,mm,Laborbuch_Papier,0.01,0.002405,mm,3.059,0.000289,m,220,50,Hz,Calib Sign not visible on mes end,Mes,929.3028848989302,1.3287917969091398,1.2016515476533667,928.2236200573742,930.1399992493762,1.9163791920019548
1453,Kupfer,0.4,0.002405,mm,Laborbuch_Papier,0.01,0.002405,mm,3.059,0.000289,m,220,50,Hz,Calib Sign not visible on mes end,Mes,937.6070206782689,1.0498024272560866,0.7797411439981213,936.2118587672392,938.9572921632008,2.7454333959616406
1454,Kupfer,0.4,0.002405,mm,Laborbuch_Papier,0.01,0.002405,mm,3.059,0.000289,m,220,50,Hz,Calib Sign not visible on mes end,Mes,951.1646377572856,0.802600719346303,0.5848293001696007,949.5081372922342,954.6699662805822,5.16182898834802
1455,Kupfer,0.4,0.002405,mm,Laborbuch_Papier,0.01,0.002405,mm,3.059,0.000289,m,220,50,Hz,Calib Sign not visible on mes end,Mes,959.2321874044277,0.6823512287544936,0.5673141062427939,958.2619547809828,960.731890073772,2.4699352927891596
1456,Kupfer,0.4,0.002405,mm,Laborbuch_Papier,0.01,0.002405,mm,3.059,0.000289,m,220,50,Hz,Calib Sign not visible on mes end,Mes,974.8526766964405,0.7046311639454134,0.5777643113889648,973.2148367669527,976.339232457896,3.124395690943288
1457,Kupfer,0.4,0.002405,mm,Laborbuch_Papier,0.01,0.002405,mm,3.059,0.000289,m,220,50,Hz,Calib Sign not visible on mes end,Mes,989.7064053112414,1.2440057420631683,0.8127725547170906,985.1736057908496,991.9901623736914,6.816556582841827
1458,Kupfer,0.4,0.002405,mm,Laborbuch_Papier,0.01,0.002405,mm,3.059,0.000289,m,220,50,Hz,Calib Sign not visible on mes end,Mes,1001.4554189751508,1.8898464815319402,1.1264289472231015,999.0345408533384,1005.2698560801399,6.235315226801504
1459,Kupfer,0.4,0.002405,mm,Laborbuch_Papier,0.01,0.002405,mm,3.059,0.000289,m,220,50,Hz,Calib Sign not visible on mes end,Mes,1014.7915354339467,0.9886243869278575,0.7642965311074934,1013.2698260016814,1020.0374094813594,6.767583479678024
1460,Kupfer,0.4,0.002405,mm,Laborbuch_Papier,0.01,0.002405,mm,3.059,0.000289,m,220,50,Hz,Calib Sign not visible on mes end,Mes,1035.3325889656853,0.9897179094472063,0.7609472113047945,1032.0154368487474,1037.713642959929,5.698206111181662
1461,Kupfer,0.4,0.002405,mm,Laborbuch_Papier,0.01,0.002405,mm,3.059,0.000289,m,220,50,Hz,Calib Sign not visible on mes end,Mes,1045.9516781576347,0.8987636556408607,0.7281084898395942,1044.4636185044938,1048.0344913743224,3.5708728698286905
1462,Kupfer,0.4,0.002405,mm,Laborbuch_Papier,0.01,0.002405,mm,3.059,0.000289,m,220,50,Hz,Calib Sign not visible on mes end,Mes,1057.5664278212082,0.8665707044243725,0.7273334463687298,1056.1349904478993,1059.7498438134785,3.6148533655791653
1463,Kupfer,0.4,0.002405,mm,Laborbuch_Papier,0.01,0.002405,mm,3.059,0.000289,m,220,50,Hz,Calib Sign not visible on mes end,Mes,1077.3636548059233,0.965203877459706,0.7439907199632987,1071.9260717309423,1080.5604343437828,8.634362612840505
1464,Kupfer,0.4,0.002405,mm,Laborbuch_Papier,0.01,0.002405,mm,3.059,0.000289,m,220,50,Hz,Calib Sign not visible on mes end,Mes,1087.4844972693363,0.8703222408492861,0.7303069151293944,1084.667826761635,1090.2707248583745,5.602898096739409
1465,Kupfer,0.4,0.002405,mm,Laborbuch_Papier,0.01,0.002405,mm,3.059,0.000289,m,220,50,Hz,Calib Sign not visible on mes end,Mes,1106.265668965919,0.7460767560407442,0.5383577180381914,1100.8728162890613,1109.5909016337312,8.718085344669817
1466,Kupfer,0.4,0.002405,mm,Laborbuch_Papier,0.01,0.002405,mm,3.059,0.000289,m,220,50,Hz,Calib Sign not visible on mes end,Mes,1129.9010593081534,0.4755161580331698,0.3529298554672104,1126.0685814642784,1134.4840772601658,8.41549579588741
1467,Kupfer,0.4,0.002405,mm,Laborbuch_Papier,0.01,0.002405,mm,3.059,0.000289,m,220,50,Hz,Calib Sign not visible on mes end,Mes,1163.3954155822514,0.6815608813330651,0.45371049844680733,1149.489966590395,1168.982091535658,19.492124945262958
1468,Kupfer,0.4,0.002405,mm,Laborbuch_Papier,0.01,0.002405,mm,3.059,0.000289,m,220,50,Hz,Calib Sign not visible on mes end,Mes,1184.540000446273,0.4788935925254465,0.3619016677509428,1181.9084553009936,1187.6297288039457,5.7212735029520445
1469,Kupfer,0.4,0.002405,mm,Laborbuch_Papier,0.01,0.002405,mm,3.059,0.000289,m,220,50,Hz,Calib Sign not visible on mes end,Mes,1223.7767869800514,0.651852607391981,0.396217438429591,1202.181574258944,1231.3200332981364,29.138459039192412
1470,Kupfer,0.4,0.002405,mm,Laborbuch_Papier,0.01,0.002405,mm,3.059,0.000289,m,220,50,Hz,Calib Sign not visible on mes end,Mes,1245.3956713060454,0.4691943373396811,0.31537619574107556,1240.3932362391627,1249.1439098514522,8.750673612289575
1471,Kupfer,0.4,0.002405,mm,Laborbuch_Papier,0.01,0.002405,mm,3.059,0.000289,m,220,50,Hz,Calib Sign not visible on mes end,Mes,1680.3711829668102,0.3210332016713794,0.17933764239209388,1669.3831009367611,1687.9661969299343,18.583095993173174
1472,Kupfer,0.4,0.002405,mm,Laborbuch_Papier,0.01,0.002405,mm,3.059,0.000289,m,220,50,Hz,Calib Sign not visible on mes end,Mes,1963.8781607075541,0.2965494255512399,0.16799997919840814,1953.199493022174,1975.230744472438,22.03125145026388
1473,Kupfer,0.4,0.002405,mm,Laborbuch_Papier,0.01,0.002405,mm,3.059,0.000289,m,220,50,Hz,Calib Sign not visible on mes end,Mes,2187.8224440170343,0.2884028963100087,0.18366851413157936,2179.697003103613,2196.882484786578,17.18548168296502
1474,Kupfer,0.4,0.002405,mm,Laborbuch_Papier,0.01,0.002405,mm,3.059,0.000289,m,220,50,Hz,Calib Sign not visible on mes end,Mes,10179.161819829422,0.5412004768037157,0.42944321933656115,10169.687646851513,10186.919980492607,17.232333641093646
1475,Kupfer,0.4,0.002405,mm,Laborbuch_Papier,0.01,0.002405,mm,3.059,0.000289,m,220,50,Hz,Calib Sign not visible on mes end,Mes,10318.565600428026,1.2930321216846428,0.6832795184935764,10241.708182982145,10396.039785383073,154.3316024009273
1476,Kupfer,0.4,0.002405,mm,Laborbuch_Papier,0.01,0.002405,mm,3.059,0.000289,m,220,50,Hz,Calib Sign not visible on mes end,Mes,10420.108936666053,0.9309239139271495,0.7978265133462162,10411.732485908895,10427.649491674323,15.917005765428257
1477,Kupfer,0.4,0.002405,mm,Laborbuch_Papier,0.01,0.002405,mm,3.059,0.000289,m,220,50,Hz,Calib Sign not visible on mes end,Mes,12589.053357640329,0.4975382996335748,0.2989112896089206,12567.999337641882,12987.250692450529,419.2513548086463
1478,Kupfer,0.4,0.002405,mm,Laborbuch_Papier,0.01,0.002405,mm,3.059,0.000289,m,220,50,Hz,Calib Sign not visible on mes end,Ref,537.5381854889813,1.9183122770456513,1.5036998050314412,490.96260465636897,550.764082776347,59.801478119978015
1479,Kupfer,0.4,0.002405,mm,Laborbuch_Papier,0.01,0.002405,mm,3.059,0.000289,m,220,50,Hz,Calib Sign not visible on mes end,Ref,589.4750147897598,1.4731252995534274,1.2485592599128608,575.622885184458,603.0986380906239,27.475752906165894
1480,Kupfer,0.4,0.002405,mm,Laborbuch_Papier,0.01,0.002405,mm,3.059,0.000289,m,220,50,Hz,Calib Sign not visible on mes end,Ref,645.2743844107518,1.0199524119324204,0.907632792794256,643.0485811759958,648.6974294821616,5.64884830616586
1481,Kupfer,0.4,0.002405,mm,Laborbuch_Papier,0.01,0.002405,mm,3.059,0.000289,m,220,50,Hz,Calib Sign not visible on mes end,Ref,847.7836261301272,1.3773720200819521,1.115491818704585,832.36519958106,862.4483240579566,30.083124476896614
1482,Kupfer,0.4,0.002405,mm,Laborbuch_Papier,0.01,0.002405,mm,3.059,0.000289,m,220,50,Hz,Calib Sign not visible on mes end,Ref,877.3363042660277,1.5080883019543525,1.3339211329135277,874.9730271783816,880.4475833485897,5.474556170208075
1483,Kupfer,0.4,0.002405,mm,Laborbuch_Papier,0.01,0.002405,mm,3.059,0.000289,m,220,50,Hz,Calib Sign not visible on mes end,Ref,891.7981597122209,1.4579904443167973,1.34929361453037,890.3375425857545,893.1305720374653,2.7930294517108223
1484,Kupfer,0.4,0.002405,mm,Laborbuch_Papier,0.01,0.002405,mm,3.059,0.000289,m,220,50,Hz,Calib Sign not visible on mes end,Ref,898.666866566825,1.4601878227509382,1.3121379745081079,896.7601208503398,900.5014337721901,3.7413129218502945
1485,Kupfer,0.4,0.002405,mm,Laborbuch_Papier,0.01,0.002405,mm,3.059,0.000289,m,220,50,Hz,Calib Sign not visible on mes end,Ref,907.0427015210054,1.4659135408728645,1.3352443239901195,905.271438039031,908.9468280305794,3.6753899915484
1486,Kupfer,0.4,0.002405,mm,Laborbuch_Papier,0.01,0.002405,mm,3.059,0.000289,m,220,50,Hz,Calib Sign not visible on mes end,Ref,914.6902639054001,1.5818044987071904,1.3407987562436616,912.4580622302396,924.5841206243904,12.126058394150732
1487,Kupfer,0.4,0.002405,mm,Laborbuch_Papier,0.01,0.002405,mm,3.059,0.000289,m,220,50,Hz,Calib Sign not visible on mes end,Ref,966.8992716891257,1.9829284183847193,1.7959321541055808,960.4288056218393,972.8965835962367,12.46777797439745
1488,Kupfer,0.4,0.002405,mm,Laborbuch_Papier,0.01,0.002405,mm,3.059,0.000289,m,220,50,Hz,Calib Sign not visible on mes end,Ref,1001.9410691627671,2.3685852811561183,1.6365072816945825,979.409590308893,1069.026288638495,89.61669832960206
1489,Kupfer,0.4,0.002405,mm,Laborbuch_Papier,0.01,0.002405,mm,3.059,0.000289,m,220,50,Hz,Calib Sign not visible on mes end,Ref,1031.1739234361216,2.1971389626907474,2.0943763831600752,1028.0283105053759,1035.1135039215253,7.085193416149423
1490,Kupfer,0.4,0.002405,mm,Laborbuch_Papier,0.01,0.002405,mm,3.059,0.000289,m,220,50,Hz,Calib Sign not visible on mes end,Ref,1050.0244800094026,2.1336005240898976,1.9868650447815188,1043.640064631261,1054.8840721743254,11.2440075430643
1491,Kupfer,0.4,0.002405,mm,Laborbuch_Papier,0.01,0.002405,mm,3.059,0.000289,m,220,50,Hz,Calib Sign not visible on mes end,Ref,1074.3127386826077,1.8450724589770342,1.7405172664606068,1071.8642046433783,1077.1646884875456,5.300483844167275
1492,Kupfer,0.4,0.002405,mm,Laborbuch_Papier,0.01,0.002405,mm,3.059,0.000289,m,220,50,Hz,Calib Sign not visible on mes end,Ref,1145.6219024231593,1.5604656320865993,1.343872369247346,1128.180693195895,1160.96718644032,32.786493244424946
1493,Kupfer,0.4,0.002405,mm,Laborbuch_Papier,0.01,0.002405,mm,3.059,0.000289,m,220,50,Hz,Calib Sign not visible on mes end,Ref,1190.732098070182,1.3044928246865066,1.174364935671289,1174.2069696477777,1200.055591607709,25.84862195993128
1494,Kupfer,0.4,0.002405,mm,Laborbuch_Papier,0.01,0.002405,mm,3.059,0.000289,m,220,50,Hz,Calib Sign not visible on mes end,Ref,1250.6540617141222,1.3559413641679319,1.1810586258051452,1230.0651263318084,1262.75745679209,32.69233046028148
1495,Kupfer,0.4,0.002405,mm,Laborbuch_Papier,0.01,0.002405,mm,3.059,0.000289,m,220,50,Hz,Calib Sign not visible on mes end,Ref,1309.8565213274026,1.4418330700866615,1.2116087910388116,1289.9844559286385,1313.4904304895972,23.505974560958748
1496,Kupfer,0.4,0.002405,mm,Laborbuch_Papier,0.01,0.002405,mm,3.059,0.000289,m,220,50,Hz,Calib Sign not visible on mes end,Ref,1341.8009847278681,2.054327608479837,1.6691435303141176,1337.8467825068076,1362.6023482441467,24.75556573733911
1497,Kupfer,0.4,0.002405,mm,Laborbuch_Papier,0.01,0.002405,mm,3.059,0.000289,m,220,50,Hz,Calib Sign not visible on mes end,Ref,1354.8073201530647,1.9921664478184773,1.872833768023146,1351.8547308864702,1357.7872561658462,5.932525279376023
1498,Kupfer,0.4,0.002405,mm,Laborbuch_Papier,0.01,0.002405,mm,3.059,0.000289,m,220,50,Hz,Calib Sign not visible on mes end,Ref,1373.8846892388158,1.664009690608541,1.526063865905571,1371.2123339646284,1378.5765014533008,7.364167488672365
1499,Kupfer,0.4,0.002405,mm,Laborbuch_Papier,0.01,0.002405,mm,3.059,0.000289,m,220,50,Hz,Calib Sign not visible on mes end,Ref,1407.9214656422612,2.183566817835985,1.5633082439731194,1385.78291092517,1445.8136114182275,60.030700493057566
1500,Kupfer,0.4,0.002405,mm,Laborbuch_Papier,0.01,0.002405,mm,3.059,0.000289,m,220,50,Hz,Calib Sign not visible on mes end,Ref,1427.120599988356,2.050696761653765,1.8724364307734485,1422.548179328724,1431.250545958796,8.702366630071992
1501,Kupfer,0.4,0.002405,mm,Laborbuch_Papier,0.01,0.002405,mm,3.059,0.000289,m,220,50,Hz,Calib Sign not visible on mes end,Ref,1471.7399678099446,1.8592670988340945,1.428343991624399,1467.544008447521,1508.334503980114,40.79049553259301
1502,Kupfer,0.4,0.002405,mm,Laborbuch_Papier,0.01,0.002405,mm,3.059,0.000289,m,220,50,Hz,Calib Sign not visible on mes end,Ref,1520.7883956989604,1.2601785474600264,1.1307273041370065,1517.877020292635,1523.4474067836347,5.570386490999681
1503,Kupfer,0.4,0.002405,mm,Laborbuch_Papier,0.01,0.002405,mm,3.059,0.000289,m,220,50,Hz,Calib Sign not visible on mes end,Ref,1549.0423642336618,2.51232530383177,1.839448279912735,1538.972267819045,1552.634717138079,13.66244931903384
1504,Kupfer,0.4,0.002405,mm,Laborbuch_Papier,0.01,0.002405,mm,3.059,0.000289,m,220,50,Hz,Calib Sign not visible on mes end,Ref,1598.5435569264469,3.6000395284960973,2.626906722079891,1594.7467999812789,1602.9660289129067,8.219228931627867
1505,Kupfer,0.4,0.002405,mm,Laborbuch_Papier,0.01,0.002405,mm,3.059,0.000289,m,220,50,Hz,Calib Sign not visible on mes end,Ref,1625.0437268883716,2.2000346917422773,1.9882824722729535,1622.6506317615763,1628.8562053853998,6.205573623823511
1506,Kupfer,0.4,0.002405,mm,Laborbuch_Papier,0.01,0.002405,mm,3.059,0.000289,m,220,50,Hz,Calib Sign not visible on mes end,Ref,1670.424033284239,4.122908345485804,2.423164673187267,1662.6584240819684,1682.4091404264186,19.75071634445021
1507,Kupfer,0.4,0.002405,mm,Laborbuch_Papier,0.01,0.002405,mm,3.059,0.000289,m,220,50,Hz,Calib Sign not visible on mes end,Ref,1735.551026113571,2.4339561473826095,2.1832321888100594,1731.5421198285467,1739.4487338190345,7.906613990487813
1508,Kupfer,0.4,0.002405,mm,Laborbuch_Papier,0.01,0.002405,mm,3.059,0.000289,m,220,50,Hz,Calib Sign not visible on mes end,Ref,1754.2765697479083,2.5904625712906655,1.8938224705695157,1726.0939712710024,1760.341926051831,34.24795478082865
1509,Kupfer,0.4,0.002405,mm,Laborbuch_Papier,0.01,0.002405,mm,3.059,0.000289,m,220,50,Hz,Calib Sign not visible on mes end,Ref,1785.3151952462144,1.7233492012840854,1.4803682758645622,1777.8361785660145,1798.2630166887106,20.426838122696154
1510,Kupfer,0.4,0.002405,mm,Laborbuch_Papier,0.01,0.002405,mm,3.059,0.000289,m,220,50,Hz,Calib Sign not visible on mes end,Ref,1816.224977052734,2.856518308983717,2.019461926442369,1809.4378518118267,1832.1584219615274,22.720570149700734
1511,Kupfer,0.4,0.002405,mm,Laborbuch_Papier,0.01,0.002405,mm,3.059,0.000289,m,220,50,Hz,Calib Sign not visible on mes end,Ref,1849.839588236355,2.188383372737311,1.9448113721131708,1845.4743733447924,1857.3713527833831,11.896979438590733
1512,Kupfer,0.4,0.002405,mm,Laborbuch_Papier,0.01,0.002405,mm,3.059,0.000289,m,220,50,Hz,Calib Sign not visible on mes end,Ref,1873.672977687283,1.7548448898002573,1.628887583807456,1871.1225241428388,1875.548406194792,4.425882051953295
1513,Kupfer,0.4,0.002405,mm,Laborbuch_Papier,0.01,0.002405,mm,3.059,0.000289,m,220,50,Hz,Calib Sign not visible on mes end,Ref,1899.4206602677325,2.590357496502227,1.9742400478534297,1895.2957574685145,1902.954021432313,7.658263963798618
1514,Kupfer,0.4,0.002405,mm,Laborbuch_Papier,0.01,0.002405,mm,3.059,0.000289,m,220,50,Hz,Calib Sign not visible on mes end,Ref,1917.3229929952495,2.0838372413965875,1.8905124811354423,1910.260972769337,1920.7196651564607,10.45869238712362
1515,Kupfer,0.4,0.002405,mm,Laborbuch_Papier,0.01,0.002405,mm,3.059,0.000289,m,220,50,Hz,Calib Sign not visible on mes end,Ref,1952.4030035953547,1.3853039759925339,1.2563979921473787,1949.3252991861623,1959.8168755705308,10.4915763843685
1516,Kupfer,0.4,0.002405,mm,Laborbuch_Papier,0.01,0.002405,mm,3.059,0.000289,m,220,50,Hz,Calib Sign not visible on mes end,Ref,1976.0745642034135,1.901416991214073,1.3823574179068259,1968.9400876218685,1990.9037299023082,21.96364228043967
1517,Kupfer,0.4,0.002405,mm,Laborbuch_Papier,0.01,0.002405,mm,3.059,0.000289,m,220,50,Hz,Calib Sign not visible on mes end,Ref,2030.8590404334839,2.4575130202081032,1.6500203978262737,2022.0479327118908,2041.3338202734935,19.28588756160275
1518,Kupfer,0.4,0.002405,mm,Laborbuch_Papier,0.01,0.002405,mm,3.059,0.000289,m,220,50,Hz,Calib Sign not visible on mes end,Ref,2076.692122884118,2.986803735175815,2.061919594614139,2065.344394234933,2082.541593068886,17.197198833952825
1519,Kupfer,0.4,0.002405,mm,Laborbuch_Papier,0.01,0.002405,mm,3.059,0.000289,m,220,50,Hz,Calib Sign not visible on mes end,Ref,2092.3488163038874,2.4674686452251096,2.2232176509036115,2088.5843355981888,2094.2416585911783,5.657322992989521
1520,Kupfer,0.4,0.002405,mm,Laborbuch_Papier,0.01,0.002405,mm,3.059,0.000289,m,220,50,Hz,Calib Sign not visible on mes end,Ref,2126.699603027722,2.635108058833407,2.2738903390937057,2119.722634378952,2130.5327829888874,10.810148609935368
1521,Kupfer,0.4,0.002405,mm,Laborbuch_Papier,0.01,0.002405,mm,3.059,0.000289,m,220,50,Hz,Calib Sign not visible on mes end,Ref,2156.073659327645,4.251593875067001,2.7236162380068807,2145.1091562034094,2165.5604442997337,20.451288096324333
1522,Kupfer,0.4,0.002405,mm,Laborbuch_Papier,0.01,0.002405,mm,3.059,0.000289,m,220,50,Hz,Calib Sign not visible on mes end,Ref,2178.1124159367696,3.829139143288665,3.1298845503675885,2174.2187303074,2187.0817525675407,12.863022260140497
1523,Kupfer,0.4,0.002405,mm,Laborbuch_Papier,0.01,0.002405,mm,3.059,0.000289,m,220,50,Hz,Calib Sign not visible on mes end,Ref,2230.4162292619967,8.452718579242555,4.871058540755382,2225.572515418112,2238.0761524843097,12.503637066197825
1524,Kupfer,0.4,0.002405,mm,Laborbuch_Papier,0.01,0.002405,mm,3.059,0.000289,m,220,50,Hz,Calib Sign not visible on mes end,Ref,2253.68312219737,4.066380943398639,3.1782810269254225,2249.2994632010036,2259.552885808923,10.25342260791922
1525,Kupfer,0.4,0.002405,mm,Laborbuch_Papier,0.01,0.002405,mm,3.059,0.000289,m,220,50,Hz,Calib Sign not visible on mes end,Ref,2271.416975524561,1.877291613214037,1.7266962297664037,2268.264014635211,2279.77028763373,11.506272998518853
1526,Kupfer,0.4,0.002405,mm,Laborbuch_Papier,0.01,0.002405,mm,3.059,0.000289,m,220,50,Hz,Calib Sign not visible on mes end,Ref,2298.0365641648546,11.190539286340265,7.18806083113813,2293.3018903979173,2306.7007811750286,13.398890777111319
1527,Kupfer,0.4,0.002405,mm,Laborbuch_Papier,0.01,0.002405,mm,3.059,0.000289,m,220,50,Hz,Calib Sign not visible on mes end,Ref,2325.9613455039653,3.819305254398966,3.6392547179789503,2323.8590675861765,2327.760972990868,3.901905404691661
1528,Kupfer,0.4,0.002405,mm,Laborbuch_Papier,0.01,0.002405,mm,3.059,0.000289,m,220,50,Hz,Calib Sign not visible on mes end,Ref,2336.006873658811,3.7783115672861722,3.614169773254627,2334.2727251503993,2338.3270741949123,4.054349044512946
1529,Kupfer,0.4,0.002405,mm,Laborbuch_Papier,0.01,0.002405,mm,3.059,0.000289,m,220,50,Hz,Calib Sign not visible on mes end,Ref,2351.3556111864514,12.942831582997197,7.20144105346508,2347.594811370647,2355.8475165759482,8.252705205301027
1530,Kupfer,0.4,0.002405,mm,Laborbuch_Papier,0.01,0.002405,mm,3.059,0.000289,m,220,50,Hz,Calib Sign not visible on mes end,Ref,2377.02712512622,5.948131403186082,5.50583836370641,2367.8982982449784,2379.754315969329,11.85601772435075
1531,Kupfer,0.4,0.002405,mm,Laborbuch_Papier,0.01,0.002405,mm,3.059,0.000289,m,220,50,Hz,Calib Sign not visible on mes end,Ref,2424.7315196175105,5.2245293752183795,4.064526911358216,2415.8098718804426,2429.101874630965,13.292002750522443
1532,Kupfer,0.4,0.002405,mm,Laborbuch_Papier,0.01,0.002405,mm,3.059,0.000289,m,220,50,Hz,Calib Sign not visible on mes end,Ref,2439.2737114692554,3.328822203056746,3.096979291954069,2436.637694512078,2441.912580136972,5.274885624894068
1533,Kupfer,0.4,0.002405,mm,Laborbuch_Papier,0.01,0.002405,mm,3.059,0.000289,m,220,50,Hz,Calib Sign not visible on mes end,Ref,2451.07209146926,3.508780799858982,3.1788550567261753,2447.9334751891047,2454.3469431719245,6.413467982819839
1534,Kupfer,0.4,0.002405,mm,Laborbuch_Papier,0.01,0.002405,mm,3.059,0.000289,m,220,50,Hz,Calib Sign not visible on mes end,Ref,2465.648920105234,3.1567993316325564,3.034326575603669,2462.4253121990737,2467.8414844897416,5.416172290667873
1535,Kupfer,0.4,0.002405,mm,Laborbuch_Papier,0.01,0.002405,mm,3.059,0.000289,m,220,50,Hz,Calib Sign not visible on mes end,Ref,2495.024761497652,4.152295081799877,4.0353525249685385,2493.73863462723,2496.6669763229033,2.9283416956732253
1536,Kupfer,0.4,0.002405,mm,Laborbuch_Papier,0.01,0.002405,mm,3.059,0.000289,m,220,50,Hz,Calib Sign not visible on mes end,Ref,2506.398321895186,5.102726243365989,3.357351883461653,2491.551822861405,2512.2108596922044,20.659036830799323
1537,Kupfer,0.4,0.002405,mm,Laborbuch_Papier,0.01,0.002405,mm,3.059,0.000289,m,220,50,Hz,Calib Sign not visible on mes end,Ref,2542.1805691590125,2.734390982446642,2.486938768170836,2538.2122247906054,2545.2931121409015,7.080887350296052
1538,Kupfer,0.4,0.002405,mm,Laborbuch_Papier,0.01,0.002405,mm,3.059,0.000289,m,220,50,Hz,Calib Sign not visible on mes end,Ref,2574.95391674506,10.704136160660122,6.8470015041152825,2567.7905144124543,2579.565256405675,11.774741993220687
1539,Kupfer,0.4,0.002405,mm,Laborbuch_Papier,0.01,0.002405,mm,3.059,0.000289,m,220,50,Hz,Calib Sign not visible on mes end,Ref,2600.9240445203973,4.239784446563982,3.665436773592674,2597.9134046982217,2604.028350491112,6.114945792890467
1540,Kupfer,0.4,0.002405,mm,Laborbuch_Papier,0.01,0.002405,mm,3.059,0.000289,m,220,50,Hz,Calib Sign not visible on mes end,Ref,2622.6413237110855,4.686337111276692,3.877767973785679,2617.560144636306,2627.2571888569137,9.697044220607495
1541,Kupfer,0.4,0.002405,mm,Laborbuch_Papier,0.01,0.002405,mm,3.059,0.000289,m,220,50,Hz,Calib Sign not visible on mes end,Ref,2652.4685302840676,16.53962600306325,9.473238164780607,2648.1853657274764,2656.3906285037265,8.205262776250038
1542,Kupfer,0.4,0.002405,mm,Laborbuch_Papier,0.01,0.002405,mm,3.059,0.000289,m,220,50,Hz,Calib Sign not visible on mes end,Ref,2672.1062560575565,4.508574391163742,4.031600440453317,2669.16727406955,2674.5750316995377,5.407757629987827
1543,Kupfer,0.4,0.002405,mm,Laborbuch_Papier,0.01,0.002405,mm,3.059,0.000289,m,220,50,Hz,Calib Sign not visible on mes end,Ref,2688.3285973930056,3.597713690605372,3.425309683359402,2685.8367918062436,2690.6777649999453,4.840973193701757
1544,Kupfer,0.4,0.002405,mm,Laborbuch_Papier,0.01,0.002405,mm,3.059,0.000289,m,220,50,Hz,Calib Sign not visible on mes end,Ref,2701.83058742862,4.782959082911752,4.5427595450329665,2700.0222557218785,2703.983456114043,3.961200392164301
1545,Kupfer,0.4,0.002405,mm,Laborbuch_Papier,0.01,0.002405,mm,3.059,0.000289,m,220,50,Hz,Calib Sign not visible on mes end,Ref,2713.729160246406,5.334321443304302,4.0142022242747,2698.007496743481,2719.143496921648,21.136000178166796
1546,Kupfer,0.4,0.002405,mm,Laborbuch_Papier,0.01,0.002405,mm,3.059,0.000289,m,220,50,Hz,Calib Sign not visible on mes end,Ref,2729.6474662911896,3.201211271625984,3.0038159313461676,2727.2118053824797,2732.1694046163207,4.957599233840938
1547,Kupfer,0.4,0.002405,mm,Laborbuch_Papier,0.01,0.002405,mm,3.059,0.000289,m,220,50,Hz,Calib Sign not visible on mes end,Ref,2757.432413224549,6.6201932650760655,4.517794753688453,2745.06757955864,2763.667602583147,18.60002302450721
1548,Kupfer,0.4,0.002405,mm,Laborbuch_Papier,0.01,0.002405,mm,3.059,0.000289,m,220,50,Hz,Calib Sign not visible on mes end,Ref,2805.6369711854472,16.973503404045726,10.445799679769584,2798.9839742768686,2810.791210545405,11.807236268536599
1549,Kupfer,0.4,0.002405,mm,Laborbuch_Papier,0.01,0.002405,mm,3.059,0.000289,m,220,50,Hz,Calib Sign not visible on mes end,Ref,2823.3651765491695,9.620228100842322,9.375252404407487,2822.235563733277,2825.1039253459553,2.8683616126782
1550,Kupfer,0.4,0.002405,mm,Laborbuch_Papier,0.01,0.002405,mm,3.059,0.000289,m,220,50,Hz,Calib Sign not visible on mes end,Ref,2832.625453370779,11.025093795748097,8.757834802842405,2821.26923472433,2837.250599316533,15.981364592203136
1551,Kupfer,0.4,0.002405,mm,Laborbuch_Papier,0.01,0.002405,mm,3.059,0.000289,m,220,50,Hz,Calib Sign not visible on mes end,Ref,2862.8682880441297,10.09385160104743,8.429848764634368,2859.697484372892,2865.8992463969016,6.20176202400944
1552,Kupfer,0.4,0.002405,mm,Laborbuch_Papier,0.01,0.002405,mm,3.059,0.000289,m,220,50,Hz,Calib Sign not visible on mes end,Ref,2880.0825086461123,14.67094629684891,10.337963937424497,2875.5535051510055,2883.753012042508,8.199506891502551
1553,Kupfer,0.4,0.002405,mm,Laborbuch_Papier,0.01,0.002405,mm,3.059,0.000289,m,220,50,Hz,Calib Sign not visible on mes end,Ref,2900.836075230784,29.258388496374238,14.803823504476178,2895.6838444256546,2909.376336786768,13.692492361113636
1554,Kupfer,0.4,0.002405,mm,Laborbuch_Papier,0.01,0.002405,mm,3.059,0.000289,m,220,50,Hz,Calib Sign not visible on mes end,Ref,2955.8095419105707,15.506251207602658,10.436547890505514,2949.9126069185936,2967.5817054065365,17.669098487942847
1555,Kupfer,0.4,0.002405,mm,Laborbuch_Papier,0.01,0.002405,mm,3.059,0.000289,m,220,50,Hz,Calib Sign not visible on mes end,Ref,3016.197027509164,11.014165642802242,8.292982341322915,3011.6973292336356,3021.470674620354,9.773345386718574
1556,Kupfer,0.4,0.002405,mm,Laborbuch_Papier,0.01,0.002405,mm,3.059,0.000289,m,220,50,Hz,Calib Sign not visible on mes end,Ref,3046.418104062628,9.329764902311021,7.850255348677107,3034.625106922655,3056.7157556265342,22.090648703879197
1557,Kupfer,0.4,0.002405,mm,Laborbuch_Papier,0.01,0.002405,mm,3.059,0.000289,m,220,50,Hz,Calib Sign not visible on mes end,Ref,3074.4093614685403,6.416710071048713,6.265872256293838,3072.363485187782,3077.2143054428475,4.850820255065628
1558,Kupfer,0.4,0.002405,mm,Laborbuch_Papier,0.01,0.002405,mm,3.059,0.000289,m,220,50,Hz,Calib Sign not visible on mes end,Ref,3096.1104875720466,18.51192958044847,11.713250915550468,3088.1388477257387,3101.309051638812,13.170203913073237
1559,Kupfer,0.4,0.002405,mm,Laborbuch_Papier,0.01,0.002405,mm,3.059,0.000289,m,220,50,Hz,Calib Sign not visible on mes end,Ref,3154.4811185035496,11.73976551575779,7.506046855486817,3145.5602519772847,3164.5595146837404,18.99926270645574
1560,Kupfer,0.4,0.002405,mm,Laborbuch_Papier,0.01,0.002405,mm,3.059,0.000289,m,220,50,Hz,Calib Sign not visible on mes end,Ref,3179.890458336604,3.899203746736125,3.558186259694636,3176.955249559634,3182.693664941497,5.738415381862978
1561,Kupfer,0.4,0.002405,mm,Laborbuch_Papier,0.01,0.002405,mm,3.059,0.000289,m,220,50,Hz,Calib Sign not visible on mes end,Ref,3206.466685695438,2.155787753047742,1.9891973990665486,3202.7304666798555,3216.4760116163566,13.745544936501119
1562,Kupfer,0.4,0.002405,mm,Laborbuch_Papier,0.01,0.002405,mm,3.059,0.000289,m,220,50,Hz,Calib Sign not visible on mes end,Ref,3231.8346208183275,1.9565556551175578,1.782358373892641,3227.385756342204,3235.49274332021,8.106986978006262
1563,Kupfer,0.4,0.002405,mm,Laborbuch_Papier,0.01,0.002405,mm,3.059,0.000289,m,220,50,Hz,Calib Sign not visible on mes end,Ref,3266.628740020998,1.3958848855822577,1.2065450279556567,3261.441684372616,3270.4898378350995,9.048153462483697
1564,Kupfer,0.4,0.002405,mm,Laborbuch_Papier,0.01,0.002405,mm,3.059,0.000289,m,220,50,Hz,Calib Sign not visible on mes end,Ref,3294.994719720061,1.059695388415438,0.907829604655306,3288.7754106703637,3300.4637241484847,11.688313478121017
1565,Kupfer,0.4,0.002405,mm,Laborbuch_Papier,0.01,0.002405,mm,3.059,0.000289,m,220,50,Hz,Calib Sign not visible on mes end,Ref,3320.475266609323,1.1330890267521299,0.974415426827018,3312.7289012866063,3325.692226189308,12.963324902701515
1566,Kupfer,0.4,0.002405,mm,Laborbuch_Papier,0.01,0.002405,mm,3.059,0.000289,m,220,50,Hz,Calib Sign not visible on mes end,Ref,3350.004827584013,1.8559872978968683,1.261117165064991,3339.3743784520993,3363.075198255726,23.700819803626473
1567,Kupfer,0.4,0.002405,mm,Laborbuch_Papier,0.01,0.002405,mm,3.059,0.000289,m,220,50,Hz,Calib Sign not visible on mes end,Ref,3394.3677869621392,1.461261003654137,1.1497482738969582,3380.0701138053555,3403.6013589445065,23.531245139150997
1568,Kupfer,0.4,0.002405,mm,Laborbuch_Papier,0.01,0.002405,mm,3.059,0.000289,m,220,50,Hz,Calib Sign not visible on mes end,Ref,3434.5176705135445,1.3152055809599812,1.1931720876352474,3428.509902620891,3439.8211554127925,11.311252791901552
1569,Kupfer,0.4,0.002405,mm,Laborbuch_Papier,0.01,0.002405,mm,3.059,0.000289,m,220,50,Hz,Calib Sign not visible on mes end,Ref,3457.82918319511,1.1760554499816689,1.0321871231611421,3452.737065345802,3463.2352941703925,10.49822882459057
1570,Kupfer,0.4,0.002405,mm,Laborbuch_Papier,0.01,0.002405,mm,3.059,0.000289,m,220,50,Hz,Calib Sign not visible on mes end,Ref,3521.0948326673156,1.8311899133145124,1.2626607455927252,3496.53600900033,3531.814496685299,35.27848768496915
1571,Kupfer,0.4,0.002405,mm,Laborbuch_Papier,0.01,0.002405,mm,3.059,0.000289,m,220,50,Hz,Calib Sign not visible on mes end,Ref,3569.4673601894883,1.9036163019708106,1.5010059276582637,3562.908202173152,3577.635109143918,14.726906970765867
1572,Kupfer,0.4,0.002405,mm,Laborbuch_Papier,0.01,0.002405,mm,3.059,0.000289,m,220,50,Hz,Calib Sign not visible on mes end,Ref,3671.4629711156467,5.4622454458590965,4.7835354836998585,3667.424821989922,3688.809608456247,21.384786466325295
1573,Kupfer,0.4,0.002405,mm,Laborbuch_Papier,0.01,0.002405,mm,3.059,0.000289,m,220,50,Hz,Calib Sign not visible on mes end,Ref,3684.5964221112636,5.295789542554962,5.193150318159008,3680.8695708859796,3686.3690619204176,5.499491034438051
1574,Kupfer,0.4,0.002405,mm,Laborbuch_Papier,0.01,0.002405,mm,3.059,0.000289,m,220,50,Hz,Calib Sign not visible on mes end,Ref,3712.5326359808864,8.191003987216762,6.228156389590934,3703.8146295816514,3720.8273055959407,17.012676014289354
1575,Kupfer,0.4,0.002405,mm,Laborbuch_Papier,0.01,0.002405,mm,3.059,0.000289,m,220,50,Hz,Calib Sign not visible on mes end,Ref,3774.077875343549,12.620393015975898,6.6201938840666115,3759.9164991479747,3786.354382107227,26.43788295925242
1576,Kupfer,0.4,0.002405,mm,Laborbuch_Papier,0.01,0.002405,mm,3.059,0.000289,m,220,50,Hz,Calib Sign not visible on mes end,Ref,3839.449342894398,7.135460519820996,5.5881812187826325,3832.2318661227296,3848.8272117597417,16.595345637012088
1577,Kupfer,0.4,0.002405,mm,Laborbuch_Papier,0.01,0.002405,mm,3.059,0.000289,m,220,50,Hz,Calib Sign not visible on mes end,Ref,3909.5167258543775,5.902026616176854,4.569763700279709,3896.226168025008,3927.700940676175,31.47477265116686
1578,Kupfer,0.4,0.002405,mm,Laborbuch_Papier,0.01,0.002405,mm,3.059,0.000289,m,220,50,Hz,Calib Sign not visible on mes end,Ref,3975.3063510728734,3.9195083330912928,3.57127797345216,3968.276271327278,3981.858566170925,13.58229484364665
1579,Kupfer,0.4,0.002405,mm,Laborbuch_Papier,0.01,0.002405,mm,3.059,0.000289,m,220,50,Hz,Calib Sign not visible on mes end,Ref,4088.1277292988257,2.084121319777046,1.9119946186416636,4082.2801957522715,4093.448073299657,11.167877547385615
1580,Kupfer,0.4,0.002405,mm,Laborbuch_Papier,0.01,0.002405,mm,3.059,0.000289,m,220,50,Hz,Calib Sign not visible on mes end,Ref,4128.517188853334,2.55931514186907,2.0200229930871174,4113.548157902105,4138.059704558024,24.51154665591912
1581,Kupfer,0.4,0.002405,mm,Laborbuch_Papier,0.01,0.002405,mm,3.059,0.000289,m,220,50,Hz,Calib Sign not visible on mes end,Ref,4187.280155442564,2.4317241150361606,2.066309393266023,4170.573256908194,4198.573723783163,28.00046687496888
1582,Kupfer,0.4,0.002405,mm,Laborbuch_Papier,0.01,0.002405,mm,3.059,0.000289,m,220,50,Hz,Calib Sign not visible on mes end,Ref,4259.7432088472215,2.1015869719061686,1.9452106400105067,4252.799185630833,4271.692422594656,18.893236963823256
1583,Kupfer,0.4,0.002405,mm,Laborbuch_Papier,0.01,0.002405,mm,3.059,0.000289,m,220,50,Hz,Calib Sign not visible on mes end,Ref,4343.058683093378,2.0910314085440955,1.8056370916651998,4335.0946749795685,4356.867461670077,21.772786690508838
1584,Kupfer,0.4,0.002405,mm,Laborbuch_Papier,0.01,0.002405,mm,3.059,0.000289,m,220,50,Hz,Calib Sign not visible on mes end,Ref,4421.142628698302,2.003697435458486,1.7928086828854597,4389.664286228063,4433.664010196297,43.99972396823341
1585,Kupfer,0.4,0.002405,mm,Laborbuch_Papier,0.01,0.002405,mm,3.059,0.000289,m,220,50,Hz,Calib Sign not visible on mes end,Ref,4511.987827412421,2.2449401895284855,2.1133237291793843,4498.345095201257,4519.755038300351,21.409943099093653
1586,Kupfer,0.4,0.002405,mm,Laborbuch_Papier,0.01,0.002405,mm,3.059,0.000289,m,220,50,Hz,Calib Sign not visible on mes end,Ref,4558.897367955034,2.912045018829401,2.761458407933897,4547.456904690202,4566.200630127298,18.743725437096145
1587,Kupfer,0.4,0.002405,mm,Laborbuch_Papier,0.01,0.002405,mm,3.059,0.000289,m,220,50,Hz,Calib Sign not visible on mes end,Ref,4588.886926025207,2.990140273188051,2.6739040952022233,4576.631520182575,4643.862871011633,67.2313508290581
1588,Kupfer,0.4,0.002405,mm,Laborbuch_Papier,0.01,0.002405,mm,3.059,0.000289,m,220,50,Hz,Calib Sign not visible on mes end,Ref,4691.349135424436,3.228885937830456,2.8941731686925634,4680.692806105574,4706.482617419204,25.789811313629798
1589,Kupfer,0.4,0.002405,mm,Laborbuch_Papier,0.01,0.002405,mm,3.059,0.000289,m,220,50,Hz,Calib Sign not visible on mes end,Ref,4754.023804074122,4.281523111747426,2.9499257608615888,4734.035452429667,4854.267279229539,120.23182679987167
1590,Kupfer,0.4,0.002405,mm,Laborbuch_Papier,0.01,0.002405,mm,3.059,0.000289,m,220,50,Hz,Calib Sign not visible on mes end,Ref,4815.033928417106,3.8423179818986952,3.435707748710483,4801.084482422927,4843.427247148526,42.3427647255985
1591,Kupfer,0.4,0.002405,mm,Laborbuch_Papier,0.01,0.002405,mm,3.059,0.000289,m,220,50,Hz,Calib Sign not visible on mes end,Ref,4886.688711509311,3.444636051163389,3.152608105865929,4872.175465283117,4898.944911224228,26.76944594111137
1592,Kupfer,0.4,0.002405,mm,Laborbuch_Papier,0.01,0.002405,mm,3.059,0.000289,m,220,50,Hz,Calib Sign not visible on mes end,Ref,4937.512883212338,2.4765490294454984,2.2623889078919612,4929.463993311883,4945.708125426863,16.244132114979948
1593,Kupfer,0.4,0.002405,mm,Laborbuch_Papier,0.01,0.002405,mm,3.059,0.000289,m,220,50,Hz,Calib Sign not visible on mes end,Ref,5002.301940504665,1.9693787098030664,1.8174628310358494,4991.438623226646,5014.249957871105,22.81133464445884
1594,Kupfer,0.4,0.002405,mm,Laborbuch_Papier,0.01,0.002405,mm,3.059,0.000289,m,220,50,Hz,Calib Sign not visible on mes end,Ref,5106.031719161132,2.1172514155300033,1.9827195429936124,5073.189520381871,5115.904121561147,42.71460117927563
1595,Kupfer,0.4,0.002405,mm,Laborbuch_Papier,0.01,0.002405,mm,3.059,0.000289,m,220,50,Hz,Calib Sign not visible on mes end,Ref,5317.348800077593,3.747037282526265,3.134355410952896,5306.025885897743,5329.803204141066,23.777318243322952
1596,Kupfer,0.4,0.002405,mm,Laborbuch_Papier,0.01,0.002405,mm,3.059,0.000289,m,220,50,Hz,Calib Sign not visible on mes end,Ref,5388.80127805091,3.505200159382635,3.014672665218658,5377.098614211759,5398.24405879756,21.14544458580076
1597,Kupfer,0.4,0.002405,mm,Laborbuch_Papier,0.01,0.002405,mm,3.059,0.000289,m,220,50,Hz,Calib Sign not visible on mes end,Ref,5457.117746079726,5.334389939994685,3.8062890905514477,5446.021063087937,5466.848519104884,20.8274560169466
1598,Kupfer,0.4,0.002405,mm,Laborbuch_Papier,0.01,0.002405,mm,3.059,0.000289,m,220,50,Hz,Calib Sign not visible on mes end,Ref,5516.930701684456,3.9420565933034237,3.494941083401922,5507.746534185825,5529.150443017,21.403908831174704
1599,Kupfer,0.4,0.002405,mm,Laborbuch_Papier,0.01,0.002405,mm,3.059,0.000289,m,220,50,Hz,Calib Sign not visible on mes end,Ref,5596.876741995662,5.535302949009875,3.4836709164746744,5561.305371455414,5639.593755296005,78.28838384059054
1600,Kupfer,0.4,0.002405,mm,Laborbuch_Papier,0.01,0.002405,mm,3.059,0.000289,m,220,50,Hz,Calib Sign not visible on mes end,Ref,5797.127356214343,0.6988168977623356,0.49633690250957885,5771.731574337656,5807.442065882474,35.71049154481807
1601,Kupfer,0.4,0.002405,mm,Laborbuch_Papier,0.01,0.002405,mm,3.059,0.000289,m,220,50,Hz,Calib Sign not visible on mes end,Ref,5942.529321343746,3.198160941954731,2.955869646825235,5929.030954966139,5984.590589849281,55.55963488314228
1602,Kupfer,0.4,0.002405,mm,Laborbuch_Papier,0.01,0.002405,mm,3.059,0.000289,m,220,50,Hz,Calib Sign not visible on mes end,Ref,6026.717665901002,3.620590344700005,3.37945275424825,6017.610962745915,6036.093629827478,18.482667081563704
1603,Kupfer,0.4,0.002405,mm,Laborbuch_Papier,0.01,0.002405,mm,3.059,0.000289,m,220,50,Hz,Calib Sign not visible on mes end,Ref,6073.112600258385,4.186360824311258,2.2909525669750965,5917.999295439637,6163.868912239153,245.86961679951673
1604,Kupfer,0.4,0.002405,mm,Laborbuch_Papier,0.01,0.002405,mm,3.059,0.000289,m,220,50,Hz,Calib Sign not visible on mes end,Ref,6131.367015673894,3.471229756475833,3.124273924425179,6120.73603839279,6142.063724752999,21.327686360209555
1605,Kupfer,0.4,0.002405,mm,Laborbuch_Papier,0.01,0.002405,mm,3.059,0.000289,m,220,50,Hz,Calib Sign not visible on mes end,Ref,6196.209302201581,2.5981431773313073,2.3644683661212706,6186.8464878256555,6209.933613600325,23.087125774669403
1606,Kupfer,0.4,0.002405,mm,Laborbuch_Papier,0.01,0.002405,mm,3.059,0.000289,m,220,50,Hz,Calib Sign not visible on mes end,Ref,6350.887774901562,2.886958773509002,2.5901812081844136,6337.437169113324,6395.839407700272,58.40223858694844
1607,Kupfer,0.4,0.002405,mm,Laborbuch_Papier,0.01,0.002405,mm,3.059,0.000289,m,220,50,Hz,Calib Sign not visible on mes end,Ref,6501.2172544599525,3.2017737308462584,2.6011818575516545,6485.376698487166,6516.971118788835,31.594420301668833
1608,Kupfer,0.4,0.002405,mm,Laborbuch_Papier,0.01,0.002405,mm,3.059,0.000289,m,220,50,Hz,Calib Sign not visible on mes end,Ref,6539.528505309282,2.795432797350548,2.6598068249901132,6531.054067416519,6551.769168744388,20.71510132786898
1609,Kupfer,0.4,0.002405,mm,Laborbuch_Papier,0.01,0.002405,mm,3.059,0.000289,m,220,50,Hz,Calib Sign not visible on mes end,Ref,6619.860121806874,3.0048430182563948,2.6765301478445975,6605.382345837898,6632.736043353605,27.3536975157067
1610,Kupfer,0.4,0.002405,mm,Laborbuch_Papier,0.01,0.002405,mm,3.059,0.000289,m,220,50,Hz,Calib Sign not visible on mes end,Ref,6931.465237557053,3.533590518956294,2.790995222290152,6894.066905466169,6987.647703885604,93.58079841943436
1611,Kupfer,0.4,0.002405,mm,Laborbuch_Papier,0.01,0.002405,mm,3.059,0.000289,m,220,50,Hz,Calib Sign not visible on mes end,Ref,6966.707054154328,3.264877865566822,3.143085773273489,6960.731719815545,6974.13647391783,13.404754102284642
1612,Kupfer,0.4,0.002405,mm,Laborbuch_Papier,0.01,0.002405,mm,3.059,0.000289,m,220,50,Hz,Calib Sign not visible on mes end,Ref,7062.496660378078,3.8428491886008787,3.2799233636418954,7047.430461193564,7072.531468817335,25.101007623770784
1613,Kupfer,0.4,0.002405,mm,Laborbuch_Papier,0.01,0.002405,mm,3.059,0.000289,m,220,50,Hz,Calib Sign not visible on mes end,Ref,7111.445171766774,4.624090069407104,2.4677451654810447,7032.585821166509,7240.444168128984,207.85834696247457
1614,Kupfer,0.4,0.002405,mm,Laborbuch_Papier,0.01,0.002405,mm,3.059,0.000289,m,220,50,Hz,Calib Sign not visible on mes end,Ref,7167.7900533240745,3.7405052028498065,3.5117470895889564,7156.050404843325,7175.544351867764,19.493947024438967
1615,Kupfer,0.4,0.002405,mm,Laborbuch_Papier,0.01,0.002405,mm,3.059,0.000289,m,220,50,Hz,Calib Sign not visible on mes end,Ref,7482.60892574797,3.593240128467469,3.352699865138945,7469.721300394766,7491.04968702768,21.328386632913862
1616,Kupfer,0.4,0.002405,mm,Laborbuch_Papier,0.01,0.002405,mm,3.059,0.000289,m,220,50,Hz,Calib Sign not visible on mes end,Ref,7528.702062134485,4.072459377831899,3.7089675587317457,7514.954268376243,7556.0986963453215,41.144427969078606
1617,Kupfer,0.4,0.002405,mm,Laborbuch_Papier,0.01,0.002405,mm,3.059,0.000289,m,220,50,Hz,Calib Sign not visible on mes end,Ref,7594.019587011463,4.217886431016806,4.104850293302286,7587.477012247175,7604.165876898713,16.688864651538097
1618,Kupfer,0.4,0.002405,mm,Laborbuch_Papier,0.01,0.002405,mm,3.059,0.000289,m,220,50,Hz,Calib Sign not visible on mes end,Ref,7643.798457778271,5.599070675201734,5.418795503767602,7639.15276574468,7649.506526266018,10.35376052133779
1619,Kupfer,0.4,0.002405,mm,Laborbuch_Papier,0.01,0.002405,mm,3.059,0.000289,m,220,50,Hz,Calib Sign not visible on mes end,Ref,7668.898648064094,5.7036784960501645,4.085022065587726,7623.941746159223,7685.530017172687,61.58827101346378
1620,Kupfer,0.4,0.002405,mm,Laborbuch_Papier,0.01,0.002405,mm,3.059,0.000289,m,220,50,Hz,Calib Sign not visible on mes end,Ref,7757.788217087844,3.720750807144437,3.36771051807552,7747.8841233263975,7765.105078689864,17.2209553634666
1621,Kupfer,0.4,0.002405,mm,Laborbuch_Papier,0.01,0.002405,mm,3.059,0.000289,m,220,50,Hz,Calib Sign not visible on mes end,Ref,7891.220890036556,8.55386270351361,7.620542379720463,7881.237424011751,7901.338613662137,20.101189650386004
1622,Kupfer,0.4,0.002405,mm,Laborbuch_Papier,0.01,0.002405,mm,3.059,0.000289,m,220,50,Hz,Calib Sign not visible on mes end,Ref,7921.399630460681,8.066479063506549,7.69127977338449,7914.57500369665,7927.986093774071,13.41109007742125
1623,Kupfer,0.4,0.002405,mm,Laborbuch_Papier,0.01,0.002405,mm,3.059,0.000289,m,220,50,Hz,Calib Sign not visible on mes end,Ref,7979.647068847958,13.527314831998606,11.100070545162744,7967.2521512652065,7993.814332111,26.56218084579359
1624,Kupfer,0.4,0.002405,mm,Laborbuch_Papier,0.01,0.002405,mm,3.059,0.000289,m,220,50,Hz,Calib Sign not visible on mes end,Ref,8058.235499102147,13.778000098234743,10.831925337635704,8030.748503105301,8069.436709015064,38.68820590976247
1625,Kupfer,0.4,0.002405,mm,Laborbuch_Papier,0.01,0.002405,mm,3.059,0.000289,m,220,50,Hz,Calib Sign not visible on mes end,Ref,8142.609396306637,27.24894000042674,13.735777752809279,8129.022919030114,8157.254311221836,28.23139219172208
1626,Kupfer,0.4,0.002405,mm,Laborbuch_Papier,0.01,0.002405,mm,3.059,0.000289,m,220,50,Hz,Calib Sign not visible on mes end,Ref,8191.917044516931,12.9104949778113,11.090844408059311,8181.899458022266,8203.872264669695,21.972806647429024
1627,Kupfer,0.4,0.002405,mm,Laborbuch_Papier,0.01,0.002405,mm,3.059,0.000289,m,220,50,Hz,Calib Sign not visible on mes end,Ref,8262.352623576027,9.293397793476842,7.046515425849742,8253.455616474843,8274.187770068444,20.732153593600742
1628,Kupfer,0.4,0.002405,mm,Laborbuch_Papier,0.01,0.002405,mm,3.059,0.000289,m,220,50,Hz,Calib Sign not visible on mes end,Ref,8338.686307860302,6.362886563053931,5.3555145190602085,8319.61705582158,8350.341614713116,30.724558891535708
1629,Kupfer,0.4,0.002405,mm,Laborbuch_Papier,0.01,0.002405,mm,3.059,0.000289,m,220,50,Hz,Calib Sign not visible on mes end,Ref,8452.006610513152,5.43024727278896,5.111387191237879,8441.118792103303,8460.85719866917,19.73840656586617
1630,Kupfer,0.4,0.002405,mm,Laborbuch_Papier,0.01,0.002405,mm,3.059,0.000289,m,220,50,Hz,Calib Sign not visible on mes end,Ref,8500.112801766618,5.435683429159346,4.900258728595771,8480.380708144452,8517.989599717013,37.60889157256133
1631,Kupfer,0.4,0.002405,mm,Laborbuch_Papier,0.01,0.002405,mm,3.059,0.000289,m,220,50,Hz,Calib Sign not visible on mes end,Ref,8577.091798176893,5.808536807569948,5.229887393764278,8564.427924080028,8595.130492562941,30.702568482913193
1632,Kupfer,0.4,0.002405,mm,Laborbuch_Papier,0.01,0.002405,mm,3.059,0.000289,m,220,50,Hz,Calib Sign not visible on mes end,Ref,8634.710050308826,6.4126167750514425,5.135011266269769,8618.312531980091,8658.065469579224,39.752937599132565
1633,Kupfer,0.4,0.002405,mm,Laborbuch_Papier,0.01,0.002405,mm,3.059,0.000289,m,220,50,Hz,Calib Sign not visible on mes end,Ref,8822.652845808607,12.892517679556097,8.925082102449224,8777.786101913578,8837.058582716776,59.27248080319805
1634,Kupfer,0.4,0.002405,mm,Laborbuch_Papier,0.01,0.002405,mm,3.059,0.000289,m,220,50,Hz,Calib Sign not visible on mes end,Ref,8895.77282823373,7.34907898071103,6.529319062911564,8880.417078325698,8913.109797021612,32.692718695914664
1635,Kupfer,0.4,0.002405,mm,Laborbuch_Papier,0.01,0.002405,mm,3.059,0.000289,m,220,50,Hz,Calib Sign not visible on mes end,Ref,8975.71332556133,15.77069037260059,10.955672229743078,8962.805763245557,9041.678526213682,78.87276296812524
1636,Kupfer,0.4,0.002405,mm,Laborbuch_Papier,0.01,0.002405,mm,3.059,0.000289,m,220,50,Hz,Calib Sign not visible on mes end,Ref,9029.440432965459,13.624150305319484,12.502828997286983,9012.327990175,9037.122071929634,24.794081754635044
1637,Kupfer,0.4,0.002405,mm,Laborbuch_Papier,0.01,0.002405,mm,3.059,0.000289,m,220,50,Hz,Calib Sign not visible on mes end,Ref,9098.985967142335,9.08993135697795,8.299756932827488,9088.943250154809,9108.549093146656,19.605842991846657
1638,Kupfer,0.4,0.002405,mm,Laborbuch_Papier,0.01,0.002405,mm,3.059,0.000289,m,220,50,Hz,Calib Sign not visible on mes end,Ref,9177.573819102183,16.20193964153678,8.479090980429191,9147.042996333212,9207.037377414728,59.99438108151662
1639,Kupfer,0.4,0.002405,mm,Laborbuch_Papier,0.01,0.002405,mm,3.059,0.000289,m,220,50,Hz,Calib Sign not visible on mes end,Ref,9310.781325340968,4.096140449197757,3.9690171316648533,9305.83860515968,9319.778076304161,13.939471144480194
1640,Kupfer,0.4,0.002405,mm,Laborbuch_Papier,0.01,0.002405,mm,3.059,0.000289,m,220,50,Hz,Calib Sign not visible on mes end,Ref,9357.220187756438,7.910332943657778,5.427501016316903,9343.440424380748,9373.147943753467,29.707519372719617
1641,Kupfer,0.4,0.002405,mm,Laborbuch_Papier,0.01,0.002405,mm,3.059,0.000289,m,220,50,Hz,Calib Sign not visible on mes end,Ref,9526.700112366383,13.513275087450337,7.119288283898558,9505.974746586699,9572.410912203035,66.43616561633644
1642,Kupfer,0.4,0.002405,mm,Laborbuch_Papier,0.01,0.002405,mm,3.059,0.000289,m,220,50,Hz,Calib Sign not visible on mes end,Ref,9561.183427613338,8.611336911519723,8.485479192477797,9557.247726232774,9564.200669518219,6.952943285445144
1643,Kupfer,0.4,0.002405,mm,Laborbuch_Papier,0.01,0.002405,mm,3.059,0.000289,m,220,50,Hz,Calib Sign not visible on mes end,Ref,9920.01567189343,4.001673334780205,2.7725352835345145,9883.05924487027,10003.269528573952,120.21028370368185
1644,Kupfer,0.4,0.002405,mm,Laborbuch_Papier,0.01,0.002405,mm,3.059,0.000289,m,220,50,Hz,Calib Sign not visible on mes end,Ref,9981.04650921206,3.4124035624273272,3.2112608106448635,9968.802705397708,9991.536689740667,22.733984342959957
1645,Kupfer,0.4,0.002405,mm,Laborbuch_Papier,0.01,0.002405,mm,3.059,0.000289,m,220,50,Hz,Calib Sign not visible on mes end,Ref,10130.007908882735,2.8882116958679838,2.6387007246257133,10091.259551517425,10156.469881365449,65.21032984802332
1646,Kupfer,0.4,0.002405,mm,Laborbuch_Papier,0.01,0.002405,mm,3.059,0.000289,m,220,50,Hz,Calib Sign not visible on mes end,Ref,10335.851349788012,2.594862169395571,2.491155782196541,10321.901284530368,10375.419119957265,53.51783542689736
1647,Kupfer,0.4,0.002405,mm,Laborbuch_Papier,0.01,0.002405,mm,3.059,0.000289,m,220,50,Hz,Calib Sign not visible on mes end,Ref,10524.35223652506,2.8430842486529007,2.41801058302632,10403.92320935771,10575.704478225656,171.78126886794598
1648,Kupfer,0.4,0.002405,mm,Laborbuch_Papier,0.01,0.002405,mm,3.059,0.000289,m,220,50,Hz,Calib Sign not visible on mes end,Ref,10696.393160754295,2.2723697274876913,2.1498173063482833,10682.942982900116,10707.2643736079,24.321390707784303
1649,Kupfer,0.4,0.002405,mm,Laborbuch_Papier,0.01,0.002405,mm,3.059,0.000289,m,220,50,Hz,Calib Sign not visible on mes end,Ref,10897.631755435288,3.051987554361545,2.3020197724512927,10825.163250452812,11013.727232957317,188.56398250450547
1650,Kupfer,0.4,0.002405,mm,Laborbuch_Papier,0.01,0.002405,mm,3.059,0.000289,m,220,50,Hz,Calib Sign not visible on mes end,Ref,11061.123858864163,2.4361095502534797,2.312375549606771,11042.327731572228,11082.425016758367,40.09728518613883
1651,Kupfer,0.4,0.002405,mm,Laborbuch_Papier,0.01,0.002405,mm,3.059,0.000289,m,220,50,Hz,Calib Sign not visible on mes end,Ref,11154.126155897337,2.125999734493297,1.9903900500375884,11140.529062366943,11163.873071462098,23.344009095155343
1652,Kupfer,0.4,0.002405,mm,Laborbuch_Papier,0.01,0.002405,mm,3.059,0.000289,m,220,50,Hz,Calib Sign not visible on mes end,Ref,11231.08706566254,3.3893240319089104,3.1784532562281544,11222.965520160944,11241.463537076372,18.498016915427797
1653,Kupfer,0.4,0.002405,mm,Laborbuch_Papier,0.01,0.002405,mm,3.059,0.000289,m,220,50,Hz,Calib Sign not visible on mes end,Ref,11286.45228504299,4.29200547635658,4.1345833765715785,11279.375679648707,11295.923642270462,16.547962621754778
1654,Kupfer,0.4,0.002405,mm,Laborbuch_Papier,0.01,0.002405,mm,3.059,0.000289,m,220,50,Hz,Calib Sign not visible on mes end,Ref,11422.633550088209,15.136562126185956,8.086259141794436,11394.275574574742,11504.501143603356,110.2255690286147
1655,Kupfer,0.4,0.002405,mm,Laborbuch_Papier,0.01,0.002405,mm,3.059,0.000289,m,220,50,Hz,Calib Sign not visible on mes end,Ref,11483.139851054593,12.405691038748511,11.301309267182667,11468.391475428693,11493.572292903078,25.18081747438555
1656,Kupfer,0.4,0.002405,mm,Laborbuch_Papier,0.01,0.002405,mm,3.059,0.000289,m,220,50,Hz,Calib Sign not visible on mes end,Ref,11573.27608435307,11.36944524535424,8.36012878813097,11551.164818122224,11587.936397495245,36.77157937302036
1657,Kupfer,0.4,0.002405,mm,Laborbuch_Papier,0.01,0.002405,mm,3.059,0.000289,m,220,50,Hz,Calib Sign not visible on mes end,Ref,11701.52114302543,2.8812591005549137,2.047363282384527,11689.505510907771,11713.36884030721,23.863329399438953
1658,Kupfer,0.4,0.002405,mm,Laborbuch_Papier,0.01,0.002405,mm,3.059,0.000289,m,220,50,Hz,Calib Sign not visible on mes end,Ref,11877.439238752935,4.703043271649053,2.8795582029294096,11844.761361449668,11940.768177260215,96.00681581054778
1659,Kupfer,0.4,0.002405,mm,Laborbuch_Papier,0.01,0.002405,mm,3.059,0.000289,m,220,50,Hz,Calib Sign not visible on mes end,Ref,12073.68939896525,3.4893572510806288,2.8849488145585975,12051.54948160441,12091.914491970969,40.365010366558636
1660,Kupfer,0.4,0.002405,mm,Laborbuch_Papier,0.01,0.002405,mm,3.059,0.000289,m,220,50,Hz,Calib Sign not visible on mes end,Ref,12132.694803598553,2.6208567969161316,2.520311842652473,12123.68802590711,12140.680492391757,16.992466484647593
1661,Kupfer,0.4,0.002405,mm,Laborbuch_Papier,0.01,0.002405,mm,3.059,0.000289,m,220,50,Hz,Calib Sign not visible on mes end,Ref,12212.647656299927,2.056764797093766,1.8846403872671353,12188.611325579199,12235.883888804081,47.272563224882106
1662,Kupfer,0.4,0.002405,mm,Laborbuch_Papier,0.01,0.002405,mm,3.059,0.000289,m,220,50,Hz,Calib Sign not visible on mes end,Ref,12475.875172725502,5.876916903500596,3.5361097257121417,12412.191519169484,12507.550658824028,95.35913965454347
1663,Kupfer,0.4,0.002405,mm,Laborbuch_Papier,0.01,0.002405,mm,3.059,0.000289,m,220,50,Hz,Calib Sign not visible on mes end,Ref,12661.583254740992,2.9288735771200995,2.436221057070746,12631.364472709829,12711.619499515537,80.25502680570753
1664,Kupfer,0.4,0.002405,mm,Laborbuch_Papier,0.01,0.002405,mm,3.059,0.000289,m,220,50,Hz,Calib Sign not visible on mes end,Ref,12815.096353653767,3.020407807988183,2.1559026441174254,12762.049901701597,12866.877924002914,104.8280223013171
1665,Kupfer,0.4,0.002405,mm,Laborbuch_Papier,0.01,0.002405,mm,3.059,0.000289,m,220,50,Hz,Calib Sign not visible on mes end,Ref,12962.537718875205,1.7588709511253786,1.6391053131061706,12950.124127150484,12981.704900513381,31.580773362897162
1666,Kupfer,0.2,0.002405,mm,Laborbuch_Papier,0.01,0.002405,mm,3.035,0.000289,m,373,50,Hz,,Mes,378.47085906446137,2.4510337747232493,1.6821652814086767,372.5483453642798,383.6968366490518,11.148491284772035
1667,Kupfer,0.2,0.002405,mm,Laborbuch_Papier,0.01,0.002405,mm,3.035,0.000289,m,373,50,Hz,,Mes,505.5768159685182,7.3458747353994704,6.916075435550862,496.78901381378637,514.8567412098434,18.06772739605708
1668,Kupfer,0.2,0.002405,mm,Laborbuch_Papier,0.01,0.002405,mm,3.035,0.000289,m,373,50,Hz,,Mes,522.5185663731569,6.7918142673329465,6.658352519384621,521.3597579839711,523.4523012266573,2.0925432426861335
1669,Kupfer,0.2,0.002405,mm,Laborbuch_Papier,0.01,0.002405,mm,3.035,0.000289,m,373,50,Hz,,Mes,552.6959785108113,7.955123133472178,3.9826932029319617,482.82623573930215,586.583369772453,103.75713403315086
1670,Kupfer,0.2,0.002405,mm,Laborbuch_Papier,0.01,0.002405,mm,3.035,0.000289,m,373,50,Hz,,Mes,582.561571600118,4.360607068449854,4.257353842489855,581.4955469714411,583.2770807543519,1.7815337829108557
1671,Kupfer,0.2,0.002405,mm,Laborbuch_Papier,0.01,0.002405,mm,3.035,0.000289,m,373,50,Hz,,Mes,593.7387007450554,3.4558922983981586,3.245389869683115,592.6111769288268,596.3947679087352,3.783590979908354
1672,Kupfer,0.2,0.002405,mm,Laborbuch_Papier,0.01,0.002405,mm,3.035,0.000289,m,373,50,Hz,,Mes,765.521921448018,4.365395447525377,2.6850569771438995,737.9957261782191,793.5647058142457,55.5689796360266
1673,Kupfer,0.2,0.002405,mm,Laborbuch_Papier,0.01,0.002405,mm,3.035,0.000289,m,373,50,Hz,,Mes,809.1045603919754,2.1283039047193952,1.8661520293085812,804.6616732989052,815.267336783751,10.605663484845877
1674,Kupfer,0.2,0.002405,mm,Laborbuch_Papier,0.01,0.002405,mm,3.035,0.000289,m,373,50,Hz,,Mes,848.09358503715,2.0919395354820107,1.9683057563518362,844.0534566031605,853.6035772993931,9.550120696232625
1675,Kupfer,0.2,0.002405,mm,Laborbuch_Papier,0.01,0.002405,mm,3.035,0.000289,m,373,50,Hz,,Mes,902.1904602435037,2.759207023552975,2.598469674460545,898.2934888797112,904.8013102696901,6.507821389978972
1676,Kupfer,0.2,0.002405,mm,Laborbuch_Papier,0.01,0.002405,mm,3.035,0.000289,m,373,50,Hz,,Mes,917.1114103112873,2.8027140786443914,2.1312408795118336,884.1854792087626,922.501689625206,38.31621041644348
1677,Kupfer,0.2,0.002405,mm,Laborbuch_Papier,0.01,0.002405,mm,3.035,0.000289,m,373,50,Hz,,Mes,944.152582539999,2.735236529098132,2.301350542401843,940.1503229476492,953.3154399307753,13.16511698312604
1678,Kupfer,0.2,0.002405,mm,Laborbuch_Papier,0.01,0.002405,mm,3.035,0.000289,m,373,50,Hz,,Mes,966.3636729772276,2.1994079923209755,2.0903888841587235,964.9702765803096,969.3877397539636,4.417463173654028
1679,Kupfer,0.2,0.002405,mm,Laborbuch_Papier,0.01,0.002405,mm,3.035,0.000289,m,373,50,Hz,,Mes,1092.9883869332302,0.9879521165078103,0.6013853936884619,1073.0898378236038,1118.4727049484236,45.38286712481977
1680,Kupfer,0.2,0.002405,mm,Laborbuch_Papier,0.01,0.002405,mm,3.035,0.000289,m,373,50,Hz,,Mes,1253.8293960932658,0.6024884391329414,0.41092825847412956,1234.5792852993418,1261.5384669971966,26.959181697854774
1681,Kupfer,0.2,0.002405,mm,Laborbuch_Papier,0.01,0.002405,mm,3.035,0.000289,m,373,50,Hz,,Mes,1343.169884119548,0.3530871288599373,0.22135432709374508,1321.85620875699,1369.0402638544624,47.18405509747231
1682,Kupfer,0.2,0.002405,mm,Laborbuch_Papier,0.01,0.002405,mm,3.035,0.000289,m,373,50,Hz,,Mes,1647.2606954531748,0.27224000708640084,0.15886749311709658,1623.65617683106,1663.7783864401251,40.12220960906507
1683,Kupfer,0.2,0.002405,mm,Laborbuch_Papier,0.01,0.002405,mm,3.035,0.000289,m,373,50,Hz,,Mes,2322.9024898351317,0.2953369066297571,0.15292085889928386,2304.4119617672686,2342.7490175986813,38.33705583141273
1684,Kupfer,0.2,0.002405,mm,Laborbuch_Papier,0.01,0.002405,mm,3.035,0.000289,m,373,50,Hz,,Mes,10323.847598211822,0.2668023919697162,0.14347741394697422,10234.183948923912,10431.100713280155,196.91676435624322
1685,Kupfer,0.2,0.002405,mm,Laborbuch_Papier,0.01,0.002405,mm,3.035,0.000289,m,373,50,Hz,,Ref,486.6929271438781,1.6846606377575823,1.4984292255441587,448.58656387291813,497.2384337412287,48.65186986831054
1686,Kupfer,0.2,0.002405,mm,Laborbuch_Papier,0.01,0.002405,mm,3.035,0.000289,m,373,50,Hz,,Ref,547.6428317325344,1.515843291958895,1.3143386300090256,529.3240293770858,575.5785888847877,46.254559507701856
1687,Kupfer,0.2,0.002405,mm,Laborbuch_Papier,0.01,0.002405,mm,3.035,0.000289,m,373,50,Hz,,Ref,745.2066073084517,1.369315239704032,1.212936121255611,703.5211479635037,759.5481107569087,56.026962793405005
1688,Kupfer,0.2,0.002405,mm,Laborbuch_Papier,0.01,0.002405,mm,3.035,0.000289,m,373,50,Hz,,Ref,879.0359974983498,1.8770857430505048,1.7305832694750096,875.4478676273725,883.3591316626361,7.911264035263571
1689,Kupfer,0.2,0.002405,mm,Laborbuch_Papier,0.01,0.002405,mm,3.035,0.000289,m,373,50,Hz,,Ref,996.7652488520549,2.501345106053286,1.6626580957308672,937.552905924296,1089.9687138306908,152.41580790639478
1690,Kupfer,0.2,0.002405,mm,Laborbuch_Papier,0.01,0.002405,mm,3.035,0.000289,m,373,50,Hz,,Ref,1030.547204075608,2.104843675109709,1.9782614695058023,1027.56560007122,1034.5958508181868,7.030250746966885
1691,Kupfer,0.2,0.002405,mm,Laborbuch_Papier,0.01,0.002405,mm,3.035,0.000289,m,373,50,Hz,,Ref,1050.772204920168,2.209273379988643,1.9878362339941984,1043.728414908725,1064.2899096883746,20.561494779649593
1692,Kupfer,0.2,0.002405,mm,Laborbuch_Papier,0.01,0.002405,mm,3.035,0.000289,m,373,50,Hz,,Ref,1146.4994623444209,1.4217892262514242,1.2551644957954375,1129.1404732438207,1159.4181000824074,30.277626838586684
1693,Kupfer,0.2,0.002405,mm,Laborbuch_Papier,0.01,0.002405,mm,3.035,0.000289,m,373,50,Hz,,Ref,1236.652221499744,1.3463610626793718,1.1809781257020038,1222.275573366976,1258.5034020027845,36.227828635808464
1694,Kupfer,0.2,0.002405,mm,Laborbuch_Papier,0.01,0.002405,mm,3.035,0.000289,m,373,50,Hz,,Ref,1293.374106501736,1.3967090435634801,1.1871055759867293,1283.063912625043,1312.1012906597236,29.037378034680614
1695,Kupfer,0.2,0.002405,mm,Laborbuch_Papier,0.01,0.002405,mm,3.035,0.000289,m,373,50,Hz,,Ref,1345.8031226559453,1.7746316167879874,1.5016046643478185,1337.110848197692,1360.6009686465597,23.490120448867856
1696,Kupfer,0.2,0.002405,mm,Laborbuch_Papier,0.01,0.002405,mm,3.035,0.000289,m,373,50,Hz,,Ref,1408.4741535240928,1.9580942870547373,1.4347179186336776,1384.7701517881007,1438.6548032913283,53.88465150322759
1697,Kupfer,0.2,0.002405,mm,Laborbuch_Papier,0.01,0.002405,mm,3.035,0.000289,m,373,50,Hz,,Ref,1474.347258389293,2.2147661935071388,1.7207894713337155,1469.4595440336032,1492.6706470847942,23.211103051191003
1698,Kupfer,0.2,0.002405,mm,Laborbuch_Papier,0.01,0.002405,mm,3.035,0.000289,m,373,50,Hz,,Ref,1544.2932162414024,3.154272436500609,2.185994500891425,1539.1795415164318,1553.967552810296,14.788011293864201
1699,Kupfer,0.2,0.002405,mm,Laborbuch_Papier,0.01,0.002405,mm,3.035,0.000289,m,373,50,Hz,,Ref,1598.0946022984267,3.4647582027667365,2.2986009828220504,1593.3360712034792,1602.115078572202,8.779007368722887
1700,Kupfer,0.2,0.002405,mm,Laborbuch_Papier,0.01,0.002405,mm,3.035,0.000289,m,373,50,Hz,,Ref,1623.9748334695512,2.4157187444844546,2.0326089460207237,1620.5354016815509,1627.070928386838,6.535526705287111
1701,Kupfer,0.2,0.002405,mm,Laborbuch_Papier,0.01,0.002405,mm,3.035,0.000289,m,373,50,Hz,,Ref,1669.9420394968315,4.090345882657703,2.3772477779921184,1662.8759577459075,1682.066073132118,19.190115386210437
1702,Kupfer,0.2,0.002405,mm,Laborbuch_Papier,0.01,0.002405,mm,3.035,0.000289,m,373,50,Hz,,Ref,1735.7046294157014,2.168308045926344,1.6219961308670179,1720.9543056821935,1743.033234119298,22.078928437104423
1703,Kupfer,0.2,0.002405,mm,Laborbuch_Papier,0.01,0.002405,mm,3.035,0.000289,m,373,50,Hz,,Ref,1754.7626487178347,2.0796768655044104,1.8100782155340363,1751.956050254088,1758.182505076397,6.2264548223090515
1704,Kupfer,0.2,0.002405,mm,Laborbuch_Papier,0.01,0.002405,mm,3.035,0.000289,m,373,50,Hz,,Ref,1781.5477693078517,1.4006873193176446,1.1533922163746366,1777.521528919174,1786.3046907598032,8.783161840629191
1705,Kupfer,0.2,0.002405,mm,Laborbuch_Papier,0.01,0.002405,mm,3.035,0.000289,m,373,50,Hz,,Ref,1815.379561897683,2.385633854994846,1.4778848071674433,1807.127806520774,1831.7918670601894,24.66406053941546
1706,Kupfer,0.2,0.002405,mm,Laborbuch_Papier,0.01,0.002405,mm,3.035,0.000289,m,373,50,Hz,,Ref,1848.736646995027,1.0667523910642935,0.9466580415814965,1845.1761522717259,1861.642928434988,16.46677616326224
1707,Kupfer,0.2,0.002405,mm,Laborbuch_Papier,0.01,0.002405,mm,3.035,0.000289,m,373,50,Hz,,Ref,1898.6387954942486,1.9852927642689282,1.31198352559746,1891.5145815456801,1903.085826452482,11.571244906801894
1708,Kupfer,0.2,0.002405,mm,Laborbuch_Papier,0.01,0.002405,mm,3.035,0.000289,m,373,50,Hz,,Ref,1973.194898883044,1.4597672391479428,0.9938587704688752,1946.2075137728268,1980.3981337791167,34.19062000628992
1709,Kupfer,0.2,0.002405,mm,Laborbuch_Papier,0.01,0.002405,mm,3.035,0.000289,m,373,50,Hz,,Ref,2028.906378628991,2.700195050550752,1.9635220653033285,2012.2140286708725,2033.1421289313905,20.928100260518022
1710,Kupfer,0.2,0.002405,mm,Laborbuch_Papier,0.01,0.002405,mm,3.035,0.000289,m,373,50,Hz,,Ref,2067.403718707026,3.346140957346873,3.2182740090945003,2065.7656334029107,2069.2978812190026,3.5322478160919673
1711,Kupfer,0.2,0.002405,mm,Laborbuch_Papier,0.01,0.002405,mm,3.035,0.000289,m,373,50,Hz,,Ref,2077.6672247750544,3.9108991791378047,3.281251653427519,2073.753603219771,2080.675337790359,6.921734570588342
1712,Kupfer,0.2,0.002405,mm,Laborbuch_Papier,0.01,0.002405,mm,3.035,0.000289,m,373,50,Hz,,Ref,2094.580134131256,4.978376810252104,4.233616565037877,2091.59215850271,2099.7123122807134,8.120153778003441
1713,Kupfer,0.2,0.002405,mm,Laborbuch_Papier,0.01,0.002405,mm,3.035,0.000289,m,373,50,Hz,,Ref,2156.1068444206503,8.57740163948783,7.376641264013378,2150.456160087236,2161.181869805819,10.725709718582948
1714,Kupfer,0.2,0.002405,mm,Laborbuch_Papier,0.01,0.002405,mm,3.035,0.000289,m,373,50,Hz,,Ref,2177.768821595927,9.035110487814787,7.395976873777396,2172.671565756902,2190.138721974618,17.46715621771591
1715,Kupfer,0.2,0.002405,mm,Laborbuch_Papier,0.01,0.002405,mm,3.035,0.000289,m,373,50,Hz,,Ref,2185.9627743125716,8.470265282521368,8.3351959846758,2184.5921756895746,2187.2416533560463,2.649477666471739
1716,Kupfer,0.2,0.002405,mm,Laborbuch_Papier,0.01,0.002405,mm,3.035,0.000289,m,373,50,Hz,,Ref,2207.9841789505303,7.294526719422911,6.58646543572339,2198.962965076719,2211.759605924415,12.79664084769638
1717,Kupfer,0.2,0.002405,mm,Laborbuch_Papier,0.01,0.002405,mm,3.035,0.000289,m,373,50,Hz,,Ref,2229.9699960154257,14.216245674351974,8.35294907888943,2224.2198731994317,2241.980673195405,17.76079999597323
1718,Kupfer,0.2,0.002405,mm,Laborbuch_Papier,0.01,0.002405,mm,3.035,0.000289,m,373,50,Hz,,Ref,2252.8334465740477,7.1060177275596725,6.57584591022005,2250.1218315290675,2255.452862714973,5.331031185905431
1719,Kupfer,0.2,0.002405,mm,Laborbuch_Papier,0.01,0.002405,mm,3.035,0.000289,m,373,50,Hz,,Ref,2275.5285068431026,3.3429040696788364,3.207560933635629,2273.0257106763534,2277.534480515335,4.508769838981607
1720,Kupfer,0.2,0.002405,mm,Laborbuch_Papier,0.01,0.002405,mm,3.035,0.000289,m,373,50,Hz,,Ref,2299.04482559324,19.652668773903127,10.333344535940975,2292.110927271442,2306.6741539368813,14.563226665439288
1721,Kupfer,0.2,0.002405,mm,Laborbuch_Papier,0.01,0.002405,mm,3.035,0.000289,m,373,50,Hz,,Ref,2338.1561281348972,6.388789602138082,5.979003231944881,2335.341814744707,2341.0639115209724,5.722096776265516
1722,Kupfer,0.2,0.002405,mm,Laborbuch_Papier,0.01,0.002405,mm,3.035,0.000289,m,373,50,Hz,,Ref,2351.4822813001815,17.54722813531882,10.742764316991131,2348.335646591954,2355.8293868343794,7.493740242425247
1723,Kupfer,0.2,0.002405,mm,Laborbuch_Papier,0.01,0.002405,mm,3.035,0.000289,m,373,50,Hz,,Ref,2371.6186179942847,6.439162392617881,6.155370484108506,2368.262777295265,2378.07919402238,9.816416727114756
1724,Kupfer,0.2,0.002405,mm,Laborbuch_Papier,0.01,0.002405,mm,3.035,0.000289,m,373,50,Hz,,Ref,2404.4957793412373,4.88363913210597,4.747694267307022,2402.322519501775,2406.9210507873554,4.5985312855805205
1725,Kupfer,0.2,0.002405,mm,Laborbuch_Papier,0.01,0.002405,mm,3.035,0.000289,m,373,50,Hz,,Ref,2423.7613979264133,5.082432156763536,4.13485280418095,2399.2094001119963,2427.3733363484107,28.16393623641443
1726,Kupfer,0.2,0.002405,mm,Laborbuch_Papier,0.01,0.002405,mm,3.035,0.000289,m,373,50,Hz,,Ref,2449.1488583733494,4.5309497101162926,3.803477978839169,2435.681553341293,2455.9623840278973,20.28083068660453
1727,Kupfer,0.2,0.002405,mm,Laborbuch_Papier,0.01,0.002405,mm,3.035,0.000289,m,373,50,Hz,,Ref,2507.092800482849,6.264585625570628,4.0835137415199405,2491.3505024613105,2513.0229824378366,21.67247997652612
1728,Kupfer,0.2,0.002405,mm,Laborbuch_Papier,0.01,0.002405,mm,3.035,0.000289,m,373,50,Hz,,Ref,2532.71957245666,2.947628701056687,2.8109009385496555,2530.8686080174098,2534.786457045382,3.917849027972352
1729,Kupfer,0.2,0.002405,mm,Laborbuch_Papier,0.01,0.002405,mm,3.035,0.000289,m,373,50,Hz,,Ref,2543.0219503843005,3.1206430887689,2.8669117156690866,2539.8633194125587,2546.18450950034,6.3211900877813605
1730,Kupfer,0.2,0.002405,mm,Laborbuch_Papier,0.01,0.002405,mm,3.035,0.000289,m,373,50,Hz,,Ref,2575.270991955109,9.496261532417794,5.6701915975989134,2567.0397117668144,2579.773705240544,12.733993473729697
1731,Kupfer,0.2,0.002405,mm,Laborbuch_Papier,0.01,0.002405,mm,3.035,0.000289,m,373,50,Hz,,Ref,2598.303290999362,3.9737154179467318,3.5861460407149495,2595.305671051385,2600.8139597412396,5.508288689854453
1732,Kupfer,0.2,0.002405,mm,Laborbuch_Papier,0.01,0.002405,mm,3.035,0.000289,m,373,50,Hz,,Ref,2622.3083258999513,4.284156130204646,3.5133869086058525,2611.2727504836166,2626.3576201362225,15.084869652605903
1733,Kupfer,0.2,0.002405,mm,Laborbuch_Papier,0.01,0.002405,mm,3.035,0.000289,m,373,50,Hz,,Ref,2652.948267577877,17.75466607721351,9.58708574644267,2649.2962838938724,2656.68706405031,7.3907801564373585
1734,Kupfer,0.2,0.002405,mm,Laborbuch_Papier,0.01,0.002405,mm,3.035,0.000289,m,373,50,Hz,,Ref,2710.139497404238,2.992443260747929,2.0976526670967015,2698.838142969521,2714.355751022215,15.517608052693959
1735,Kupfer,0.2,0.002405,mm,Laborbuch_Papier,0.01,0.002405,mm,3.035,0.000289,m,373,50,Hz,,Ref,2731.769942515467,2.441683360383078,2.255177803378028,2729.290379996302,2734.5884485798515,5.298068583549593
1736,Kupfer,0.2,0.002405,mm,Laborbuch_Papier,0.01,0.002405,mm,3.035,0.000289,m,373,50,Hz,,Ref,2749.0313983077663,4.3768206355291674,2.7056531275715376,2742.5865000830536,2761.020972577099,18.43447249404562
1737,Kupfer,0.2,0.002405,mm,Laborbuch_Papier,0.01,0.002405,mm,3.035,0.000289,m,373,50,Hz,,Ref,2806.587146601844,13.563187154278916,7.876966193539578,2798.897815440221,2838.2224021937723,39.3245867535511
1738,Kupfer,0.2,0.002405,mm,Laborbuch_Papier,0.01,0.002405,mm,3.035,0.000289,m,373,50,Hz,,Ref,2822.235563733277,12.830970303811872,11.138849146111685,2819.294176185438,2824.8647839063788,5.570607720940643
1739,Kupfer,0.2,0.002405,mm,Laborbuch_Papier,0.01,0.002405,mm,3.035,0.000289,m,373,50,Hz,,Ref,2832.407472416293,10.082346541695882,9.71453045746727,2830.707796569564,2833.7810325312203,3.073235961656337
1740,Kupfer,0.2,0.002405,mm,Laborbuch_Papier,0.01,0.002405,mm,3.035,0.000289,m,373,50,Hz,,Ref,2861.73388170174,9.483447068044688,8.297047834762015,2859.3673943531358,2865.2156230019937,5.848228648857912
1741,Kupfer,0.2,0.002405,mm,Laborbuch_Papier,0.01,0.002405,mm,3.035,0.000289,m,373,50,Hz,,Ref,2879.982771708112,13.848055174069383,9.641034649215475,2874.7127149201688,2883.753012042508,9.040297122339325
1742,Kupfer,0.2,0.002405,mm,Laborbuch_Papier,0.01,0.002405,mm,3.035,0.000289,m,373,50,Hz,,Ref,2900.2110744832835,27.060233072006508,13.76321542155813,2895.2716158781363,2907.2165440688022,11.944928190665905
1743,Kupfer,0.2,0.002405,mm,Laborbuch_Papier,0.01,0.002405,mm,3.035,0.000289,m,373,50,Hz,,Ref,2954.626938835484,14.801549823865587,8.41168205848577,2948.2445157735897,2966.32590801926,18.081392245670486
1744,Kupfer,0.2,0.002405,mm,Laborbuch_Papier,0.01,0.002405,mm,3.035,0.000289,m,373,50,Hz,,Ref,2996.4162239828224,4.563927063132762,4.2622107654295265,2984.3803883530836,3000.442794569989,16.0624062169054
1745,Kupfer,0.2,0.002405,mm,Laborbuch_Papier,0.01,0.002405,mm,3.035,0.000289,m,373,50,Hz,,Ref,3015.291909406333,5.875100121792087,4.907504629685704,3011.396043158737,3018.8210835486966,7.425040389959577
1746,Kupfer,0.2,0.002405,mm,Laborbuch_Papier,0.01,0.002405,mm,3.035,0.000289,m,373,50,Hz,,Ref,3046.9104722708803,8.665502154648374,6.239347642096065,3034.578400370672,3054.9990254585787,20.4206250879065
1747,Kupfer,0.2,0.002405,mm,Laborbuch_Papier,0.01,0.002405,mm,3.035,0.000289,m,373,50,Hz,,Ref,3074.33838342196,4.803242620548945,4.629136964947742,3072.268911133027,3076.953823181548,4.684912048521255
1748,Kupfer,0.2,0.002405,mm,Laborbuch_Papier,0.01,0.002405,mm,3.035,0.000289,m,373,50,Hz,,Ref,3095.169478853848,11.752586173049751,7.771203464739958,3086.499478732746,3099.734253828489,13.234775095742862
1749,Kupfer,0.2,0.002405,mm,Laborbuch_Papier,0.01,0.002405,mm,3.035,0.000289,m,373,50,Hz,,Ref,3136.133606811895,6.22939048775975,5.882959250753677,3132.7927411597,3139.840461669822,7.047720510121962
1750,Kupfer,0.2,0.002405,mm,Laborbuch_Papier,0.01,0.002405,mm,3.035,0.000289,m,373,50,Hz,,Ref,3155.9622916007493,9.093549488525678,5.713176082902715,3147.945562693285,3167.7636060750974,19.81804338181246
1751,Kupfer,0.2,0.002405,mm,Laborbuch_Papier,0.01,0.002405,mm,3.035,0.000289,m,373,50,Hz,,Ref,3258.1804511833034,1.9557520846486378,1.7647214614928344,3253.3698244592842,3264.6308104735854,11.260986014301125
1752,Kupfer,0.2,0.002405,mm,Laborbuch_Papier,0.01,0.002405,mm,3.035,0.000289,m,373,50,Hz,,Ref,3312.3337732917594,2.3230768346804727,1.891636477105712,3306.374338381467,3322.034381547735,15.66004316626777
1753,Kupfer,0.2,0.002405,mm,Laborbuch_Papier,0.01,0.002405,mm,3.035,0.000289,m,373,50,Hz,,Ref,3348.0331988302346,2.0416693628377725,1.8149042312823158,3340.646706610249,3352.8031812712566,12.15647466100745
1754,Kupfer,0.2,0.002405,mm,Laborbuch_Papier,0.01,0.002405,mm,3.035,0.000289,m,373,50,Hz,,Ref,3376.5863178730083,2.905600419371848,2.135938713186529,3368.9812683562427,3388.9778954246226,19.996627068379894
1755,Kupfer,0.2,0.002405,mm,Laborbuch_Papier,0.01,0.002405,mm,3.035,0.000289,m,373,50,Hz,,Ref,3413.437910529604,2.1506170405559812,1.8098138089935878,3407.965284167399,3435.7601472450206,27.794863077621358
1756,Kupfer,0.2,0.002405,mm,Laborbuch_Papier,0.01,0.002405,mm,3.035,0.000289,m,373,50,Hz,,Ref,3457.882404188993,1.819104917540546,1.7165849404010085,3454.5044960365904,3462.7289451702054,8.224449133615053
1757,Kupfer,0.2,0.002405,mm,Laborbuch_Papier,0.01,0.002405,mm,3.035,0.000289,m,373,50,Hz,,Ref,3519.3339574972224,2.794835029312162,2.2239520232331995,3512.339802876413,3528.717374401184,16.3775715247707
1758,Kupfer,0.2,0.002405,mm,Laborbuch_Papier,0.01,0.002405,mm,3.035,0.000289,m,373,50,Hz,,Ref,3569.3162815653836,3.409163924582245,2.6087944977369126,3558.1541896954973,3577.9242097465235,19.770020051026222
1759,Kupfer,0.2,0.002405,mm,Laborbuch_Papier,0.01,0.002405,mm,3.035,0.000289,m,373,50,Hz,,Ref,3607.43835702434,2.2585297209347495,2.152781318650018,3602.6942398060205,3611.3270802659713,8.632840459950785
1760,Kupfer,0.2,0.002405,mm,Laborbuch_Papier,0.01,0.002405,mm,3.035,0.000289,m,373,50,Hz,,Ref,3684.171115409273,6.600473133365091,5.755986368970879,3665.802342976642,3689.363212872492,23.56086989584992
1761,Kupfer,0.2,0.002405,mm,Laborbuch_Papier,0.01,0.002405,mm,3.035,0.000289,m,373,50,Hz,,Ref,3712.004121122777,8.897241246681563,6.757483616210486,3703.7576233932673,3720.1544618604844,16.396838467217094
1762,Kupfer,0.2,0.002405,mm,Laborbuch_Papier,0.01,0.002405,mm,3.035,0.000289,m,373,50,Hz,,Ref,3773.9617009880885,12.002602577449732,6.556098924587251,3762.564989014187,3784.9414279885705,22.37643897438329
1763,Kupfer,0.2,0.002405,mm,Laborbuch_Papier,0.01,0.002405,mm,3.035,0.000289,m,373,50,Hz,,Ref,3838.8436748597646,5.568750725662699,4.528459939708779,3832.246611935832,3848.3385246391035,16.091912703271646
1764,Kupfer,0.2,0.002405,mm,Laborbuch_Papier,0.01,0.002405,mm,3.035,0.000289,m,373,50,Hz,,Ref,3907.4563555132618,4.316458539047861,3.474018049697155,3891.8359802208856,3916.7591878223884,24.92320760150278
1765,Kupfer,0.2,0.002405,mm,Laborbuch_Papier,0.01,0.002405,mm,3.035,0.000289,m,373,50,Hz,,Ref,3974.4651429656856,2.332913878986493,2.149493949195689,3968.4136970536883,3979.4997505516276,11.086053497939247
1766,Kupfer,0.2,0.002405,mm,Laborbuch_Papier,0.01,0.002405,mm,3.035,0.000289,m,373,50,Hz,,Ref,4075.1863826098884,1.3763023610913183,1.1518635991369057,4065.3977620558794,4091.1018617122245,25.70409965634508
1767,Kupfer,0.2,0.002405,mm,Laborbuch_Papier,0.01,0.002405,mm,3.035,0.000289,m,373,50,Hz,,Ref,4130.344464813184,1.836577743136267,1.5969027492291468,4122.611883452448,4153.917033899347,31.30515044689946
1768,Kupfer,0.2,0.002405,mm,Laborbuch_Papier,0.01,0.002405,mm,3.035,0.000289,m,373,50,Hz,,Ref,4188.327563230958,1.812069775176251,1.694407266405904,4183.463363670873,4197.523753657368,14.060389986494556
1769,Kupfer,0.2,0.002405,mm,Laborbuch_Papier,0.01,0.002405,mm,3.035,0.000289,m,373,50,Hz,,Ref,4240.494884545367,1.8231646182670809,1.671256530187288,4214.533210481686,4245.997183280409,31.463972798723262
1770,Kupfer,0.2,0.002405,mm,Laborbuch_Papier,0.01,0.002405,mm,3.035,0.000289,m,373,50,Hz,,Ref,4286.643098647453,1.8327684455378699,1.6256971668343931,4257.236158073706,4294.02238738272,36.786229309013834
1771,Kupfer,0.2,0.002405,mm,Laborbuch_Papier,0.01,0.002405,mm,3.035,0.000289,m,373,50,Hz,,Ref,4337.497363727918,2.403367216272079,2.0207373479912007,4319.5927111906385,4346.218278991057,26.62556780041814
1772,Kupfer,0.2,0.002405,mm,Laborbuch_Papier,0.01,0.002405,mm,3.035,0.000289,m,373,50,Hz,,Ref,4397.034808409086,2.440746127009924,2.1052742558715916,4376.138832224286,4418.353571228576,42.214739004290095
1773,Kupfer,0.2,0.002405,mm,Laborbuch_Papier,0.01,0.002405,mm,3.035,0.000289,m,373,50,Hz,,Ref,4486.072564491323,2.742655989200721,2.296489846634728,4471.338101080435,4506.504968028711,35.16686694827604
1774,Kupfer,0.2,0.002405,mm,Laborbuch_Papier,0.01,0.002405,mm,3.035,0.000289,m,373,50,Hz,,Ref,4546.144755240188,2.877770132879565,2.3006695481994175,4534.579256990924,4569.276410907917,34.69715391699356
1775,Kupfer,0.2,0.002405,mm,Laborbuch_Papier,0.01,0.002405,mm,3.035,0.000289,m,373,50,Hz,,Ref,4638.93369881158,2.258027705511963,2.0647670940913256,4616.8703844329075,4645.11385579837,28.243471365462938
1776,Kupfer,0.2,0.002405,mm,Laborbuch_Papier,0.01,0.002405,mm,3.035,0.000289,m,373,50,Hz,,Ref,4689.562374916987,2.2315993178338784,2.0539672034020473,4679.954433031888,4699.045390570022,19.090957538134717
1777,Kupfer,0.2,0.002405,mm,Laborbuch_Papier,0.01,0.002405,mm,3.035,0.000289,m,373,50,Hz,,Ref,4749.105617485272,2.929673097203835,1.5908641941777986,4311.223810762944,4793.497764842014,482.2739540790699
1778,Kupfer,0.2,0.002405,mm,Laborbuch_Papier,0.01,0.002405,mm,3.035,0.000289,m,373,50,Hz,,Ref,4888.926799628067,0.49158594658035004,0.3888174470899288,4883.47442913825,4896.909499896296,13.435070758046095
1779,Kupfer,0.2,0.002405,mm,Laborbuch_Papier,0.01,0.002405,mm,3.035,0.000289,m,373,50,Hz,,Ref,5084.485088319957,1.834637914153349,1.6976074779415087,5062.931973290442,5093.237830891109,30.305857600666968
1780,Kupfer,0.2,0.002405,mm,Laborbuch_Papier,0.01,0.002405,mm,3.035,0.000289,m,373,50,Hz,,Ref,5144.962864483305,1.8637416232397708,1.730600804163358,5137.880434469303,5153.165334647281,15.28490017797867
1781,Kupfer,0.2,0.002405,mm,Laborbuch_Papier,0.01,0.002405,mm,3.035,0.000289,m,373,50,Hz,,Ref,5213.878198806302,1.8119888204180976,1.7062252686385115,5199.333419074792,5226.552782067795,27.219362993003415
1782,Kupfer,0.2,0.002405,mm,Laborbuch_Papier,0.01,0.002405,mm,3.035,0.000289,m,373,50,Hz,,Ref,5256.604083124927,2.128501817606438,1.7811571413594616,5246.0564309275205,5276.240174872652,30.183743945131027
1783,Kupfer,0.2,0.002405,mm,Laborbuch_Papier,0.01,0.002405,mm,3.035,0.000289,m,373,50,Hz,,Ref,5319.149608294092,2.3034602272783684,1.3573066283600215,5002.937165424784,5346.48189483163,343.54472940684536
1784,Kupfer,0.2,0.002405,mm,Laborbuch_Papier,0.01,0.002405,mm,3.035,0.000289,m,373,50,Hz,,Ref,5386.479435718423,1.6749703149820747,1.5024827307229336,5373.313645385714,5401.63088126993,28.317235884215734
1785,Kupfer,0.2,0.002405,mm,Laborbuch_Papier,0.01,0.002405,mm,3.035,0.000289,m,373,50,Hz,,Ref,5455.522125869144,2.1058339549940994,1.5539713494496645,5446.5030580314315,5463.168543088226,16.66548505679475
1786,Kupfer,0.2,0.002405,mm,Laborbuch_Papier,0.01,0.002405,mm,3.035,0.000289,m,373,50,Hz,,Ref,5503.086072614513,1.1563236379617199,0.9408154513271463,5494.791748704229,5514.978050811402,20.186302107173105
1787,Kupfer,0.2,0.002405,mm,Laborbuch_Papier,0.01,0.002405,mm,3.035,0.000289,m,373,50,Hz,,Ref,5656.937136124486,2.9197410010870595,2.2469952409631855,5608.151328088549,5705.422824455916,97.27149636736704
1788,Kupfer,0.2,0.002405,mm,Laborbuch_Papier,0.01,0.002405,mm,3.035,0.000289,m,373,50,Hz,,Ref,5697.218117155971,2.634371881855745,2.5221193775667214,5690.689123395549,5701.384808427137,10.695685031587345
1789,Kupfer,0.2,0.002405,mm,Laborbuch_Papier,0.01,0.002405,mm,3.035,0.000289,m,373,50,Hz,,Ref,5776.175014668134,2.1433874132208195,2.009187560233885,5769.311338633377,5783.647696758886,14.336358125508923
1790,Kupfer,0.2,0.002405,mm,Laborbuch_Papier,0.01,0.002405,mm,3.035,0.000289,m,373,50,Hz,,Ref,5926.40793506514,5.723985949067825,4.943763036471578,5904.852012688683,5941.02036652702,36.16835383833677
1791,Kupfer,0.2,0.002405,mm,Laborbuch_Papier,0.01,0.002405,mm,3.035,0.000289,m,373,50,Hz,,Ref,5983.278154897905,5.0667191442591095,4.889140887198824,5977.341258671607,5989.681875915224,12.34061724361709
1792,Kupfer,0.2,0.002405,mm,Laborbuch_Papier,0.01,0.002405,mm,3.035,0.000289,m,373,50,Hz,,Ref,6016.198688346235,5.291269618734637,4.7452479506918674,5999.5080727356335,6029.686691090588,30.17861835495478
1793,Kupfer,0.2,0.002405,mm,Laborbuch_Papier,0.01,0.002405,mm,3.035,0.000289,m,373,50,Hz,,Ref,6072.2246691096225,5.8075185024576506,3.0507508893968205,5822.8365244316155,6269.307452484396,446.47092805278044
1794,Kupfer,0.2,0.002405,mm,Laborbuch_Papier,0.01,0.002405,mm,3.035,0.000289,m,373,50,Hz,,Ref,6136.205380187767,4.98594812906592,4.566319867868051,6126.579614101895,6144.38025722093,17.800643119035158
1795,Kupfer,0.2,0.002405,mm,Laborbuch_Papier,0.01,0.002405,mm,3.035,0.000289,m,373,50,Hz,,Ref,6186.584627956765,3.904791407734718,3.679142863552795,6178.258507188574,6194.5644244346095,16.30591724603528
1796,Kupfer,0.2,0.002405,mm,Laborbuch_Papier,0.01,0.002405,mm,3.035,0.000289,m,373,50,Hz,,Ref,6320.074211697846,3.2727342272678146,2.866814337600144,6305.815311881711,6331.636101989692,25.82079010798134
1797,Kupfer,0.2,0.002405,mm,Laborbuch_Papier,0.01,0.002405,mm,3.035,0.000289,m,373,50,Hz,,Ref,6421.287540858065,2.819714074004148,2.644675750602946,6402.438320689567,6430.831929053356,28.3936083637891
1798,Kupfer,0.2,0.002405,mm,Laborbuch_Papier,0.01,0.002405,mm,3.035,0.000289,m,373,50,Hz,,Ref,6500.842031403287,3.5400683232888426,2.9641158371467538,6481.7842256127005,6537.641552027166,55.857326414465206
1799,Kupfer,0.2,0.002405,mm,Laborbuch_Papier,0.01,0.002405,mm,3.035,0.000289,m,373,50,Hz,,Ref,6616.422279915877,3.2277497763041523,3.0390293049178436,6607.492244115902,6623.554608330105,16.062364214202717
1800,Kupfer,0.2,0.002405,mm,Laborbuch_Papier,0.01,0.002405,mm,3.035,0.000289,m,373,50,Hz,,Ref,6654.157708218403,2.8196505483600833,2.647303900775247,6645.534724744721,6664.150796227676,18.616071482955704
1801,Kupfer,0.2,0.002405,mm,Laborbuch_Papier,0.01,0.002405,mm,3.035,0.000289,m,373,50,Hz,,Ref,6863.152642560253,1.9762112271688024,1.836522812784775,6856.949506693548,6871.899345131745,14.94983843819682
1802,Kupfer,0.2,0.002405,mm,Laborbuch_Papier,0.01,0.002405,mm,3.035,0.000289,m,373,50,Hz,,Ref,6915.507637078913,2.8651720648298213,2.3562861755506237,6891.573798453986,6963.5981686326195,72.02437017863394
1803,Kupfer,0.2,0.002405,mm,Laborbuch_Papier,0.01,0.002405,mm,3.035,0.000289,m,373,50,Hz,,Ref,7066.438178514712,3.9183227353787924,3.6097095513237236,7059.1820516832095,7075.498407534245,16.31635585103595
1804,Kupfer,0.2,0.002405,mm,Laborbuch_Papier,0.01,0.002405,mm,3.035,0.000289,m,373,50,Hz,,Ref,7110.815835736443,5.333708279832811,3.0770629093186046,7052.801738195381,7144.549908797175,91.74817060179339
1805,Kupfer,0.2,0.002405,mm,Laborbuch_Papier,0.01,0.002405,mm,3.035,0.000289,m,373,50,Hz,,Ref,7173.749907444149,3.7010965052828784,3.2541349703790514,7164.315758586261,7182.008069184072,17.69231059781123
1806,Kupfer,0.2,0.002405,mm,Laborbuch_Papier,0.01,0.002405,mm,3.035,0.000289,m,373,50,Hz,,Ref,7466.905092543962,3.3365363384543376,2.150940260219593,7423.360831998125,7525.081785172946,101.72095317482126
1807,Kupfer,0.2,0.002405,mm,Laborbuch_Papier,0.01,0.002405,mm,3.035,0.000289,m,373,50,Hz,,Ref,7672.204327355565,5.882163094596099,5.1821912794810325,7662.940219869397,7683.844562159038,20.904342289641136
1808,Kupfer,0.2,0.002405,mm,Laborbuch_Papier,0.01,0.002405,mm,3.035,0.000289,m,373,50,Hz,,Ref,7757.907620672397,5.674418095295358,5.135395925938624,7731.266562535089,7768.302770708915,37.0362081738258
1809,Kupfer,0.2,0.002405,mm,Laborbuch_Papier,0.01,0.002405,mm,3.035,0.000289,m,373,50,Hz,,Ref,7891.069071032309,15.474097107941285,13.11296851014438,7879.084594942585,7923.198167330877,44.113572388292596
1810,Kupfer,0.2,0.002405,mm,Laborbuch_Papier,0.01,0.002405,mm,3.035,0.000289,m,373,50,Hz,,Ref,7916.432913024639,13.953543251170332,13.797465384159867,7912.687083651979,7919.144415591314,6.457331939334836
1811,Kupfer,0.2,0.002405,mm,Laborbuch_Papier,0.01,0.002405,mm,3.035,0.000289,m,373,50,Hz,,Ref,7974.981373406862,22.362887723363915,18.773166159283996,7962.869456412441,7988.371868276903,25.502411864462374
1812,Kupfer,0.2,0.002405,mm,Laborbuch_Papier,0.01,0.002405,mm,3.035,0.000289,m,373,50,Hz,,Ref,8062.484541935494,26.336681709551275,21.085215847203973,8041.1070033883,8076.021960124153,34.91495673585359
1813,Kupfer,0.2,0.002405,mm,Laborbuch_Papier,0.01,0.002405,mm,3.035,0.000289,m,373,50,Hz,,Ref,8141.794820817716,50.082535462308236,25.18365269805449,8127.240204968175,8156.093047327999,28.852842359823626
1814,Kupfer,0.2,0.002405,mm,Laborbuch_Papier,0.01,0.002405,mm,3.035,0.000289,m,373,50,Hz,,Ref,8191.664879428125,22.57822073795487,19.895178182243917,8181.836493114022,8202.925305638984,21.088812524962123
1815,Kupfer,0.2,0.002405,mm,Laborbuch_Papier,0.01,0.002405,mm,3.035,0.000289,m,373,50,Hz,,Ref,8261.36712584225,13.593376950065768,10.69291346671049,8253.138043471316,8271.036439499772,17.898396028456773
1816,Kupfer,0.2,0.002405,mm,Laborbuch_Papier,0.01,0.002405,mm,3.035,0.000289,m,373,50,Hz,,Ref,8411.613671706915,4.941001525225391,4.731711829001917,8405.595660781008,8420.551564541809,14.955903760801448
1817,Kupfer,0.2,0.002405,mm,Laborbuch_Papier,0.01,0.002405,mm,3.035,0.000289,m,373,50,Hz,,Ref,8452.982323894565,5.342414590521219,5.190469122338829,8444.724842995443,8461.085093442918,16.360250447474755
1818,Kupfer,0.2,0.002405,mm,Laborbuch_Papier,0.01,0.002405,mm,3.035,0.000289,m,373,50,Hz,,Ref,8498.870026369326,5.368880506566463,4.800224627895663,8437.481814984694,8511.960988061941,74.47917307724674
1819,Kupfer,0.2,0.002405,mm,Laborbuch_Papier,0.01,0.002405,mm,3.035,0.000289,m,373,50,Hz,,Ref,8586.20552240617,5.526221602394567,5.164474872867874,8566.04284586457,8598.934685352358,32.891839487789184
1820,Kupfer,0.2,0.002405,mm,Laborbuch_Papier,0.01,0.002405,mm,3.035,0.000289,m,373,50,Hz,,Ref,8642.05587928454,6.546460314821904,4.825957578119637,8612.113502242752,8659.897976496153,47.78447425340164
1821,Kupfer,0.2,0.002405,mm,Laborbuch_Papier,0.01,0.002405,mm,3.035,0.000289,m,373,50,Hz,,Ref,8707.310979395304,4.899802293699269,4.433471630294277,8699.374086790562,8717.502237051696,18.12815026113458
1822,Kupfer,0.2,0.002405,mm,Laborbuch_Papier,0.01,0.002405,mm,3.035,0.000289,m,373,50,Hz,,Ref,8779.677730741334,12.654846413123785,6.865766404622954,8757.240936137468,8838.826942537109,81.58600639964061
1823,Kupfer,0.2,0.002405,mm,Laborbuch_Papier,0.01,0.002405,mm,3.035,0.000289,m,373,50,Hz,,Ref,8819.665919907657,12.373806735596549,11.55346765352106,8810.745110414666,8825.301193977104,14.556083562438289
1824,Kupfer,0.2,0.002405,mm,Laborbuch_Papier,0.01,0.002405,mm,3.035,0.000289,m,373,50,Hz,,Ref,8896.28628465305,5.594702541464125,5.03543224251184,8882.84350487336,8906.904355061091,24.060850187730466
1825,Kupfer,0.2,0.002405,mm,Laborbuch_Papier,0.01,0.002405,mm,3.035,0.000289,m,373,50,Hz,,Ref,8975.22982005638,11.350812530134437,7.6035267144242455,8962.322953047751,8991.303052654152,28.980099606400472
1826,Kupfer,0.2,0.002405,mm,Laborbuch_Papier,0.01,0.002405,mm,3.035,0.000289,m,373,50,Hz,,Ref,9031.108287973275,10.223497658276624,8.484333123104705,9017.28829797738,9040.60007385232,23.311775874939485
1827,Kupfer,0.2,0.002405,mm,Laborbuch_Papier,0.01,0.002405,mm,3.035,0.000289,m,373,50,Hz,,Ref,9099.581179902105,4.108687772934908,3.5231185468653248,9089.223036280777,9109.845967658232,20.622931377454734
1828,Kupfer,0.2,0.002405,mm,Laborbuch_Papier,0.01,0.002405,mm,3.035,0.000289,m,373,50,Hz,,Ref,9182.236419819172,8.18667947165337,7.826329926736131,9178.315438088075,9188.492261491921,10.176823403846356
1829,Kupfer,0.2,0.002405,mm,Laborbuch_Papier,0.01,0.002405,mm,3.035,0.000289,m,373,50,Hz,,Ref,9211.076956593803,9.059856714328587,7.515243196864417,9197.937104357774,9221.85783472937,23.92073037159571
1830,Kupfer,0.2,0.002405,mm,Laborbuch_Papier,0.01,0.002405,mm,3.035,0.000289,m,373,50,Hz,,Ref,9315.153162830198,16.140066701853232,15.077971852980525,9305.910220043974,9321.786505385586,15.876285341611947
1831,Kupfer,0.2,0.002405,mm,Laborbuch_Papier,0.01,0.002405,mm,3.035,0.000289,m,373,50,Hz,,Ref,9355.420110318233,22.576956155031954,11.762312902528032,9298.000108619735,9375.384321067228,77.38421244749225
1832,Kupfer,0.2,0.002405,mm,Laborbuch_Papier,0.01,0.002405,mm,3.035,0.000289,m,373,50,Hz,,Ref,9526.590141574,20.698701719036844,13.424543569402612,9510.438236310776,9541.961694924956,31.523458614179617
1833,Kupfer,0.2,0.002405,mm,Laborbuch_Papier,0.01,0.002405,mm,3.035,0.000289,m,373,50,Hz,,Ref,9916.580916750487,5.8342729499639665,3.711923667472755,9853.820749214397,9995.03586607501,141.2151168606124
1834,Kupfer,0.2,0.002405,mm,Laborbuch_Papier,0.01,0.002405,mm,3.035,0.000289,m,373,50,Hz,,Ref,10129.111441454452,4.481793990749253,3.8677498459850277,10057.147401938462,10159.088605086781,101.94120314831889
1835,Kupfer,0.2,0.002405,mm,Laborbuch_Papier,0.01,0.002405,mm,3.035,0.000289,m,373,50,Hz,,Ref,10323.172304953934,3.3104647741503954,3.1477810877046104,10263.16879114849,10341.460528749158,78.29173760066806
1836,Kupfer,0.2,0.002405,mm,Laborbuch_Papier,0.01,0.002405,mm,3.035,0.000289,m,373,50,Hz,,Ref,10794.549709634346,2.9778112388912104,2.3402672676009795,10703.96890041833,10918.239954942297,214.2710545239679
1837,Kupfer,0.2,0.002405,mm,Laborbuch_Papier,0.01,0.002405,mm,3.035,0.000289,m,373,50,Hz,,Ref,11155.49965499989,2.7152716908307513,2.55712633069059,11143.658784521054,11167.353107182515,23.69432266146032
1838,Kupfer,0.2,0.002405,mm,Laborbuch_Papier,0.01,0.002405,mm,3.035,0.000289,m,373,50,Hz,,Ref,11225.772836857775,3.8854722344807633,3.279856145088569,11209.845232930222,11241.420281895496,31.57504896527462
1839,Kupfer,0.2,0.002405,mm,Laborbuch_Papier,0.01,0.002405,mm,3.035,0.000289,m,373,50,Hz,,Ref,11285.149509040244,3.323132134143279,3.0141693388426143,11272.260137438201,11300.662301030088,28.402163591887074
1840,Kupfer,0.2,0.002405,mm,Laborbuch_Papier,0.01,0.002405,mm,3.035,0.000289,m,373,50,Hz,,Ref,11356.020927420564,3.3917780685840153,3.1278612064066924,11344.70928490495,11370.14352966571,25.43424476075961
1841,Kupfer,0.2,0.002405,mm,Laborbuch_Papier,0.01,0.002405,mm,3.035,0.000289,m,373,50,Hz,,Ref,11425.402885417052,7.275324708899385,7.136472344198436,11422.1061337542,11430.283824221817,8.17769046761714
1842,Kupfer,0.2,0.002405,mm,Laborbuch_Papier,0.01,0.002405,mm,3.035,0.000289,m,373,50,Hz,,Ref,11493.218495658526,22.984910119215648,19.37499022835091,11481.107511999771,11505.69642518514,24.588913185369165
1843,Kupfer,0.2,0.002405,mm,Laborbuch_Papier,0.01,0.002405,mm,3.035,0.000289,m,373,50,Hz,,Ref,11574.701196826567,42.32020960952247,21.400422291130162,11541.657087443753,11601.097453584747,59.44036614099423
1844,Kupfer,0.2,0.002405,mm,Laborbuch_Papier,0.01,0.002405,mm,3.035,0.000289,m,373,50,Hz,,Ref,11658.196973169883,21.87951359438983,18.715506356736686,11643.85099612758,11671.617468370086,27.766472242507007
1845,Kupfer,0.2,0.002405,mm,Laborbuch_Papier,0.01,0.002405,mm,3.035,0.000289,m,373,50,Hz,,Ref,11695.174271031225,17.01626390037059,16.775680551051884,11690.989920544094,11698.999987306303,8.010066762208226
1846,Kupfer,0.2,0.002405,mm,Laborbuch_Papier,0.01,0.002405,mm,3.035,0.000289,m,373,50,Hz,,Ref,11783.392410900673,3.9827111783307565,3.8478493746499023,11772.108029270054,11790.87597131756,18.76794204750695
1847,Kupfer,0.2,0.002405,mm,Laborbuch_Papier,0.01,0.002405,mm,3.035,0.000289,m,373,50,Hz,,Ref,11869.078644968578,4.743408647341878,3.741603486857435,11850.459813359674,11899.488231919117,49.0284185594428
1848,Kupfer,0.2,0.002405,mm,Laborbuch_Papier,0.01,0.002405,mm,3.035,0.000289,m,373,50,Hz,,Ref,12068.4872766918,3.507768245395068,2.7236699812081033,12047.098559199456,12110.726283125585,63.627723926128965
1849,Kupfer,0.2,0.002405,mm,Laborbuch_Papier,0.01,0.002405,mm,3.035,0.000289,m,373,50,Hz,,Ref,12211.754836804188,2.1591706980491883,1.9643984039325668,12196.117592729051,12225.577355712867,29.45976298381538
1850,Kupfer,0.2,0.002405,mm,Laborbuch_Papier,0.01,0.002405,mm,3.035,0.000289,m,373,50,Hz,,Ref,12275.496438108261,2.9748828906210445,2.304186176339458,12259.211502715241,12293.221991860917,34.01048914567582
1851,Kupfer,0.2,0.002405,mm,Laborbuch_Papier,0.01,0.002405,mm,3.035,0.000289,m,373,50,Hz,,Ref,12339.570750950585,2.0075837579155285,1.9034465629689037,12327.137103162324,12357.388826637663,30.25172347533953
1852,Kupfer,0.2,0.002405,mm,Laborbuch_Papier,0.01,0.002405,mm,3.035,0.000289,m,373,50,Hz,,Ref,12422.655373669306,2.3843277142739097,2.087935004704483,12404.074969211031,12440.78490050253,36.709931291497924
1853,Kupfer,0.2,0.002405,mm,Laborbuch_Papier,0.01,0.002405,mm,3.035,0.000289,m,373,50,Hz,,Ref,12677.622168358621,2.6507959973116213,2.3666436540507862,12658.709121867121,12698.566654363274,39.857532496153
1854,Kupfer,0.2,0.002405,mm,Laborbuch_Papier,0.01,0.002405,mm,3.035,0.000289,m,373,50,Hz,,Ref,12817.562107788015,3.1671757172005974,2.5371423700498617,12796.913749927433,12877.52688918429,80.61313925685681
